Dataset,Shape,Train Size,Validation Size,Test Size,Hidden Layers,Nodes per Layer,Hidden Sizes,Activation,Learning Rate,Train Accuracy,Train F1 Score,Val Accuracy,Val F1 Score,Test Accuracy,Test F1 Score,Stability_MaxMagn,Stability_MeanMagn,Stability_SumMagn,Mismatch
flare.csv,1066x10,711,50,305,2,3,"[3, 3]",relu,0.01,0.829817158931083,0.0,0.82,0.0,0.8295081967213115,0.0,492.4791873944801,23.64518377964617,1158.6140052026624,0
flare.csv,1066x10,711,50,305,2,3,"[3, 3]",relu,0.1,0.829817158931083,0.0,0.82,0.0,0.8295081967213115,0.0,137.776901266134,6.467981901726777,316.93111318461206,0
flare.csv,1066x10,711,50,305,2,3,"[3, 3]",sigmoid,0.01,0.829817158931083,0.0,0.82,0.0,0.8295081967213115,0.0,1.809797847496434,0.036934649948906814,1.809797847496434,0
flare.csv,1066x10,711,50,305,2,3,"[3, 3]",sigmoid,0.1,0.829817158931083,0.0,0.82,0.0,0.8295081967213115,0.0,1.832416838381349,0.037396262007782635,1.832416838381349,0
