Dataset,Run,Checkpoint,Training_Type,Method,CMC_Type,Input_Type,Misclassification_Count,S1_Train_loss,S1_Train_acc,S1_Val_loss,S1_Val_acc,S1_Test_loss,S1_Test_acc,S2_Train_loss,S2_Train_acc,S2_Val_loss,S2_Val_acc,S2_Test_loss,S2_Test_acc,S3_Train_loss,S3_Train_acc,S3_Val_loss,S3_Val_acc,S3_Test_loss,S3_Test_acc,Solve_Time
CIFAR10,1,./checkpoints_RWP/CIFAR10_CO/Run1_checkpoint_CMC_Any_1.pth,RWP,CMC,Any,t,1,0.3014682566642761,89.64,0.4128724712848663,85.85,0.4156403730869293,86.07,0.30183231496810914,89.8075,0.40980890114307406,85.95,0.4214938477039337,85.73,0.3230818977832794,88.96,0.4121335367679596,86.3,0.4332907705307007,85.57,1791.916140794754
CIFAR10,2,./checkpoints_RWP/CIFAR10_CO/Run2_checkpoint_CMC_Any_1.pth,RWP,CMC,Any,t,1,0.29269462792873385,90.1175,0.42577074041366575,85.85,0.41720207982063295,86.28,0.2920401691913605,90.12,0.4328626762390137,85.69,0.41836571168899533,86.07,0.2875962718009949,90.365,0.4203122423171997,85.69,0.41037297863960265,85.97,1719.4879467487335
CIFAR10,3,./checkpoints_RWP/CIFAR10_CO/Run3_checkpoint_CMC_Any_1.pth,RWP,CMC,Any,t,1,0.29423235697746275,90.085,0.40383398957252503,86.71,0.414164949965477,86.34,0.29217942826747895,90.045,0.41232025270462036,86.38,0.4035417958259582,86.59,0.32076242995262144,89.0525,0.4384071924209595,85.37,0.43944465436935426,85.51,730.1873512268066
MNIST,2,./checkpoints_RWP/MNIST_CO/Run2_checkpoint_CMC_Any_1.pth,RWP,CMC,Any,t,1,0.025614815713527302,99.26458333333333,0.05125768758977453,98.50833333333334,0.05074693510105135,98.41,0.025486321568799517,99.275,0.05122037672623992,98.51666666666667,0.0505957366812625,98.42,0.015512291443534195,99.53333333333333,0.05365316248157372,98.45833333333333,0.04900975030211266,98.55,225.0533962249756
MNIST,3,./checkpoints_RWP/MNIST_CO/Run3_checkpoint_CMC_Any_1.pth,RWP,CMC,Any,t,1,0.017850467906023064,99.41875,0.05387893231213093,98.30833333333334,0.04227419524083962,98.65,0.017530027580369884,99.43541666666667,0.05349257463216782,98.30833333333334,0.04201212637667195,98.66,0.01281983193087702,99.54791666666667,0.06041309457520644,98.39166666666667,0.05267221756525396,98.58,117.09637022018433
