Test_Length,Threshold,Flip_ID,Mismatch,Max_Abs_magn,Median_magn,Mean_magn,Sum_Abs_magn,Geomean_magn
30,5e-08,0,0,0.009227413114866035,0.0,0.0006138602649953986,0.03499003510473772,0.0006125403907006888
