Run,Phase,TrainingType,Epoch,Train_loss,Train_acc,Val_loss,Val_acc,Test_loss,Test_acc
1,Train,SAM,1,2.7549442791499974,44.87130234344986,1.6172540894295049,67.79400461183705,1.6184662394174072,69.57123098201936
1,Train,SAM,2,1.2583202763569135,74.93276988090665,0.9023661190138516,80.8608762490392,0.8328463332946535,82.98755186721992
1,Train,SAM,3,0.5570081803787705,88.897426046869,0.5269889050864147,88.3935434281322,0.5074694033535244,88.10511756569848
1,Train,SAM,4,0.25800451663739843,95.46676911256243,0.41128523635186204,90.39200614911607,0.41998587450490893,88.98109727985246
1,Train,SAM,5,0.13072208136868624,97.90626200537841,0.39026301833503896,91.08378170637971,0.3783709116592667,90.31811894882435
1,Train,SAM,6,0.07760464557749362,98.8666922781406,0.36793117867718284,90.69946195234435,0.33235346040537744,91.70124481327801
1,Train,SAM,7,0.05817287187863347,99.212447176335,0.36729187513204103,91.39123750960799,0.338519633647592,91.37851544490549
1,Train,SAM,8,0.040109369712396085,99.55820207452939,0.3533430800735263,91.16064565718678,0.34647259452805756,91.28630705394191
1,Train,SAM,9,0.0315139950195933,99.63503649635037,0.33265399252516226,91.9292851652575,0.32583327100209897,91.79345320424159
1,Train,SAM,10,0.024080777869336992,99.75028812908182,0.32850137307128935,92.15987701767871,0.3303281785623991,91.51682803135085
1,Train,SAM,11,0.021652544668641374,99.75028812908182,0.33026529099508767,91.9292851652575,0.3211842864724336,91.60903642231443
1,Train,SAM,12,0.01779830448637985,99.90395697272378,0.30996775613391886,92.31360491929286,0.3021857821485204,91.93176579068695
1,Train,SAM,13,0.014868518797555035,99.98079139454475,0.3171859357755153,91.39123750960799,0.33084802511253353,91.70124481327801
1,Train,SAM,14,0.014847136191178136,99.90395697272378,0.3106935638061035,91.69869331283628,0.31936987190270766,91.70124481327801
1,Train,SAM,15,0.01245947161466569,100.0,0.3302087816613784,92.54419677171407,0.30786243349025194,91.93176579068695
1,Train,SAM,16,0.0110991465547722,99.98079139454475,0.3362982583366088,92.00614911606456,0.3244407757354145,91.51682803135085
1,Train,SAM,17,0.012074185503886704,99.94237418363427,0.3287501937146374,92.00614911606456,0.3079335533559954,92.07007837713232
1,Train,SAM,18,0.010960845955207578,99.94237418363427,0.31521601539153854,92.54419677171407,0.31411960421481294,92.02397418165053
1,Train,SAM,19,0.009286992468991163,100.0,0.3288569304516552,92.39046887009992,0.32415531873153397,91.42461964038728
1,Train,SAM,20,0.009576105351982627,100.0,0.34534658224169423,91.9292851652575,0.3281025640450078,91.88566159520516
1,Train,SAM,21,0.009403638314581448,99.98079139454475,0.3323973797141452,92.6979246733282,0.3124157872382481,91.93176579068695
1,Train,SAM,22,0.007900192375163451,99.98079139454475,0.3377255243546316,91.77555726364335,0.31716483576526394,91.93176579068695
1,Train,SAM,23,0.007802770523057302,99.98079139454475,0.3354020944805809,92.31360491929286,0.30374633686066554,92.25449515905947
1,Train,SAM,24,0.008936741262205814,99.92316557817902,0.3120793087019955,92.85165257494235,0.3197898440794661,92.02397418165053
1,Train,SAM,25,0.007097382165571572,100.0,0.3230502140650284,92.46733282090699,0.3158344308961202,92.1622867680959
1,Train,SAM,26,0.006546807992472056,100.0,0.3084054043621031,92.92851652574943,0.3082155874999452,92.5311203319502
1,Train,SAM,27,0.005489984502947312,100.0,0.3239828649962709,92.39046887009992,0.33396157202576643,91.97786998616874
1,Train,SAM,28,0.005854537286310016,100.0,0.33888316324566253,91.69869331283628,0.3286877591772638,92.1622867680959
1,Train,SAM,29,0.00746302148098686,99.98079139454475,0.33186472663734623,92.00614911606456,0.3256837037534085,91.56293222683264
1,Train,SAM,30,0.006764096155779813,99.98079139454475,0.32079037005721744,92.23674096848578,0.329953068979823,92.02397418165053
1,Train,SAM,31,0.005609071761386846,100.0,0.3059581995216541,92.39046887009992,0.30342256662694744,92.62332872291378
1,Train,SAM,32,0.0058431151448720435,100.0,0.3385763099155089,92.08301306687164,0.3145227000295924,92.11618257261411
1,Train,SAM,33,0.005977152850324619,100.0,0.3232624674420646,92.46733282090699,0.3304590983157432,91.47072383586907
1,Train,SAM,34,0.006777595487234691,99.98079139454475,0.298852657998048,93.38970023059186,0.3005048118208811,92.1622867680959
1,Train,SAM,35,0.005383064652553136,100.0,0.3210891254538302,92.62106072252114,0.30741869708039676,92.07007837713232
1,Train,SAM,36,0.0063015945709990395,99.98079139454475,0.3195450127319498,92.77478862413528,0.29368055511202446,92.80774550484094
1,Train,SAM,37,0.00540564667956298,100.0,0.3076777018142791,93.38970023059186,0.31226278166640886,92.30059935454126
1,Train,SAM,38,0.0055757637608487825,99.98079139454475,0.30573170938508315,92.77478862413528,0.32750172984694875,91.19409866297833
1,Train,SAM,39,0.005650649665700603,100.0,0.308391446993614,93.08224442736356,0.2974996977739479,92.1622867680959
1,Train,SAM,40,0.00561190580169276,100.0,0.31935055504662546,93.08224442736356,0.31431264419635907,92.1622867680959
1,Train,SAM,41,0.0062805201238352645,99.96158278908952,0.29229558075990797,93.0053804765565,0.3269876235569606,92.25449515905947
1,Train,SAM,42,0.0067194720338801485,99.96158278908952,0.3270295890281514,92.23674096848578,0.33973839427672975,91.3324112494237
1,Train,SAM,43,0.005590822434829879,100.0,0.31882423121799974,93.08224442736356,0.32648886910928676,92.07007837713232
1,Train,SAM,44,0.0068730578880665675,99.94237418363427,0.33908393198508285,91.85242121445042,0.30163926018059334,92.1622867680959
1,Train,SAM,45,0.006145253498250036,99.98079139454475,0.3305726268233518,92.23674096848578,0.29803775794677,92.07007837713232
1,Train,SAM,46,0.00586176586503083,100.0,0.33179621901692424,92.15987701767871,0.34845026053742445,90.9174734900876
1,Train,SAM,47,0.005901241115082992,100.0,0.32953698444913937,92.31360491929286,0.32812072460334823,91.56293222683264
1,Train,SAM,48,0.006193547123226058,100.0,0.3246148105060752,92.15987701767871,0.32535779451433555,92.1622867680959
1,Train,SAM,49,0.005542052266947879,100.0,0.3708299264873018,91.31437355880092,0.37472168686630103,90.64084831719687
1,Train,SAM,50,0.006388519749193926,100.0,0.349038782644785,92.15987701767871,0.3455210306049218,91.37851544490549
1,Train,SAM,51,0.0064711273980664055,99.98079139454475,0.3576138870365385,91.85242121445042,0.36123006107648875,91.7473490087598
1,Train,SAM,52,0.006036917944695869,100.0,0.36100603089160316,91.54496541122214,0.3518580568463998,91.56293222683264
1,Train,SAM,53,0.005519493657987039,100.0,0.36158412421189484,91.6218293620292,0.35730400910096927,91.60903642231443
1,Train,SAM,54,0.00698533532655358,99.94237418363427,0.35565971581409933,91.9292851652575,0.34320459162422234,91.65514061779622
1,Train,SAM,55,0.0062635197715570955,99.98079139454475,0.34339356169012947,91.46810146041507,0.3654629026637093,91.24020285846012
1,Train,SAM,56,0.006732010715383967,100.0,0.34253958990649935,91.6218293620292,0.34800587170111136,91.88566159520516
1,Train,SAM,57,0.00593618407596954,100.0,0.3498720005784559,91.46810146041507,0.35539868295900334,91.3324112494237
1,Train,SAM,58,0.004946207877625625,100.0,0.3464163156150397,91.31437355880092,0.34009415903993884,91.47072383586907
1,Train,SAM,59,0.0056464857538944925,99.94237418363427,0.34183635327859074,91.23750960799386,0.34344733722504517,91.42461964038728
1,Train,SAM,60,0.005740936986953478,99.96158278908952,0.36379621344561947,91.31437355880092,0.3405898980016585,91.51682803135085
1,Train,SAM,61,0.008354705099896328,99.94237418363427,0.39352766812981593,90.46887009992314,0.3550354140441832,91.3324112494237
1,Train,SAM,62,0.005734841680679859,100.0,0.36862659534521053,91.54496541122214,0.33829741569475513,91.97786998616874
1,Train,SAM,63,0.005119126441494271,100.0,0.3713935596566307,91.69869331283628,0.32632730038361707,92.5311203319502
1,Train,SAM,64,0.004816976020204052,100.0,0.3456368244709096,92.00614911606456,0.33353219698271264,91.88566159520516
1,Train,SAM,65,0.005067090595289607,100.0,0.3534565788395216,91.6218293620292,0.34119743775145256,91.65514061779622
1,Train,SAM,66,0.005794509399705138,99.98079139454475,0.3472879382335709,91.85242121445042,0.32395107245159455,92.1622867680959
1,Train,SAM,67,0.005745225631706188,99.98079139454475,0.36672833172474156,91.54496541122214,0.3375185882305978,91.56293222683264
1,Train,SAM,68,0.006222609112016354,99.94237418363427,0.3828731094022424,90.62259800153728,0.36054626134009116,91.7473490087598
1,Train,SAM,69,0.008035366510560998,99.92316557817902,0.3996259947404048,90.77632590315142,0.37154193316642564,91.14799446749655
1,Train,SAM,70,0.007439370454214742,100.0,0.3918855596021631,90.8531898539585,0.3660148242037656,91.10189027201476
1,Train,SAM,71,0.0075021534972464195,100.0,0.38724518271247577,90.93005380476556,0.3484489017639802,91.42461964038728
1,Train,SAM,72,0.005803088444725045,100.0,0.37842416543968815,91.6218293620292,0.3307775165722523,91.47072383586907
1,Train,SAM,73,0.005856707550733824,100.0,0.36975107050510114,91.00691775557263,0.3663773735913883,91.19409866297833
1,Train,SAM,74,0.006068284391922636,100.0,0.3636161625316563,91.54496541122214,0.3745907372376401,91.00968188105118
1,Train,SAM,75,0.007001968704883946,99.98079139454475,0.3971800698077651,90.77632590315142,0.3759651240622629,91.24020285846012
1,Train,SAM,76,0.0068920663932189805,100.0,0.39026660249381684,90.8531898539585,0.3467430868913854,91.60903642231443
1,Train,SAM,77,0.007895843300145646,99.92316557817902,0.3984598341032141,90.69946195234435,0.3642652700743185,90.9174734900876
1,Train,SAM,78,0.006760077478158419,99.96158278908952,0.3785086507228225,90.62259800153728,0.376307169012399,91.00968188105118
1,Train,SAM,79,0.006704748965988359,99.98079139454475,0.38714507896793887,90.69946195234435,0.37541614840414295,90.82526509912402
1,Train,SAM,80,0.006959383285952949,99.98079139454475,0.3946596963487159,90.5457340507302,0.37348104164059287,90.54863992623329
1,Train,SAM,81,0.005887405238359984,100.0,0.39403963768188993,90.39200614911607,0.38897234511958007,90.82526509912402
1,Train,SAM,82,0.007409863456072388,99.98079139454475,0.38356563669960836,90.8531898539585,0.3717690676643091,91.05578607653297
1,Train,SAM,83,0.006403666697413963,99.96158278908952,0.3938427735163009,90.77632590315142,0.3869088252412938,90.54863992623329
1,Train,SAM,84,0.0069768399405835966,100.0,0.4325541702029707,89.7770945426595,0.4139662202105867,89.90318118948824
1,Train,SAM,85,0.006358194147790868,99.98079139454475,0.36522056736183756,91.31437355880092,0.3575568270468943,91.60903642231443
1,Train,SAM,86,0.006249832005120037,100.0,0.3818578776559126,91.31437355880092,0.3785617443041188,90.87136929460581
1,Train,SAM,87,0.006082743837675251,100.0,0.4084251781526114,90.23827824750192,0.4283272520277895,89.85707699400645
1,Train,SAM,88,0.007007800371163279,100.0,0.36219007475480586,91.00691775557263,0.3686283828889021,91.60903642231443
1,Train,SAM,89,0.006050180036008952,100.0,0.41073117039232965,90.77632590315142,0.3868793608571814,91.10189027201476
1,Train,SAM,90,0.006249525162899878,100.0,0.3661908215394302,91.54496541122214,0.385855746941118,90.64084831719687
1,Train,SAM,91,0.007182761759674348,99.96158278908952,0.4136237428222227,90.5457340507302,0.4410729148026269,90.04149377593362
1,Train_Extra,SAM,1,0.006498257308181352,99.98079139454475,0.314486961522577,92.6979246733282,0.3371653064618247,91.28630705394191
1,Train_Extra,SAM,2,0.005857251403121952,99.98079139454475,0.32252603779037947,92.85165257494235,0.3326720806717213,91.47072383586907
1,Train_Extra,SAM,3,0.0065839371409701425,99.96158278908952,0.34183828983968445,91.69869331283628,0.31923514370127665,91.79345320424159
1,Train_Extra,SAM,4,0.00702507578784977,99.96158278908952,0.329930591254533,92.46733282090699,0.31921154833297855,92.20839096357768
1,Train_Extra,SAM,5,0.00603613560587922,100.0,0.33902864407842476,92.23674096848578,0.32360058516579987,91.83955739972338
1,Train_Extra,SAM,6,0.00579746434553612,99.98079139454475,0.34393457812955064,91.85242121445042,0.3436165645430032,91.3324112494237
1,Train_Extra,SAM,7,0.006898180718042322,99.98079139454475,0.3610083955833309,91.6218293620292,0.36423022173252345,90.68695251267866
1,Train_Extra,SAM,8,0.007031050335010228,99.98079139454475,0.35189812761558925,91.9292851652575,0.33571937230255483,91.14799446749655
1,Train_Extra,SAM,9,0.00668330667854681,99.96158278908952,0.3273284568592368,92.15987701767871,0.3316091746504046,91.42461964038728
1,Train_Extra,SAM,10,0.007027314434490778,99.98079139454475,0.3378640107300811,92.08301306687164,0.35336964479709837,91.24020285846012
1,Train_Extra,SAM,11,0.005925210761306293,100.0,0.32232934370533856,92.62106072252114,0.3364596775599398,91.70124481327801
1,Train_Extra,SAM,12,0.005455785495960411,100.0,0.31826419671346,93.15910837817064,0.33138764135749066,92.07007837713232
1,Train_Extra,SAM,13,0.008410734478727075,99.92316557817902,0.3444457834817005,92.31360491929286,0.36175650723000286,91.3324112494237
1,Train_Extra,SAM,14,0.006573273865306076,99.98079139454475,0.336879225346123,92.08301306687164,0.34961767417390316,91.79345320424159
1,Train_Extra,SAM,15,0.005457432609211448,100.0,0.3301678629080943,91.69869331283628,0.33671342034310225,92.39280774550484
1,Train_Extra,SAM,16,0.005590811144686275,100.0,0.3398109955468332,92.46733282090699,0.3562243278535515,91.51682803135085
1,Train_Extra,SAM,17,0.005739344552479273,100.0,0.3439120231031638,92.31360491929286,0.35670019387374446,91.24020285846012
1,Train_Extra,SAM,18,0.006309741829447677,100.0,0.38228751947497697,91.54496541122214,0.38025011767325395,90.96357768556939
1,Train_Extra,SAM,19,0.005782297590998875,100.0,0.374301729782511,91.85242121445042,0.3634764795728739,91.24020285846012
1,Train_Extra,SAM,20,0.005984800094967148,100.0,0.3530261748449606,91.54496541122214,0.3463941909108309,91.60903642231443
1,Train_Extra,SAM,21,0.005566133583318785,100.0,0.3530463942260031,91.69869331283628,0.34354945385219754,91.51682803135085
1,Train_Extra,SAM,22,0.006077001378385841,99.98079139454475,0.36799428495739533,91.6218293620292,0.33792540613766253,91.88566159520516
1,Train_Extra,SAM,23,0.005761718705290803,99.98079139454475,0.37709108854054857,91.54496541122214,0.3671410899727836,91.65514061779622
1,Train_Extra,SAM,24,0.006750551340930118,100.0,0.37710472064051237,90.93005380476556,0.3888335139136426,90.77916090364224
1,Train_Extra,SAM,25,0.006502689720857088,99.98079139454475,0.3517896979130936,92.31360491929286,0.3574956779163408,92.07007837713232
1,Train_Extra,SAM,26,0.006471600859180276,99.96158278908952,0.3550958009486836,91.9292851652575,0.34272242117966856,91.60903642231443
1,Train_Extra,SAM,27,0.006423932741584679,99.98079139454475,0.35877590260534997,91.46810146041507,0.3426362384555526,92.02397418165053
1,Train_Extra,SAM,28,0.005791718548769417,100.0,0.3617272603624056,91.77555726364335,0.35361544522012417,91.65514061779622
1,Train_Extra,SAM,29,0.006193108316739461,99.96158278908952,0.3581138907958232,91.46810146041507,0.34704780463196266,91.42461964038728
1,Train_Extra,SAM,30,0.00550882856110168,100.0,0.36191949346815044,92.08301306687164,0.335679871824932,91.88566159520516
1,Train_Extra,SAM,31,0.00579361695127756,99.98079139454475,0.358967572112756,91.6218293620292,0.36550122069400154,91.56293222683264
1,Train_Extra,SAM,32,0.005203342267334964,100.0,0.4011640199542412,90.77632590315142,0.4037101441756434,90.54863992623329
1,Train_Extra,SAM,33,0.006686103319537832,99.98079139454475,0.369390775271327,90.8531898539585,0.359344224932008,91.83955739972338
1,Train_Extra,SAM,34,0.00557309115931186,99.98079139454475,0.3711599566723914,90.62259800153728,0.3691194232651142,90.87136929460581
1,Train_Extra,SAM,35,0.006700338018726717,100.0,0.38360073278263657,90.5457340507302,0.38863705728613546,90.68695251267866
1,Train_Extra,SAM,36,0.005599213027012494,100.0,0.3693379494522646,91.54496541122214,0.34790379859407466,91.19409866297833
1,Train_Extra,SAM,37,0.00557482308291036,100.0,0.3605534463868885,91.39123750960799,0.3482897053835523,91.51682803135085
1,Train_Extra,SAM,38,0.005498442456748999,99.98079139454475,0.38321228596817797,91.23750960799386,0.3592104194982088,91.47072383586907
1,Train_Extra,SAM,39,0.005574629080704659,99.96158278908952,0.3491085156924353,91.54496541122214,0.36125487821505553,91.7473490087598
1,Train_Extra,SAM,40,0.00521141711616763,100.0,0.3636371644699143,91.23750960799386,0.34737544280419763,91.83955739972338
1,Train_Extra,SAM,41,0.007260137741836759,99.94237418363427,0.393601610695372,91.00691775557263,0.37914331143987295,90.68695251267866
1,Train_Extra,SAM,42,0.0060803838427024295,100.0,0.3799865361443398,90.23827824750192,0.40637086071469036,90.59474412171508
1,Train_Extra,SAM,43,0.005788361491561165,99.98079139454475,0.3705503298778611,90.93005380476556,0.3701610257956442,91.10189027201476
1,Train_Extra,SAM,44,0.007461015305030474,99.96158278908952,0.36623393849030905,90.8531898539585,0.3573102630904986,90.96357768556939
1,Train_Extra,SAM,45,0.006247518338445871,99.98079139454475,0.3554822637267886,91.23750960799386,0.3832765477162014,90.31811894882435
1,Train_Extra,SAM,46,0.005878871880997361,99.98079139454475,0.3591123492121238,91.77555726364335,0.3555918209780301,91.14799446749655
1,Train_Extra,SAM,47,0.0054477662208027265,99.98079139454475,0.35519367482779485,91.6218293620292,0.36950559201686817,91.19409866297833
1,Train_Extra,SAM,48,0.005237716734352196,100.0,0.3695339653741205,90.93005380476556,0.36334569236274794,91.56293222683264
1,Train_Extra,SAM,49,0.0051467541570952334,100.0,0.3607076942279282,91.46810146041507,0.3660928872308735,91.14799446749655
1,Train_Extra,SAM,50,0.00528752619109225,99.98079139454475,0.37431008340669175,91.46810146041507,0.3672887792423498,91.05578607653297
1,Train_Extra,SAM,51,0.005161393858046711,100.0,0.36149973043746714,91.08378170637971,0.3588026460000808,91.05578607653297
1,Train_Extra,SAM,52,0.005631456397290976,100.0,0.4085646927597246,90.62259800153728,0.3583413089830351,91.65514061779622
1,Train_Extra,SAM,53,0.005440787466505737,100.0,0.38753771620425326,91.08378170637971,0.38444043487763835,90.87136929460581
1,Train_Extra,SAM,54,0.0060448400830518615,99.98079139454475,0.3860627939948937,90.62259800153728,0.3662971699290036,91.93176579068695
1,Train_Extra,SAM,55,0.005581226948351582,99.98079139454475,0.37692081497167507,91.69869331283628,0.370654299944543,91.05578607653297
1,Train_Extra,SAM,56,0.005848640935964014,99.98079139454475,0.38997982013440885,90.39200614911607,0.3937088963333062,91.00968188105118
1,Train_Extra,SAM,57,0.005214418011768921,100.0,0.3814616075485693,90.62259800153728,0.37933869534865566,91.00968188105118
1,Train_Extra,SAM,58,0.004771754216328492,100.0,0.3824406335735944,91.39123750960799,0.36845550248841635,91.3324112494237
1,Train_Extra,SAM,59,0.0051185884298699585,99.98079139454475,0.39202053211543486,90.77632590315142,0.394641437210098,90.54863992623329
1,Train_Extra,SAM,60,0.00484784053598582,100.0,0.3715504535476031,91.6218293620292,0.3857846462222331,90.59474412171508
1,Train_Extra,SAM,61,0.005222965283976422,99.98079139454475,0.38391141931338096,91.08378170637971,0.374380528088702,90.73305670816045
1,Train_Extra,SAM,62,0.005652672470478695,99.98079139454475,0.365693085645823,91.9292851652575,0.372081304102133,91.47072383586907
1,Train_Extra,SAM,63,0.005326127357055302,99.98079139454475,0.36563312835550416,91.00691775557263,0.38625183941967317,91.10189027201476
1,Train_Extra,SAM,64,0.00541197070837638,99.98079139454475,0.37006227428137933,91.54496541122214,0.40813847506524453,89.99538958045181
1,Train_Extra,SAM,65,0.00670714119729226,99.96158278908952,0.39993610680332375,91.46810146041507,0.41331194089738493,90.31811894882435
1,Train_Extra,SAM,66,0.005934763685485885,99.98079139454475,0.37169611262734537,91.77555726364335,0.39652988052879296,91.56293222683264
1,Train_Extra,SAM,67,0.005256011299331861,100.0,0.3398614668392567,90.8531898539585,0.3706764728517893,90.82526509912402
1,Train_Extra,SAM,68,0.0048308061940046994,100.0,0.3670177818673286,91.31437355880092,0.4043194909643171,90.27201475334256
1,Train_Extra,SAM,69,0.005296369830283559,100.0,0.364313744586949,91.54496541122214,0.3757839749462872,90.5025357307515
1,Train_Extra,SAM,70,0.004799806282918421,100.0,0.3404927199003469,91.9292851652575,0.38626772041637375,90.36422314430614
1,Train_Extra,SAM,71,0.0049831553396591744,100.0,0.36472869114084117,90.46887009992314,0.38462457695607494,90.68695251267866
1,Train_Extra,SAM,72,0.004714556740442622,100.0,0.34207248711796745,91.9292851652575,0.3600826565779096,91.24020285846012
1,Train_Extra,SAM,73,0.0043410509867605074,100.0,0.34567878367257615,91.6218293620292,0.3444707453415766,90.96357768556939
1,Train_Extra,SAM,74,0.004384499905985191,100.0,0.35332132391431165,91.54496541122214,0.359115660389814,91.14799446749655
1,Train_Extra,SAM,75,0.00491351229881445,100.0,0.3398861570840703,92.62106072252114,0.36338759993781355,91.10189027201476
1,Train_Extra,SAM,76,0.005064749751708533,99.98079139454475,0.34769792830733315,92.31360491929286,0.35972284284837236,90.64084831719687
1,Train_Extra,SAM,77,0.004714935658745285,100.0,0.35916643396168835,92.08301306687164,0.35537227844315333,90.96357768556939
1,Train_Extra,SAM,78,0.004373841166947654,100.0,0.38214179858576786,91.23750960799386,0.38723799764917655,90.22591055786077
1,Train_Extra,SAM,79,0.00459293306639498,100.0,0.3720766236800858,91.77555726364335,0.3564790352704944,91.24020285846012
1,Train_Extra,SAM,80,0.004396937331870381,100.0,0.35431174900122187,91.69869331283628,0.35882420501246215,91.10189027201476
1,Train_Extra,SAM,81,0.004176410938544553,100.0,0.3291843117062263,92.15987701767871,0.35117074343645943,91.28630705394191
1,Train_Extra,SAM,82,0.00427650923175063,100.0,0.32286728182084556,92.15987701767871,0.3518980184338949,91.65514061779622
1,Train_Extra,SAM,83,0.004162976465422226,100.0,0.3538767417905699,91.6218293620292,0.3552505927819049,91.65514061779622
1,Train_Extra,SAM,84,0.004338400046329694,100.0,0.35645204729799307,91.85242121445042,0.35387500582641584,91.3324112494237
1,Train_Extra,SAM,85,0.004213983880818758,100.0,0.35913620012984837,91.85242121445042,0.37891783933861567,90.54863992623329
1,Train_Extra,SAM,86,0.00419050374174022,100.0,0.3397962832730335,92.15987701767871,0.37841261006160065,91.00968188105118
1,Train_Extra,SAM,87,0.004221720665270474,100.0,0.3453535976934946,91.54496541122214,0.38697020093957196,90.59474412171508
1,Train_Extra,SAM,88,0.004240187487073608,100.0,0.36488422624577843,91.39123750960799,0.39476423379791226,90.73305670816045
1,Train_Extra,SAM,89,0.004574352505394012,99.98079139454475,0.35434763698189375,91.23750960799386,0.37975803749707093,91.05578607653297
1,Train_Extra,SAM,90,0.0044300318567048,100.0,0.37780588442068846,91.23750960799386,0.38919766951453694,90.59474412171508
1,Train_Extra,SAM,91,0.0050765262485304675,100.0,0.3526765520095275,91.08378170637971,0.3548485555919209,91.51682803135085
1,Train_Extra,SAM,92,0.0044733578884871275,100.0,0.35062133655421646,91.39123750960799,0.36539706498480656,91.05578607653297
1,Train_Extra,SAM,93,0.004170212023348713,100.0,0.3647427515489701,91.31437355880092,0.3680532680452557,90.77916090364224
1,Train_Extra,SAM,94,0.004258088089034327,100.0,0.3299687291788285,92.23674096848578,0.36884998236454375,91.60903642231443
1,Train_Extra,SAM,95,0.004460970522618733,100.0,0.33758170827135137,92.00614911606456,0.3660077444140732,91.60903642231443
1,Train_Extra,SAM,96,0.004360631862483873,100.0,0.3548293690971005,91.9292851652575,0.3902571087075357,90.87136929460581
1,Train_Extra,SAM,97,0.004574038593264216,100.0,0.34703496289793845,92.00614911606456,0.3942216888118197,91.05578607653297
1,Train_Extra,SAM,98,0.004437684462879973,100.0,0.35815680528390326,91.54496541122214,0.3923948237276561,90.82526509912402
1,Train_Extra,SAM,99,0.004465919379373452,100.0,0.35299175823083023,91.46810146041507,0.37416161096634654,91.37851544490549
1,Train_Extra,SAM,100,0.004513065293545555,100.0,0.3598227158967666,91.9292851652575,0.35847771598851425,91.88566159520516
1,Train_Extra,SAM,101,0.004417164323342953,100.0,0.3621405432033685,91.39123750960799,0.3731106601727619,91.37851544490549
1,Train_Extra,SAM,102,0.004442052284335615,100.0,0.3611939818377132,91.69869331283628,0.3701718743905982,91.47072383586907
1,Train_Extra,SAM,103,0.0043509931009308505,100.0,0.36210861098848796,90.62259800153728,0.3532474066816535,91.79345320424159
1,Train_Extra,SAM,104,0.0042905558837703405,100.0,0.3741639786436409,91.00691775557263,0.3806727451970908,90.96357768556939
1,Train_Extra,SAM,105,0.004194907896203543,100.0,0.3552108965842748,91.39123750960799,0.37232512627234926,91.24020285846012
1,Train_Extra,SAM,106,0.00417981901208933,100.0,0.35929155151583797,91.31437355880092,0.3746242878306786,90.9174734900876
1,Train_Extra,SAM,107,0.004792604512575031,99.98079139454475,0.3391589054824938,92.15987701767871,0.36371646879894387,91.60903642231443
1,Train_Extra,SAM,108,0.0041918541537597775,100.0,0.34612089888028785,91.69869331283628,0.36443517814313503,91.56293222683264
1,Train_Extra,SAM,109,0.004228406520760361,100.0,0.33861188194231284,92.85165257494235,0.3717412360531221,91.10189027201476
1,Train_Extra,SAM,110,0.00411308696422086,100.0,0.3384887568772893,92.31360491929286,0.37371776734232737,91.10189027201476
1,Train_Extra,SAM,111,0.004089182658418099,100.0,0.3528781342080334,91.54496541122214,0.37268442374432126,90.77916090364224
1,Train_Extra,SAM,112,0.004110815871272671,100.0,0.324817419808063,92.77478862413528,0.35768921733754416,91.14799446749655
1,Train_Extra,SAM,113,0.004077105332977293,100.0,0.3501078700167138,91.9292851652575,0.375243323520616,91.10189027201476
1,Train_Extra,SAM,114,0.0041458638523493895,100.0,0.34076585992311714,92.15987701767871,0.35661468789180667,91.51682803135085
1,Train_Extra,SAM,115,0.004055316944926566,100.0,0.344258676507123,92.08301306687164,0.3675165833718989,91.24020285846012
1,Train_Extra,SAM,116,0.004288752171913722,100.0,0.34998161986550397,92.08301306687164,0.3498772555655629,91.79345320424159
1,Train_Extra,SAM,117,0.004091441552754651,100.0,0.34554032567919996,91.85242121445042,0.3542252916545569,91.60903642231443
1,Train_Extra,SAM,118,0.004127167080289061,100.0,0.3596696851461507,91.9292851652575,0.36572583995282015,91.65514061779622
1,Train_Extra,SAM,119,0.004184467001658139,100.0,0.3448643549119941,91.9292851652575,0.3564876557262112,91.70124481327801
1,Train_Extra,SAM,120,0.004106715645789643,100.0,0.3442572294795266,91.9292851652575,0.36054014056962225,91.56293222683264
1,Train_Extra,SAM,121,0.004560751234826866,99.98079139454475,0.33436216027987725,92.31360491929286,0.37038931723232366,91.7473490087598
1,Train_Extra,SAM,122,0.004199810685344223,100.0,0.334693935550148,92.39046887009992,0.3587424744379141,91.7473490087598
1,Train_Extra,SAM,123,0.004125599856516975,100.0,0.32988394287162154,92.54419677171407,0.34885889705340944,91.88566159520516
1,Train_Extra,SAM,124,0.004179509884415,100.0,0.3367738730856128,92.77478862413528,0.3487637736737975,91.7473490087598
1,Train_Extra,SAM,125,0.004144544290390117,100.0,0.3355470090921249,92.62106072252114,0.35522167264398424,91.79345320424159
1,Train_Extra,SAM,126,0.004182880468655126,100.0,0.33191579989201286,92.6979246733282,0.35427306949020587,91.60903642231443
1,Train_Extra,SAM,127,0.004181358480806022,100.0,0.3362471549603501,92.15987701767871,0.3510628228791577,91.83955739972338
1,Train_Extra,SAM,128,0.004158908932646908,100.0,0.3361305446463489,92.15987701767871,0.3552602729032313,91.7473490087598
1,Train_Extra,SAM,129,0.00421482160618883,100.0,0.33771940189586247,92.62106072252114,0.35536739355191044,92.02397418165053
1,Train_Extra,SAM,130,0.004247765537448502,100.0,0.3320978976597152,92.08301306687164,0.3539026878832562,91.97786998616874
1,Train_Extra,SAM,131,0.004224440942095604,100.0,0.3294647297980142,92.46733282090699,0.3559125129969893,91.88566159520516
1,Train_Extra,SAM,132,0.004193573970164807,100.0,0.3243717448492402,92.62106072252114,0.3496580029575437,91.56293222683264
1,Train_Extra,SAM,133,0.004209583935162133,100.0,0.3320253731698645,92.6979246733282,0.35532167009105875,91.51682803135085
1,Train_Extra,SAM,134,0.0041709169502615745,100.0,0.3324636778265215,92.23674096848578,0.3505304440986511,91.56293222683264
1,Train_Extra,SAM,135,0.0041657708470275384,100.0,0.32565610200097983,92.6979246733282,0.35256815548177245,91.65514061779622
1,Train_Extra,SAM,136,0.004206560285721957,100.0,0.32211033817807316,92.31360491929286,0.35522980791541936,91.56293222683264
1,Train_Extra,SAM,137,0.0042386547608038215,100.0,0.32892680286124154,92.39046887009992,0.3566259898764024,91.56293222683264
1,Train_Extra,SAM,138,0.004297436092854506,100.0,0.32727305899781506,92.23674096848578,0.3549711225685737,91.79345320424159
1,Train_Extra,SAM,139,0.004213308800508959,100.0,0.3254117888844444,91.85242121445042,0.34492688767230695,92.02397418165053
1,Train_Extra,SAM,140,0.004227868752679759,100.0,0.32637628112890277,92.77478862413528,0.3529706455186635,91.79345320424159
1,Train_Extra,SAM,141,0.004221419832366376,100.0,0.3323395576021655,92.00614911606456,0.34153862129905466,91.93176579068695
1,Train_Extra,SAM,142,0.004308506042947935,100.0,0.32447664182544395,92.62106072252114,0.34969939699558794,91.65514061779622
1,Train_Extra,SAM,143,0.004195403406950731,100.0,0.3281271467808574,92.54419677171407,0.3437160136733752,92.1622867680959
1,Train_Extra,SAM,144,0.004226238901749756,100.0,0.3245088422898601,92.54419677171407,0.34609374106479934,91.83955739972338
1,Train_Extra,SAM,145,0.004330873791488356,100.0,0.32045199716897493,92.77478862413528,0.3370517731097614,92.11618257261411
1,Train_Extra,SAM,146,0.004251803416455953,100.0,0.3303246182675182,92.54419677171407,0.3438978639683343,91.97786998616874
1,Train_Extra,SAM,147,0.004224442519773186,100.0,0.31812766202361104,92.85165257494235,0.32810117307760134,92.34670355002305
1,Train_Extra,SAM,148,0.004160797460564624,100.0,0.32124582252577577,92.85165257494235,0.33882978891051274,92.11618257261411
1,Train_Extra,SAM,149,0.0042098825883143155,100.0,0.3211153181159524,92.62106072252114,0.3358486568312207,92.1622867680959
1,Train_Extra,SAM,150,0.004234962107505124,100.0,0.3317093170326,92.6979246733282,0.3404874382699454,92.30059935454126
1,Train_Extra,SAM,151,0.004310305081764979,100.0,0.32134039744700404,92.6979246733282,0.3411572384650172,92.1622867680959
1,Train_Extra,SAM,152,0.004288180225580199,100.0,0.317663662862906,92.77478862413528,0.3308109804239071,92.34670355002305
1,Train_Extra,SAM,153,0.004416984895907023,100.0,0.33394987898364054,92.62106072252114,0.33983917700606814,91.93176579068695
1,Train_Extra,SAM,154,0.004401593506221939,100.0,0.3264927742609054,92.46733282090699,0.3344397863013341,92.11618257261411
1,Train_Extra,SAM,155,0.004306492540682523,100.0,0.325272636858891,92.15987701767871,0.32887875933480076,92.30059935454126
1,Train_Extra,SAM,156,0.004365705615023803,100.0,0.32873665497314003,92.46733282090699,0.3320685749012185,92.25449515905947
1,Train_Extra,SAM,157,0.004210851715871939,100.0,0.32029394417726287,92.85165257494235,0.3344971915718156,92.25449515905947
1,Train_Extra,SAM,158,0.004250337917534806,100.0,0.32434263517314155,92.92851652574943,0.3406836056404259,92.25449515905947
1,Train_Extra,SAM,159,0.004338955221714829,100.0,0.32845698385216654,92.6979246733282,0.3355940000534937,92.02397418165053
1,Train_Extra,SAM,160,0.004335946947667588,100.0,0.3325286836325435,92.31360491929286,0.3314767224605098,92.34670355002305
1,Train_Extra,SAM,161,0.004289710361430524,100.0,0.33085942140091024,92.54419677171407,0.33949161414701085,92.11618257261411
1,Train_Extra,SAM,162,0.0042655529651470896,100.0,0.333077193411793,92.6979246733282,0.3330993904268868,92.30059935454126
1,Train_Extra,SAM,163,0.004353288893924992,100.0,0.32336917649568,92.54419677171407,0.32787722476949993,92.39280774550484
1,Train_Extra,SAM,164,0.004317784023419754,100.0,0.3214180240555051,92.46733282090699,0.33802893695989583,92.11618257261411
1,Train_Extra,SAM,165,0.0043011567943895155,100.0,0.3228406876463051,92.54419677171407,0.33304744372861406,91.97786998616874
1,Train_Extra,SAM,166,0.004305038447606098,100.0,0.3306867350623023,92.85165257494235,0.3321784805762378,92.39280774550484
1,Train_Extra,SAM,167,0.004307437453139002,100.0,0.324832886978583,93.0053804765565,0.34231249113520373,92.1622867680959
1,Train_Extra,SAM,168,0.004370553586117786,100.0,0.3231294828135632,93.0053804765565,0.3358907455354311,92.07007837713232
1,Train_Extra,SAM,169,0.004295747140436747,100.0,0.3217938036917724,92.23674096848578,0.3343335956458729,91.88566159520516
1,Train_Extra,SAM,170,0.004280512174734263,100.0,0.3282223707501655,92.62106072252114,0.33087588323871897,92.1622867680959
1,Train_Extra,SAM,171,0.004280340782098152,100.0,0.32145229113688384,92.62106072252114,0.32942244955997635,92.20839096357768
1,Train_Extra,SAM,172,0.004312372241494892,100.0,0.32373181432141973,93.46656418139892,0.34093636831499674,92.20839096357768
1,Train_Extra,SAM,173,0.004271656061248408,100.0,0.3267057493707018,92.23674096848578,0.33241958410550837,92.07007837713232
1,Train_Extra,SAM,174,0.004301374976700343,100.0,0.3335322664505147,92.39046887009992,0.3383264611631893,92.1622867680959
1,Train_Extra,SAM,175,0.00435389503065291,100.0,0.3356418728278656,92.46733282090699,0.3397986377409495,92.1622867680959
1,Train_Extra,SAM,176,0.0042610331363490345,100.0,0.334001970396511,92.31360491929286,0.3299741708858599,92.07007837713232
1,Train_Extra,SAM,177,0.0042551282380473305,100.0,0.33203181533356246,92.77478862413528,0.33296818618347923,92.25449515905947
1,Train_Extra,SAM,178,0.004350253374407216,100.0,0.32577461044917555,92.77478862413528,0.3355492591143424,92.02397418165053
1,Train_Extra,SAM,179,0.004384171805470222,100.0,0.33156527090906457,92.77478862413528,0.34580576238460725,92.20839096357768
1,Train_Extra,SAM,180,0.004337157518460067,100.0,0.324079175667979,92.54419677171407,0.3328853072027503,92.11618257261411
1,Train_Extra,SAM,181,0.00430101738739873,100.0,0.31869778650985325,92.46733282090699,0.3322488593170312,92.11618257261411
1,Train_Extra,SAM,182,0.0043674802773295005,100.0,0.33221674999716094,92.39046887009992,0.3319386880880899,92.39280774550484
1,Train_Extra,SAM,183,0.004284726812195695,100.0,0.32463232812104453,92.62106072252114,0.33048687709702385,92.20839096357768
1,Train_Extra,SAM,184,0.004289642223471239,100.0,0.3309401746189292,92.77478862413528,0.33604046051103215,92.1622867680959
1,Train_Extra,SAM,185,0.004353070926589697,100.0,0.32263058307169035,93.0053804765565,0.33947688501900164,92.1622867680959
1,Train_Extra,SAM,186,0.004297127911501044,100.0,0.32428851023854705,93.08224442736356,0.32862618289382955,92.43891194098663
1,Train_Extra,SAM,187,0.0043089328458007035,100.0,0.32312771143086777,92.77478862413528,0.32720987480898067,92.11618257261411
1,Train_Extra,SAM,188,0.004323912274515245,100.0,0.3209390878322306,93.15910837817064,0.3371433621524061,92.07007837713232
1,Train_Extra,SAM,189,0.004436018076822436,100.0,0.3260444409681411,92.15987701767871,0.3322500013821463,92.1622867680959
1,Train_Extra,SAM,190,0.004317367768652189,100.0,0.3291805754204515,92.54419677171407,0.3366325993714326,92.20839096357768
1,Train_Extra,SAM,191,0.0042500921469353185,100.0,0.32698445213381644,92.23674096848578,0.33254463099537496,91.93176579068695
1,Train_Extra,SAM,192,0.004444859151305642,100.0,0.3325638689621882,92.23674096848578,0.3382085118221214,91.97786998616874
1,Train_Extra,SAM,193,0.004275383059209659,100.0,0.333035714666629,92.6979246733282,0.33557414255586293,92.20839096357768
1,Train_Extra,SAM,194,0.004366397100966424,100.0,0.3307459756250935,92.46733282090699,0.33567038093942164,92.30059935454126
1,Train_Extra,SAM,195,0.004355676297921162,100.0,0.3232333957461739,92.92851652574943,0.3352041036893608,91.83955739972338
1,Train_Extra,SAM,196,0.004370936443972076,100.0,0.33026223416103023,92.39046887009992,0.3387570780315065,91.97786998616874
1,Train_Extra,SAM,197,0.004273752496932045,100.0,0.3227280127049226,92.77478862413528,0.32986038225952413,92.39280774550484
1,Train_Extra,SAM,198,0.004191372671415972,100.0,0.32970059629269144,92.46733282090699,0.32988971370109604,92.11618257261411
1,Train_Extra,SAM,199,0.004250783258991922,100.0,0.31805887837807645,92.54419677171407,0.3333920109458869,92.02397418165053
1,Train_Extra,SAM,200,0.004282537547077275,100.0,0.3234968963927438,92.77478862413528,0.3298210109527785,92.1622867680959
2,Train,SAM,1,2.735672198921625,45.87014982712255,1.660043644043778,67.71714066102997,1.6251622379623067,69.89396035039188
2,Train,SAM,2,1.2073336960347885,76.50787552823665,0.8096317926065267,81.32205995388163,0.7908254505962532,83.31028123559244
2,Train,SAM,3,0.5192324402142157,90.45332308874376,0.4923636543118523,89.4696387394312,0.5192477919913592,89.53434762563393
2,Train,SAM,4,0.2426766150750997,96.0238186707645,0.39701771436060146,91.16064565718678,0.438210661411835,89.90318118948824
2,Train,SAM,5,0.12070533964622972,98.23280829811756,0.35151897121126335,90.8531898539585,0.4044699027358029,90.22591055786077
2,Train,SAM,6,0.07660737715981489,99.05877833269305,0.35446695487468083,90.5457340507302,0.3836534388909531,90.59474412171508
2,Train,SAM,7,0.05846140612533853,99.27007299270073,0.3560946431872847,91.00691775557263,0.4031621406929127,91.10189027201476
2,Train,SAM,8,0.04253366619828471,99.5197848636189,0.3069960147623462,91.46810146041507,0.37714401306563006,91.14799446749655
2,Train,SAM,9,0.03319525227887682,99.71187091817134,0.3172027314973739,92.15987701767871,0.35847951443638326,91.37851544490549
2,Train,SAM,10,0.024374863944170665,99.78870533999232,0.30374546698384064,91.69869331283628,0.36322674079664624,90.87136929460581
2,Train,SAM,11,0.021282949664864256,99.8271225509028,0.2990043252637806,91.54496541122214,0.34148088553744343,91.70124481327801
2,Train,SAM,12,0.017838251888409165,99.92316557817902,0.2769639471475662,92.85165257494235,0.336323360602061,92.25449515905947
2,Train,SAM,13,0.016638203265511093,99.88474836726854,0.2874223035656425,93.23597232897771,0.3237999053856589,92.66943291839557
2,Train,SAM,14,0.015641482505501687,99.94237418363427,0.31498912110821636,91.31437355880092,0.34699828853360953,91.19409866297833
2,Train,SAM,15,0.012917145543897444,99.98079139454475,0.2942531809588747,92.6979246733282,0.34970607731187325,91.65514061779622
2,Train,SAM,16,0.011811954213557707,100.0,0.2833224014077711,92.85165257494235,0.3500117208205813,91.60903642231443
2,Train,SAM,17,0.012542174953361688,99.8655397618133,0.29967859337001834,91.9292851652575,0.35259950794743306,92.02397418165053
2,Train,SAM,18,0.008991695270570784,100.0,0.2862603885682155,92.92851652574943,0.3508394626482339,91.56293222683264
2,Train,SAM,19,0.008709536772507008,99.98079139454475,0.31972026162931866,92.00614911606456,0.35608535632662863,91.37851544490549
2,Train,SAM,20,0.010307918037030777,99.92316557817902,0.27932365356638833,93.0053804765565,0.3239958902117622,92.34670355002305
2,Train,SAM,21,0.00866764954839793,100.0,0.2856970662845271,93.23597232897771,0.3444218413037823,91.83955739972338
2,Train,SAM,22,0.007933810948925608,100.0,0.3139562355060929,91.77555726364335,0.364601062080892,91.37851544490549
2,Train,SAM,23,0.008143682071390601,99.98079139454475,0.3044864858323844,91.77555726364335,0.34768160237123913,91.97786998616874
2,Train,SAM,24,0.0067539646245962,99.98079139454475,0.2838580268538979,93.08224442736356,0.3403714020071408,92.34670355002305
2,Train,SAM,25,0.008686396699724434,99.94237418363427,0.3100258101416404,92.85165257494235,0.3521345188302783,92.02397418165053
2,Train,SAM,26,0.008158732684146316,99.94237418363427,0.29653424282002044,92.77478862413528,0.3312713555225638,92.11618257261411
2,Train,SAM,27,0.006630649133813939,99.98079139454475,0.2881878564602407,93.23597232897771,0.3380492362505063,91.79345320424159
2,Train,SAM,28,0.007902961954234476,99.96158278908952,0.3078085421187249,92.46733282090699,0.35852896268601897,91.7473490087598
2,Train,SAM,29,0.005667492783017045,100.0,0.295508694263042,92.00614911606456,0.36410227237950277,91.24020285846012
2,Train,SAM,30,0.006230350580934915,99.98079139454475,0.2904755749512782,92.15987701767871,0.3572635871369809,91.00968188105118
2,Train,SAM,31,0.005545409552701549,100.0,0.27334784156858327,92.54419677171407,0.33736648935774827,91.97786998616874
2,Train,SAM,32,0.00637649753105261,99.96158278908952,0.30553972997132123,93.0053804765565,0.35890827459528346,91.42461964038728
2,Train,SAM,33,0.00615957013168515,99.98079139454475,0.29777678705288024,93.23597232897771,0.35459166090573074,91.65514061779622
2,Train,SAM,34,0.005230086241374535,99.98079139454475,0.3055275359765829,92.85165257494235,0.3580553748671939,92.11618257261411
2,Train,SAM,35,0.0059135578447050115,99.98079139454475,0.2860500396878604,92.6979246733282,0.33581767327750317,92.30059935454126
2,Train,SAM,36,0.0062481562644128965,99.98079139454475,0.3038778763084023,92.39046887009992,0.3582528775988113,91.42461964038728
2,Train,SAM,37,0.005771060619914641,100.0,0.31120390732336695,91.85242121445042,0.33977130554880947,91.70124481327801
2,Train,SAM,38,0.006317167861409988,99.96158278908952,0.2811193882411118,93.46656418139892,0.3240739526274348,92.48501613646842
2,Train,SAM,39,0.005831161036836041,100.0,0.3157325534409143,92.85165257494235,0.34375800841576826,91.97786998616874
2,Train,SAM,40,0.0061949696963184454,99.98079139454475,0.3169555853849003,92.23674096848578,0.3569957188482161,91.93176579068695
2,Train,SAM,41,0.005063544941688974,100.0,0.2962267676269568,92.39046887009992,0.3568036448452647,91.70124481327801
2,Train,SAM,42,0.005191903455651428,100.0,0.2934720139867475,92.77478862413528,0.3577469231113414,91.14799446749655
2,Train,SAM,43,0.005279858381647411,100.0,0.3283810985090639,92.23674096848578,0.3889203598115674,90.77916090364224
2,Train,SAM,44,0.005553908925360652,99.98079139454475,0.30747307358248066,92.23674096848578,0.34726814350990065,92.25449515905947
2,Train,SAM,45,0.004810723693230035,100.0,0.3203211697727602,92.6979246733282,0.3689910055491549,91.3324112494237
2,Train,SAM,46,0.005566012239986402,100.0,0.3039462685149784,93.0053804765565,0.3611565913237312,92.1622867680959
2,Train,SAM,47,0.005720412171520064,99.98079139454475,0.30650847328455977,92.39046887009992,0.33724306468152404,92.11618257261411
2,Train,SAM,48,0.005267752290909047,100.0,0.29162520577960704,93.0053804765565,0.34413787108404176,92.30059935454126
2,Train,SAM,49,0.005991856860385442,99.98079139454475,0.28891616111347806,93.23597232897771,0.34801872293071956,91.88566159520516
2,Train,SAM,50,0.005634169318524698,100.0,0.29715750545125846,92.6979246733282,0.3447361833464445,91.97786998616874
2,Train,SAM,51,0.006342147079159283,99.98079139454475,0.33320495768018543,92.23674096848578,0.36658196724219605,91.24020285846012
2,Train,SAM,52,0.0054566770752011995,100.0,0.3517056344840089,91.46810146041507,0.36194170504437445,91.47072383586907
2,Train,SAM,53,0.0056707257436348435,100.0,0.31284333355467103,92.6979246733282,0.3550074054052776,91.7473490087598
2,Train,SAM,54,0.005490327862439894,100.0,0.349473966258384,91.54496541122214,0.3711796769655042,91.14799446749655
2,Train,SAM,55,0.006297583057562266,99.98079139454475,0.2950296477027392,92.62106072252114,0.34855271744640154,91.97786998616874
2,Train,SAM,56,0.006910828112887413,99.98079139454475,0.3204179956627112,92.00614911606456,0.3574068365543875,91.47072383586907
2,Train,SAM,57,0.007504723923983612,99.98079139454475,0.30646007131788017,92.08301306687164,0.3580100040740272,91.60903642231443
2,Train,SAM,58,0.006613266984275057,100.0,0.3327657905314905,92.08301306687164,0.38608766184692944,91.28630705394191
2,Train,SAM,59,0.006443056971423236,100.0,0.31969165963498014,92.62106072252114,0.38324778782244157,91.24020285846012
2,Train,SAM,60,0.005684421585581374,100.0,0.3218201023857929,92.00614911606456,0.37810913343867053,91.65514061779622
2,Train,SAM,61,0.006294622247398723,99.96158278908952,0.3166143919164451,91.9292851652575,0.37347441832004685,91.28630705394191
2,Train,SAM,62,0.006269013374169683,99.96158278908952,0.31688900496939526,91.85242121445042,0.3800605255140034,91.05578607653297
2,Train,SAM,63,0.0061607184181378385,99.98079139454475,0.3463683312531163,91.46810146041507,0.398550866358068,90.73305670816045
2,Train,SAM,64,0.007152523994702915,99.98079139454475,0.35709689556120633,91.39123750960799,0.39831961044906855,90.77916090364224
2,Train,SAM,65,0.00662064728429941,99.98079139454475,0.35897711798445614,91.31437355880092,0.42012466596754644,90.5025357307515
2,Train,SAM,66,0.00885065724827532,99.92316557817902,0.3407100188351887,90.77632590315142,0.3661318700494388,91.47072383586907
2,Train,SAM,67,0.006049266803518303,99.98079139454475,0.334011715870468,91.69869331283628,0.374270948191951,91.37851544490549
2,Train,SAM,68,0.007343795407632012,99.96158278908952,0.3593718169813977,91.46810146041507,0.38010667537889925,90.73305670816045
2,Train,SAM,69,0.005989098814287525,99.98079139454475,0.34651749346872,91.54496541122214,0.3921383118687164,90.87136929460581
2,Train,SAM,70,0.005462575829559308,100.0,0.33138669575983337,91.23750960799386,0.3760272119453614,91.3324112494237
2,Train,SAM,71,0.005303413570041489,100.0,0.340973436422961,90.93005380476556,0.38373461345776594,91.28630705394191
2,Train,SAM,72,0.006620917989203901,100.0,0.35894229569451613,90.62259800153728,0.420751179979385,89.81097279852466
2,Train,SAM,73,0.00756189919311119,99.96158278908952,0.3639436641580595,91.00691775557263,0.3936222816747474,90.9174734900876
2,Train,SAM,74,0.006739778324184608,100.0,0.39783768631878674,89.85395849346656,0.43542425706123855,89.85707699400645
2,Train,SAM,75,0.006028665080409428,99.98079139454475,0.3777996144965463,90.16141429669484,0.42146251395640144,90.31811894882435
2,Train,SAM,76,0.0075645607516192405,99.96158278908952,0.35332393467563744,91.39123750960799,0.39900691801086996,91.00968188105118
2,Train,SAM,77,0.006363753045114912,100.0,0.42791046684380224,89.85395849346656,0.42876569116758606,90.1337021668972
2,Train,SAM,78,0.006901362226658895,99.98079139454475,0.3791114325412505,90.93005380476556,0.3949674991568754,91.05578607653297
2,Train,SAM,79,0.00604647766667321,100.0,0.3266429066268597,92.23674096848578,0.4043898077921254,90.9174734900876
2,Train,SAM,80,0.006181096076748214,99.96158278908952,0.34096896721137476,91.9292851652575,0.40331606733848446,90.45643153526972
2,Train,SAM,81,0.006633734427666738,99.98079139454475,0.3421064335094059,92.46733282090699,0.3955709242694331,90.87136929460581
2,Train,SAM,82,0.005988143425880491,99.98079139454475,0.3393458968900333,91.54496541122214,0.3798881573520975,91.00968188105118
2,Train,SAM,83,0.006874511877583351,99.96158278908952,0.3282051233261205,91.23750960799386,0.39136232516082986,91.00968188105118
2,Train,SAM,84,0.0071854575257177,99.98079139454475,0.3472786930251543,90.93005380476556,0.3835039254966668,90.73305670816045
2,Train,SAM,85,0.0064789443648208865,99.98079139454475,0.40334592444061956,90.23827824750192,0.40896871040196064,90.87136929460581
2,Train,SAM,86,0.006902753436892219,100.0,0.4163270955597502,89.54650269023828,0.44218399909137307,89.94928538497003
2,Train,SAM,87,0.008423343266537585,99.94237418363427,0.38232812153706636,90.62259800153728,0.4421929935944031,90.04149377593362
2,Train,SAM,88,0.006432969713057934,100.0,0.3786964044891166,91.23750960799386,0.411799294435247,90.59474412171508
2,Train,SAM,89,0.0065302142617721225,99.98079139454475,0.39826991363821534,89.85395849346656,0.4504715619259246,89.6265560165975
2,Train,SAM,90,0.006579972316505262,99.96158278908952,0.3812789685629039,90.46887009992314,0.4340501302752752,90.45643153526972
2,Train,SAM,91,0.0065912810365663715,100.0,0.34505401019130094,91.08378170637971,0.41931380100682236,90.82526509912402
2,Train,SAM,92,0.007487831891520074,99.98079139454475,0.4031752971710378,90.31514219830899,0.45413120284010156,90.31811894882435
2,Train,SAM,93,0.006931188003520018,100.0,0.3974168180594712,90.31514219830899,0.4351283356087062,90.0875979714154
2,Train,SAM,94,0.006079802166761979,100.0,0.4231681852822667,89.85395849346656,0.44765315519164045,90.0875979714154
2,Train,SAM,95,0.007293975150692591,99.98079139454475,0.40959844755998126,89.93082244427363,0.4731141691172986,89.48824343015214
2,Train,SAM,96,0.010879956048690468,99.94237418363427,0.3827975242528248,90.62259800153728,0.4316763639889757,90.5025357307515
2,Train,SAM,97,0.010017904562967047,99.92316557817902,0.3864782264743925,90.31514219830899,0.4444112944308928,90.0875979714154
2,Train,SAM,98,0.00781628845168129,99.96158278908952,0.40565432522225436,90.08455034588778,0.4325112127087093,90.0875979714154
2,Train,SAM,99,0.008215926948969075,99.94237418363427,0.41733329565043087,90.23827824750192,0.4588689826748348,89.76486860304287
2,Train,SAM,100,0.008394453745975267,99.98079139454475,0.3983014542079723,90.46887009992314,0.433209890467937,89.76486860304287
2,Train,SAM,101,0.007353898971998618,99.96158278908952,0.4214145784466016,89.54650269023828,0.4490171249023282,89.44213923467035
2,Train,SAM,102,0.006736853542777658,100.0,0.39684510894182734,90.39200614911607,0.45501529578584965,89.34993084370677
2,Train,SAM,103,0.0068343288430864095,99.98079139454475,0.4099014496729981,89.7770945426595,0.46355300120847903,89.6265560165975
2,Train,SAM,104,0.007298414322599037,99.96158278908952,0.3925603777971935,90.16141429669484,0.4538091252742137,89.44213923467035
2,Train,SAM,105,0.007578424482314956,99.96158278908952,0.38335114990079705,90.62259800153728,0.45252450569646596,88.88888888888889
2,Train,SAM,106,0.006661735520772407,99.96158278908952,0.37830814093832416,91.39123750960799,0.43883601123696375,90.17980636237898
2,Train_Extra,SAM,1,0.0055901084268077115,100.0,0.3214572337753126,92.15987701767871,0.35426975271431405,92.30059935454126
2,Train_Extra,SAM,2,0.006235324292003743,99.96158278908952,0.2930631111737492,92.15987701767871,0.35856047833279125,91.60903642231443
2,Train_Extra,SAM,3,0.005768387388449414,99.98079139454475,0.24921263837692922,93.92774788624135,0.34289854152815963,91.51682803135085
2,Train_Extra,SAM,4,0.005845347401526031,100.0,0.2859961726830887,93.08224442736356,0.3599416469582329,91.3324112494237
2,Train_Extra,SAM,5,0.006851890371495321,99.98079139454475,0.31360914794689504,92.46733282090699,0.35043416987398684,91.7473490087598
2,Train_Extra,SAM,6,0.006412998434624698,99.96158278908952,0.28269049993141354,92.92851652574943,0.3741271722599788,91.37851544490549
2,Train_Extra,SAM,7,0.005607815737196136,100.0,0.27784145052482495,92.54419677171407,0.3406673059822393,91.88566159520516
2,Train_Extra,SAM,8,0.005583496260788132,100.0,0.306262972816928,91.9292851652575,0.3801253115034367,90.82526509912402
2,Train_Extra,SAM,9,0.005720911572538774,100.0,0.31418924925878905,92.31360491929286,0.36226984502643744,91.42461964038728
2,Train_Extra,SAM,10,0.006809357510868208,99.96158278908952,0.29254522502743036,92.46733282090699,0.3454846301321722,91.70124481327801
2,Train_Extra,SAM,11,0.005455461783160347,100.0,0.28969524958264725,92.77478862413528,0.36591129395174726,91.47072383586907
2,Train_Extra,SAM,12,0.005952704328603677,100.0,0.2998065576930856,92.39046887009992,0.3488628208334955,91.37851544490549
2,Train_Extra,SAM,13,0.00576437371383004,100.0,0.29482680660809213,92.39046887009992,0.3679732342176363,91.3324112494237
2,Train_Extra,SAM,14,0.0055716663021937105,100.0,0.328526755538608,91.46810146041507,0.3549533612431882,91.65514061779622
2,Train_Extra,SAM,15,0.006670622357904363,99.96158278908952,0.30444410031548286,92.77478862413528,0.3544399176478221,91.83955739972338
2,Train_Extra,SAM,16,0.005751686353533546,100.0,0.2880269012211333,92.46733282090699,0.34641654656168613,92.1622867680959
2,Train_Extra,SAM,17,0.005097461550102278,100.0,0.2962148841284359,92.62106072252114,0.34864741570667057,91.56293222683264
2,Train_Extra,SAM,18,0.005156153794435178,100.0,0.30025521873694766,92.6979246733282,0.3324264455921587,92.11618257261411
2,Train_Extra,SAM,19,0.00517772352808595,100.0,0.3241941014864553,91.54496541122214,0.34561399099408013,91.97786998616874
2,Train_Extra,SAM,20,0.005778448179827009,99.96158278908952,0.2990032942059359,92.23674096848578,0.3444378574002223,92.02397418165053
2,Train_Extra,SAM,21,0.005700524757827626,100.0,0.32597634585704555,91.39123750960799,0.3631299412390668,92.07007837713232
2,Train_Extra,SAM,22,0.005142057989438299,100.0,0.3144595188236896,92.31360491929286,0.36683684973232533,91.47072383586907
2,Train_Extra,SAM,23,0.004981406677251487,100.0,0.34106553615651436,91.85242121445042,0.35671546205417964,91.60903642231443
2,Train_Extra,SAM,24,0.00738191560619265,99.98079139454475,0.3096463357275216,91.85242121445042,0.328963683774706,92.1622867680959
2,Train_Extra,SAM,25,0.006804609795506655,99.94237418363427,0.2966061970942026,92.31360491929286,0.34202794633795447,92.25449515905947
2,Train_Extra,SAM,26,0.005136529702201851,100.0,0.2870623832890659,93.15910837817064,0.33248042582146525,92.07007837713232
2,Train_Extra,SAM,27,0.005358456746115138,100.0,0.303972182527677,92.15987701767871,0.3547251496434816,92.07007837713232
2,Train_Extra,SAM,28,0.005841631195907898,99.98079139454475,0.3075462031098717,93.08224442736356,0.38367736989476814,91.3324112494237
2,Train_Extra,SAM,29,0.006174456085324105,99.98079139454475,0.32696700070932405,91.9292851652575,0.39624421652999,90.5025357307515
2,Train_Extra,SAM,30,0.005188808177220721,100.0,0.30582392132117325,92.15987701767871,0.37732708311921825,91.3324112494237
2,Train_Extra,SAM,31,0.0052044710474363045,100.0,0.28257990909667313,93.23597232897771,0.3430434615450446,92.20839096357768
2,Train_Extra,SAM,32,0.004750676176002238,100.0,0.29895239477428814,92.62106072252114,0.36605201214689326,91.05578607653297
2,Train_Extra,SAM,33,0.005501733155081197,99.98079139454475,0.3246895876368773,91.6218293620292,0.3825397211225311,90.68695251267866
2,Train_Extra,SAM,34,0.00580052540429005,99.98079139454475,0.2995000244057426,92.46733282090699,0.3520717912964581,91.79345320424159
2,Train_Extra,SAM,35,0.005114816604153556,100.0,0.3140620553921865,92.46733282090699,0.36167467120002633,91.65514061779622
2,Train_Extra,SAM,36,0.005082822989021068,100.0,0.2943394881867153,93.0053804765565,0.3523521113860794,91.88566159520516
2,Train_Extra,SAM,37,0.004780591730502623,100.0,0.2955431948021501,93.0053804765565,0.3378024152061421,92.1622867680959
2,Train_Extra,SAM,38,0.004990065236793019,100.0,0.2723757200441298,94.00461183704843,0.33897306696920143,92.20839096357768
2,Train_Extra,SAM,39,0.004902805216707564,100.0,0.3612311526926823,91.16064565718678,0.41678778684980144,90.54863992623329
2,Train_Extra,SAM,40,0.007489186077395831,99.98079139454475,0.30463843014403363,92.92851652574943,0.3775997993486056,91.19409866297833
2,Train_Extra,SAM,41,0.004978934802154959,100.0,0.29774755279574366,93.08224442736356,0.39592250470551216,90.96357768556939
2,Train_Extra,SAM,42,0.005329435129872769,99.98079139454475,0.28708124215743985,92.92851652574943,0.3756943234187109,91.65514061779622
2,Train_Extra,SAM,43,0.004843163039775257,100.0,0.30987622584864144,93.08224442736356,0.38151424214992724,91.14799446749655
2,Train_Extra,SAM,44,0.004630459250419464,100.0,0.29891037923798575,93.23597232897771,0.38474822751301785,91.28630705394191
2,Train_Extra,SAM,45,0.005321951698014753,100.0,0.29011182615291514,93.0053804765565,0.3783999266108921,91.24020285846012
2,Train_Extra,SAM,46,0.0057241281200246024,100.0,0.3309682719896245,92.23674096848578,0.38993947136479074,90.82526509912402
2,Train_Extra,SAM,47,0.006532677651405837,99.96158278908952,0.31591555279186373,92.15987701767871,0.396025864985364,90.82526509912402
2,Train_Extra,SAM,48,0.005862427024067911,99.98079139454475,0.2904726669341211,93.15910837817064,0.3758148241834522,91.79345320424159
2,Train_Extra,SAM,49,0.005415043460085211,100.0,0.3031800884429901,92.54419677171407,0.35266106216079796,92.02397418165053
2,Train_Extra,SAM,50,0.005136527352469282,100.0,0.2963879916481931,92.31360491929286,0.3552184524199225,91.60903642231443
2,Train_Extra,SAM,51,0.0052064569785539635,100.0,0.34484043447078877,91.85242121445042,0.37005471836289483,91.19409866297833
2,Train_Extra,SAM,52,0.005635028320044691,100.0,0.3248844416575831,92.54419677171407,0.3837941723960289,91.00968188105118
2,Train_Extra,SAM,53,0.006341079092853091,99.98079139454475,0.30182918701764716,92.31360491929286,0.3626381738730541,91.97786998616874
2,Train_Extra,SAM,54,0.00503347305998069,100.0,0.30692305171333945,92.46733282090699,0.3773639384861529,91.51682803135085
2,Train_Extra,SAM,55,0.005615122546299012,99.98079139454475,0.3131203699304359,91.9292851652575,0.3958346919668001,90.96357768556939
2,Train_Extra,SAM,56,0.005870177802641196,100.0,0.3565884566394115,90.77632590315142,0.3902913726601748,90.87136929460581
2,Train_Extra,SAM,57,0.005846439270828308,100.0,0.3424455987591637,91.69869331283628,0.3821220890669957,91.37851544490549
2,Train_Extra,SAM,58,0.005619295528501364,99.98079139454475,0.3670310706908111,90.62259800153728,0.41251093939242134,90.04149377593362
2,Train_Extra,SAM,59,0.0058803242199877105,100.0,0.31293824195953446,92.92851652574943,0.3684296776837278,91.97786998616874
2,Train_Extra,SAM,60,0.0062861658805592755,99.96158278908952,0.3123411093877885,92.23674096848578,0.3619861292187769,91.60903642231443
2,Train_Extra,SAM,61,0.004963825788903136,100.0,0.31097196245266784,92.39046887009992,0.3753702082341033,91.14799446749655
2,Train_Extra,SAM,62,0.0053348355945142594,100.0,0.31680064474867453,91.77555726364335,0.37732670685974556,91.7473490087598
2,Train_Extra,SAM,63,0.005925264517331005,99.98079139454475,0.33359167250095195,91.77555726364335,0.36620802848967826,92.11618257261411
2,Train_Extra,SAM,64,0.004900634175943542,100.0,0.33229750014560944,91.69869331283628,0.40554186424224153,90.77916090364224
2,Train_Extra,SAM,65,0.00483893613799538,99.98079139454475,0.3476164805531777,91.85242121445042,0.38187032186418923,91.28630705394191
2,Train_Extra,SAM,66,0.004500975930189108,100.0,0.30964101329846716,92.62106072252114,0.3607660128106825,91.56293222683264
2,Train_Extra,SAM,67,0.004581895040525295,99.98079139454475,0.2954793471633976,92.85165257494235,0.34622786355876,92.07007837713232
2,Train_Extra,SAM,68,0.004316772379272509,100.0,0.3167962394339776,92.39046887009992,0.3583996082407475,92.20839096357768
2,Train_Extra,SAM,69,0.00418636837954193,100.0,0.3068379862871104,92.15987701767871,0.3614089563660712,91.56293222683264
2,Train_Extra,SAM,70,0.004223302456670287,100.0,0.3005367915484651,92.15987701767871,0.35826208881102933,91.7473490087598
2,Train_Extra,SAM,71,0.004073299165455156,100.0,0.3127978689550529,91.77555726364335,0.370321236444322,91.14799446749655
2,Train_Extra,SAM,72,0.004234700229453163,100.0,0.3095768595731414,92.31360491929286,0.37943829070483004,91.14799446749655
2,Train_Extra,SAM,73,0.0051464940174168515,99.98079139454475,0.3144620446220533,92.15987701767871,0.38031889935169644,91.24020285846012
2,Train_Extra,SAM,74,0.0045150295949821,100.0,0.3194948910154992,92.62106072252114,0.37215290804264345,91.3324112494237
2,Train_Extra,SAM,75,0.00502683532472837,99.98079139454475,0.3443670022909134,91.69869331283628,0.41695412975568935,90.68695251267866
2,Train_Extra,SAM,76,0.004694428584864078,100.0,0.3035008348839545,92.46733282090699,0.3788712494394756,91.05578607653297
2,Train_Extra,SAM,77,0.00503647420698194,99.98079139454475,0.29121804676039414,92.54419677171407,0.3734097461606457,91.7473490087598
2,Train_Extra,SAM,78,0.004706142591655346,100.0,0.3164057603576933,92.15987701767871,0.3833095617300357,91.42461964038728
2,Train_Extra,SAM,79,0.004567781496833027,100.0,0.31916130099912315,92.62106072252114,0.38987080631936516,91.42461964038728
2,Train_Extra,SAM,80,0.004717614783111251,100.0,0.31375225759945313,92.39046887009992,0.3736497763941067,91.28630705394191
2,Train_Extra,SAM,81,0.004679690197287299,100.0,0.3121041194875821,92.23674096848578,0.3797118770479881,91.47072383586907
2,Train_Extra,SAM,82,0.004806877096023616,100.0,0.3149826139623985,93.08224442736356,0.3812058464125479,91.83955739972338
2,Train_Extra,SAM,83,0.004845483171427908,100.0,0.2949262068740777,92.6979246733282,0.38660309138442034,91.28630705394191
2,Train_Extra,SAM,84,0.004808287233388497,100.0,0.31768975055831655,92.6979246733282,0.3973057528089521,90.9174734900876
2,Train_Extra,SAM,85,0.004937393647230065,100.0,0.3194751278379163,92.85165257494235,0.39885404305476757,91.10189027201476
2,Train_Extra,SAM,86,0.0046142100783613475,100.0,0.31393933913553795,93.23597232897771,0.3933078352071657,91.28630705394191
2,Train_Extra,SAM,87,0.00459054853635743,100.0,0.314781164041764,92.08301306687164,0.3951523688708983,91.24020285846012
2,Train_Extra,SAM,88,0.004577582763462253,100.0,0.31787873308627446,92.77478862413528,0.4086871593572292,90.77916090364224
2,Train_Extra,SAM,89,0.004568801475031747,100.0,0.3124099974903485,92.92851652574943,0.39048943553530385,91.3324112494237
2,Train_Extra,SAM,90,0.00454895126210537,100.0,0.3200755596023445,92.77478862413528,0.3981713198568481,91.37851544490549
2,Train_Extra,SAM,91,0.006137431334229929,99.96158278908952,0.3017880378847943,93.0053804765565,0.3925943275636217,91.51682803135085
2,Train_Extra,SAM,92,0.004330627564512239,100.0,0.3063626183078071,93.0053804765565,0.3936945826309845,91.51682803135085
2,Train_Extra,SAM,93,0.004705593257748231,99.98079139454475,0.30387870659285743,92.46733282090699,0.38124050259068026,91.65514061779622
2,Train_Extra,SAM,94,0.004269736484721578,100.0,0.31343737876845906,92.77478862413528,0.3843296611155162,91.70124481327801
2,Train_Extra,SAM,95,0.004470903624957599,100.0,0.32837728850205616,91.85242121445042,0.3989077528853634,90.87136929460581
2,Train_Extra,SAM,96,0.004344402640298055,100.0,0.30870944889209345,92.08301306687164,0.38276143998608386,91.56293222683264
2,Train_Extra,SAM,97,0.004220564701834385,100.0,0.3122807781023763,92.00614911606456,0.38633021542612667,91.51682803135085
2,Train_Extra,SAM,98,0.004140383433950551,100.0,0.2959718786918778,92.77478862413528,0.3717384649386544,91.70124481327801
2,Train_Extra,SAM,99,0.004067291007834298,100.0,0.281491279292803,93.08224442736356,0.380134557732353,91.51682803135085
2,Train_Extra,SAM,100,0.00414283737180286,100.0,0.28128483061099585,93.15910837817064,0.3645464517158976,91.79345320424159
2,Train_Extra,SAM,101,0.004174750328258228,100.0,0.27804759547950486,93.15910837817064,0.36696248557530226,91.83955739972338
2,Train_Extra,SAM,102,0.004106471932813114,100.0,0.27381538240658515,92.92851652574943,0.38180179584130763,91.42461964038728
2,Train_Extra,SAM,103,0.004055210208503152,100.0,0.285019781832783,93.46656418139892,0.3749408152258413,91.3324112494237
2,Train_Extra,SAM,104,0.004143175486892325,100.0,0.30745573589244685,92.85165257494235,0.37749340961253164,91.60903642231443
2,Train_Extra,SAM,105,0.004128295286170041,100.0,0.29676284209798615,93.08224442736356,0.36923895099570864,91.7473490087598
2,Train_Extra,SAM,106,0.004213985043543568,100.0,0.29339545898763697,93.38970023059186,0.36329961884483425,91.97786998616874
2,Train_Extra,SAM,107,0.004187515436848797,100.0,0.3094693486686856,92.77478862413528,0.3670357010121607,91.47072383586907
2,Train_Extra,SAM,108,0.004223704176663529,100.0,0.3128450041454998,92.85165257494235,0.36361111374893956,92.02397418165053
2,Train_Extra,SAM,109,0.004119302137566307,100.0,0.2906102218094649,93.0053804765565,0.35192131348995087,91.97786998616874
2,Train_Extra,SAM,110,0.0040819679681166005,100.0,0.29552130038054697,92.85165257494235,0.35416561674280284,91.83955739972338
2,Train_Extra,SAM,111,0.004122191163756959,100.0,0.2895600067524613,93.08224442736356,0.35994622613521915,91.60903642231443
2,Train_Extra,SAM,112,0.004106251267213488,100.0,0.2870121158653731,93.0053804765565,0.367950703984804,91.97786998616874
2,Train_Extra,SAM,113,0.0042544071379751885,100.0,0.27250664088471316,93.46656418139892,0.3437302645558638,92.30059935454126
2,Train_Extra,SAM,114,0.004066895611407064,100.0,0.2939054061136825,93.38970023059186,0.35607139536069254,91.93176579068695
2,Train_Extra,SAM,115,0.004231076014079611,100.0,0.2600241512128887,93.62029208301307,0.3551411271067796,91.83955739972338
2,Train_Extra,SAM,116,0.004228150517754028,100.0,0.2945081849770762,92.77478862413528,0.35955885785716424,91.51682803135085
2,Train_Extra,SAM,117,0.004286683276667048,100.0,0.28636161729888127,93.46656418139892,0.352451798139821,92.07007837713232
2,Train_Extra,SAM,118,0.004291020383761247,100.0,0.3027240133670364,92.77478862413528,0.35073570710632207,92.25449515905947
2,Train_Extra,SAM,119,0.004275632595809096,100.0,0.30144196027155384,93.08224442736356,0.35510740300349347,91.7473490087598
2,Train_Extra,SAM,120,0.004158969629310254,100.0,0.2838040021270353,93.69715603382014,0.3521678006390703,91.88566159520516
2,Train_Extra,SAM,121,0.004242707456696344,100.0,0.2893931457714151,93.23597232897771,0.35440168996569527,92.07007837713232
2,Train_Extra,SAM,122,0.004239801653129466,100.0,0.2917502406328848,93.54342813220599,0.3476300997124558,92.11618257261411
2,Train_Extra,SAM,123,0.004120828430996808,100.0,0.28097789508392956,93.0053804765565,0.3508202597849267,91.88566159520516
2,Train_Extra,SAM,124,0.004238367208531069,100.0,0.2914865463170338,93.69715603382014,0.35786964908180396,91.93176579068695
2,Train_Extra,SAM,125,0.004177060655312487,100.0,0.30324453074230223,93.08224442736356,0.3557841277729811,91.88566159520516
2,Train_Extra,SAM,126,0.004136993527623819,100.0,0.2813468343198162,93.77401998462722,0.3484408137654313,92.25449515905947
2,Train_Extra,SAM,127,0.00413805640451153,100.0,0.2716778407043718,94.00461183704843,0.34980835590757164,92.1622867680959
2,Train_Extra,SAM,128,0.004173999158037038,100.0,0.2694127644876807,93.92774788624135,0.3477680192682368,92.30059935454126
2,Train_Extra,SAM,129,0.004259829507266497,100.0,0.27288270988526664,93.62029208301307,0.3516568238557127,92.11618257261411
2,Train_Extra,SAM,130,0.004204814442993353,100.0,0.26783623507992294,93.77401998462722,0.34186325300228987,91.88566159520516
2,Train_Extra,SAM,131,0.0042252012812732465,100.0,0.26585797341304224,93.46656418139892,0.34174917811427374,92.30059935454126
2,Train_Extra,SAM,132,0.0041133700534301395,100.0,0.2894480414889026,93.46656418139892,0.3578425350553047,92.07007837713232
2,Train_Extra,SAM,133,0.0042715443868155765,100.0,0.2855775048648459,93.46656418139892,0.358652717867113,91.88566159520516
2,Train_Extra,SAM,134,0.00414303241746123,100.0,0.2782834073747698,93.85088393543428,0.3526539733988066,91.97786998616874
2,Train_Extra,SAM,135,0.004210654153357163,100.0,0.27231133996661494,93.77401998462722,0.35108027628156213,92.30059935454126
2,Train_Extra,SAM,136,0.004229759689609012,100.0,0.30010811690180966,93.38970023059186,0.3599464582264726,91.79345320424159
2,Train_Extra,SAM,137,0.004148358063475212,100.0,0.27999165427400735,93.54342813220599,0.3526627260344872,92.11618257261411
2,Train_Extra,SAM,138,0.004226764321949995,100.0,0.2883075908868703,93.46656418139892,0.3636908661582713,91.79345320424159
2,Train_Extra,SAM,139,0.004189278674026254,100.0,0.2748181683159534,93.77401998462722,0.3512286590837344,91.93176579068695
2,Train_Extra,SAM,140,0.004319347676883903,100.0,0.2922925208963677,93.46656418139892,0.3575041694897229,91.97786998616874
2,Train_Extra,SAM,141,0.004134079675687237,100.0,0.2827130064517145,93.85088393543428,0.34976677665956674,91.83955739972338
2,Train_Extra,SAM,142,0.004234257808377955,100.0,0.2750064159795745,93.69715603382014,0.3506721608742639,92.07007837713232
2,Train_Extra,SAM,143,0.004175236991440958,100.0,0.2634429930495263,94.00461183704843,0.3388685712813232,92.11618257261411
2,Train_Extra,SAM,144,0.004240663066517813,100.0,0.2711176321906919,93.85088393543428,0.34726424801728867,92.02397418165053
2,Train_Extra,SAM,145,0.0042731345401208366,100.0,0.25947955691704466,93.85088393543428,0.3448218026637701,92.25449515905947
2,Train_Extra,SAM,146,0.004227459282140059,100.0,0.2666798086234187,93.69715603382014,0.338823566731081,92.20839096357768
2,Train_Extra,SAM,147,0.004230328197762416,100.0,0.2573567521769115,93.77401998462722,0.33440405754187846,92.5311203319502
2,Train_Extra,SAM,148,0.004290544674331836,100.0,0.2773922153338389,93.46656418139892,0.3493795550710433,91.7473490087598
2,Train_Extra,SAM,149,0.004240118561346838,100.0,0.27094601579210925,93.69715603382014,0.3351545666922837,92.07007837713232
2,Train_Extra,SAM,150,0.004130995059614441,100.0,0.27818274392612524,93.69715603382014,0.3452120241122951,92.20839096357768
2,Train_Extra,SAM,151,0.004306734908812114,100.0,0.2649301722084532,94.0814757878555,0.3382945234542511,92.02397418165053
2,Train_Extra,SAM,152,0.00424801373062941,100.0,0.2663345134643112,93.85088393543428,0.33544426334102123,92.66943291839557
2,Train_Extra,SAM,153,0.00427788587935566,100.0,0.2674980695480388,94.0814757878555,0.3481802034276375,92.11618257261411
2,Train_Extra,SAM,154,0.004272256968571502,100.0,0.2613453073376972,94.00461183704843,0.3405522309302075,92.30059935454126
2,Train_Extra,SAM,155,0.0043416576734258356,100.0,0.2654213076779514,94.23520368946964,0.33973902079876583,92.07007837713232
2,Train_Extra,SAM,156,0.004273328283784534,100.0,0.2720908578270495,94.15833973866256,0.34339112913130393,92.30059935454126
2,Train_Extra,SAM,157,0.004227665014439291,100.0,0.2718674072295679,93.54342813220599,0.3463152377299858,92.1622867680959
2,Train_Extra,SAM,158,0.0043991675937513994,100.0,0.26879703767202523,93.69715603382014,0.3486775477507412,91.83955739972338
2,Train_Extra,SAM,159,0.004246428560328447,100.0,0.27398352027168466,93.92774788624135,0.34786336244169386,92.11618257261411
2,Train_Extra,SAM,160,0.0043561799491704245,100.0,0.2835329906881818,93.46656418139892,0.3578401136337859,91.93176579068695
2,Train_Extra,SAM,161,0.00421948241929815,100.0,0.27456675965817134,93.77401998462722,0.3453718549290688,91.93176579068695
2,Train_Extra,SAM,162,0.004184479663788449,100.0,0.24612781650556406,94.0814757878555,0.34543301988824165,92.1622867680959
2,Train_Extra,SAM,163,0.0042217331088542295,100.0,0.2627736296587775,93.92774788624135,0.34601191459107694,91.93176579068695
2,Train_Extra,SAM,164,0.0043775455653381765,100.0,0.26087885494877244,94.00461183704843,0.3485202830046099,91.93176579068695
2,Train_Extra,SAM,165,0.0042504729378819925,100.0,0.26648986112787393,94.00461183704843,0.3490669085112185,92.1622867680959
2,Train_Extra,SAM,166,0.004351364608648364,100.0,0.26756612530449186,94.15833973866256,0.33904269465437237,92.1622867680959
2,Train_Extra,SAM,167,0.0042437906219892525,100.0,0.2623066154468252,93.69715603382014,0.3448976831138821,92.5311203319502
2,Train_Extra,SAM,168,0.004267094958933538,100.0,0.25812779972866623,93.85088393543428,0.34614429567584576,92.34670355002305
2,Train_Extra,SAM,169,0.004316482258720632,100.0,0.26041705916699404,93.92774788624135,0.3408526862928976,92.48501613646842
2,Train_Extra,SAM,170,0.004311313969797335,100.0,0.254007732382561,94.23520368946964,0.3422830025135179,92.11618257261411
2,Train_Extra,SAM,171,0.0043454205876564825,100.0,0.28515180716324,93.85088393543428,0.3537549079975921,91.93176579068695
2,Train_Extra,SAM,172,0.004320801553556387,100.0,0.2590792088394986,93.85088393543428,0.34788907211103876,91.97786998616874
2,Train_Extra,SAM,173,0.004280708749504314,100.0,0.27406316448137635,93.62029208301307,0.3418390477250501,92.20839096357768
2,Train_Extra,SAM,174,0.004267658031991243,100.0,0.25624384312424453,94.0814757878555,0.33991038352731956,92.1622867680959
2,Train_Extra,SAM,175,0.004297633678580925,100.0,0.2656992413189483,93.62029208301307,0.35087721172759695,92.07007837713232
2,Train_Extra,SAM,176,0.004268744087669473,100.0,0.2623266862686738,94.00461183704843,0.34383950174651756,92.30059935454126
2,Train_Extra,SAM,177,0.004274018807336688,100.0,0.26203212613879856,93.85088393543428,0.33054711677584026,92.62332872291378
2,Train_Extra,SAM,178,0.00439292251738074,100.0,0.2673593979102662,93.92774788624135,0.34530137575486114,92.1622867680959
2,Train_Extra,SAM,179,0.00425524921642125,100.0,0.2677320956863137,93.69715603382014,0.3446175279623905,92.34670355002305
2,Train_Extra,SAM,180,0.0041512207740894945,100.0,0.26273926755815724,93.85088393543428,0.34198960407695883,92.20839096357768
2,Train_Extra,SAM,181,0.004232877810439952,100.0,0.2655058878944252,93.69715603382014,0.3379550077718433,92.34670355002305
2,Train_Extra,SAM,182,0.0042070273189959715,100.0,0.24995678249778058,94.15833973866256,0.3379340742922093,92.577224527432
2,Train_Extra,SAM,183,0.004312372620737443,100.0,0.2685608764756743,93.77401998462722,0.345107604304235,92.1622867680959
2,Train_Extra,SAM,184,0.004345509626451262,100.0,0.26556515248118684,94.00461183704843,0.34800299409211866,92.43891194098663
2,Train_Extra,SAM,185,0.004399517912451932,100.0,0.2527761526926951,94.31206764027671,0.3480968265392748,92.30059935454126
2,Train_Extra,SAM,186,0.00421893838264528,100.0,0.2614608585009843,93.77401998462722,0.34810044464975964,92.02397418165053
2,Train_Extra,SAM,187,0.0042352934776479665,100.0,0.26191094987306296,93.77401998462722,0.3446750786377022,92.30059935454126
2,Train_Extra,SAM,188,0.0042606201265692895,100.0,0.2687034510723176,93.54342813220599,0.3441709098163537,91.93176579068695
2,Train_Extra,SAM,189,0.004326756145130912,100.0,0.2682273014406348,93.92774788624135,0.35428848976691013,91.93176579068695
2,Train_Extra,SAM,190,0.004286911607822803,100.0,0.2570531291516353,93.92774788624135,0.34162381513292417,92.34670355002305
2,Train_Extra,SAM,191,0.004308969078819764,100.0,0.26305497652470927,93.85088393543428,0.33920301007147263,92.20839096357768
2,Train_Extra,SAM,192,0.0043262934749317495,100.0,0.25839537652431316,93.77401998462722,0.3352537435106332,92.71553711387736
2,Train_Extra,SAM,193,0.004239836413458996,100.0,0.25404481178609156,94.46579554189086,0.3409139887700712,92.39280774550484
2,Train_Extra,SAM,194,0.0043922220006802236,100.0,0.27904907605402474,93.46656418139892,0.3425090106855949,92.1622867680959
2,Train_Extra,SAM,195,0.004255574465832142,100.0,0.2632479324513083,93.77401998462722,0.34728149554459053,92.1622867680959
2,Train_Extra,SAM,196,0.004319309731202623,100.0,0.2667680837208266,93.77401998462722,0.3416729919052498,92.30059935454126
2,Train_Extra,SAM,197,0.00426734629747075,100.0,0.25910365496755655,94.00461183704843,0.34246215966232585,92.20839096357768
2,Train_Extra,SAM,198,0.004310696817180313,100.0,0.262180766195265,93.92774788624135,0.3480521935081636,92.20839096357768
2,Train_Extra,SAM,199,0.004342898569338343,100.0,0.25963014941505064,94.23520368946964,0.3475964695297666,92.20839096357768
2,Train_Extra,SAM,200,0.004346639943520533,100.0,0.2744160746721741,93.54342813220599,0.35086936407811414,91.97786998616874
3,Train,SAM,1,2.7924515586689207,43.7956204379562,1.7603595447393676,65.94926979246733,1.7316593899051953,66.20562471184878
3,Train,SAM,2,1.3551146892682175,72.26277372262774,0.9478220528680301,79.40046118370485,0.9347844773473252,81.18948824343015
3,Train,SAM,3,0.5942932494396082,88.64771417595082,0.5720690832882088,88.16295157571099,0.5812194455653745,87.82849239280775
3,Train,SAM,4,0.25142359710727,95.73568958893584,0.44084960114580224,89.70023059185242,0.44057250926988145,90.0875979714154
3,Train,SAM,5,0.1319303614275953,98.2520169035728,0.3901295436748077,90.62259800153728,0.38954092885778485,90.68695251267866
3,Train,SAM,6,0.07507736130726118,99.15482135996926,0.35423791673117466,90.62259800153728,0.37774383163001474,90.82526509912402
3,Train,SAM,7,0.05034430799263021,99.50057625816366,0.3840426760027722,89.62336664104535,0.390750602238076,90.27201475334256
3,Train,SAM,8,0.0382808579726179,99.63503649635037,0.35018216183467793,91.16064565718678,0.3536896202876415,90.96357768556939
3,Train,SAM,9,0.02826751789443789,99.80791394544757,0.3382127635369935,90.8531898539585,0.35115380767937243,91.56293222683264
3,Train,SAM,10,0.021502223597165266,99.90395697272378,0.3199853755656822,91.46810146041507,0.34277621165790445,91.42461964038728
3,Train,SAM,11,0.02225617980698775,99.84633115635805,0.35115836151831886,91.08378170637971,0.35601170294402434,91.3324112494237
3,Train,SAM,12,0.01851056578306287,99.90395697272378,0.3419835119551874,91.16064565718678,0.3481538289425394,91.42461964038728
3,Train,SAM,13,0.016313869391847972,99.94237418363427,0.3719511409615847,90.69946195234435,0.35217613538271164,91.3324112494237
3,Train,SAM,14,0.014725006942528705,99.96158278908952,0.3715290249676818,90.31514219830899,0.37244227157588816,90.96357768556939
3,Train,SAM,15,0.011307017894838851,100.0,0.33143081182154394,91.6218293620292,0.32341422446315987,92.20839096357768
3,Train,SAM,16,0.01091420071548068,99.96158278908952,0.34480817752283965,91.85242121445042,0.37153110805333844,91.14799446749655
3,Train,SAM,17,0.012357233566420576,99.92316557817902,0.33746501864675005,91.08378170637971,0.35992169245534805,91.24020285846012
3,Train,SAM,18,0.01104197835412585,99.98079139454475,0.34395606082783214,91.23750960799386,0.35858658991441467,91.65514061779622
3,Train,SAM,19,0.009226027136937104,99.98079139454475,0.34237069117161606,91.00691775557263,0.3825007722283245,90.54863992623329
3,Train,SAM,20,0.009360181291993319,99.96158278908952,0.34808918130480265,90.93005380476556,0.3661398778675118,91.19409866297833
3,Train,SAM,21,0.008714460306429516,99.98079139454475,0.3348291638743227,91.23750960799386,0.3491264072196612,90.9174734900876
3,Train,SAM,22,0.007236699576552478,99.98079139454475,0.33206715945907506,91.77555726364335,0.36410047074736074,91.28630705394191
3,Train,SAM,23,0.008003407806455174,100.0,0.33521978303412125,91.77555726364335,0.33767558334059516,92.30059935454126
3,Train,SAM,24,0.007220423568262965,100.0,0.3583651838350259,90.93005380476556,0.3439688167164215,91.42461964038728
3,Train,SAM,25,0.007116310264161028,99.98079139454475,0.31302263832248056,92.23674096848578,0.3493670664552501,91.70124481327801
3,Train,SAM,26,0.007025537750986547,99.98079139454475,0.3645662383264436,91.00691775557263,0.36498446066624674,91.3324112494237
3,Train,SAM,27,0.006056708183019576,100.0,0.35774426677655846,91.08378170637971,0.35385965829678206,91.65514061779622
3,Train,SAM,28,0.006208440564584239,100.0,0.34841614918100383,91.77555726364335,0.36056342814418235,91.19409866297833
3,Train,SAM,29,0.006706424637417669,99.98079139454475,0.33841929693550993,91.39123750960799,0.3432885902358838,91.14799446749655
3,Train,SAM,30,0.006243620995586407,100.0,0.3188812646851642,92.54419677171407,0.34612720828278376,91.60903642231443
3,Train,SAM,31,0.006027990840718242,99.98079139454475,0.34177661335509524,91.85242121445042,0.3538373003307165,91.51682803135085
3,Train,SAM,32,0.005297600415940939,100.0,0.32120225675043285,92.23674096848578,0.3386450151574947,91.88566159520516
3,Train,SAM,33,0.006187516454595821,99.98079139454475,0.33965091591129665,91.39123750960799,0.3750438106848711,91.14799446749655
3,Train,SAM,34,0.007821158251719423,99.96158278908952,0.32257079357119545,91.6218293620292,0.3713403009582412,91.14799446749655
3,Train,SAM,35,0.0075879838957559845,99.98079139454475,0.3890716470634818,91.23750960799386,0.37891544591946336,90.87136929460581
3,Train,SAM,36,0.006615485756035232,100.0,0.367706183819451,90.69946195234435,0.39725272024952907,91.24020285846012
3,Train,SAM,37,0.007045214685777122,100.0,0.37016573683469683,91.23750960799386,0.3733479066233637,91.28630705394191
3,Train,SAM,38,0.00838107629779132,99.92316557817902,0.3474554631753118,91.77555726364335,0.36289138930522113,91.42461964038728
3,Train,SAM,39,0.007999014547894612,99.98079139454475,0.33386011892424283,91.46810146041507,0.3621544272064778,91.47072383586907
3,Train,SAM,40,0.005564702939002152,100.0,0.34840032225796846,92.31360491929286,0.3645511599194899,91.24020285846012
3,Train,SAM,41,0.005179396566957738,100.0,0.3412334203353577,91.69869331283628,0.34331074729390054,91.88566159520516
3,Train,SAM,42,0.004845272281858499,100.0,0.3468293597339026,91.39123750960799,0.35090045275749726,91.7473490087598
3,Train,SAM,43,0.004838334105086107,100.0,0.3511666398979351,91.46810146041507,0.34850926258257314,91.7473490087598
3,Train,SAM,44,0.0052952932192446905,99.98079139454475,0.3273100005856484,92.00614911606456,0.33668065426288085,92.07007837713232
3,Train,SAM,45,0.005288696882137857,100.0,0.33988011075752134,91.54496541122214,0.37115732815035923,91.60903642231443
3,Train,SAM,46,0.0049155311804676164,100.0,0.31805501777469697,92.15987701767871,0.3380239089687281,91.56293222683264
3,Train,SAM,47,0.0047648289373738726,100.0,0.3310174212993612,92.23674096848578,0.3680324601984178,91.65514061779622
3,Train,SAM,48,0.004851900898148677,100.0,0.33634894494136236,91.9292851652575,0.3670593710773384,91.28630705394191
3,Train,SAM,49,0.005759456287783805,99.98079139454475,0.33162433082534204,92.00614911606456,0.3669094438099982,91.51682803135085
3,Train,SAM,50,0.005503550900340629,99.98079139454475,0.3370936463581975,91.85242121445042,0.3532025020427009,91.47072383586907
3,Train,SAM,51,0.005793091231825665,99.96158278908952,0.376819206053802,90.8531898539585,0.3693577647827473,90.82526509912402
3,Train,SAM,52,0.007150159188849063,99.94237418363427,0.36304348010818926,91.08378170637971,0.38641033155020066,91.28630705394191
3,Train,SAM,53,0.006065540407081506,99.98079139454475,0.33216125194518775,91.9292851652575,0.38335953593089206,90.96357768556939
3,Train,SAM,54,0.00650312386573138,99.96158278908952,0.3633145027830452,91.23750960799386,0.39920922083313864,90.59474412171508
3,Train,SAM,55,0.006364317352317868,99.98079139454475,0.3281635251540482,91.9292851652575,0.37734299152059014,91.10189027201476
3,Train,SAM,56,0.005836409982293844,99.98079139454475,0.37739508470046484,90.77632590315142,0.40069566557845965,90.87136929460581
3,Train,SAM,57,0.006389244328155839,100.0,0.38549125082304075,90.5457340507302,0.3964599446183583,91.00968188105118
3,Train,SAM,58,0.00613210920924378,99.98079139454475,0.3746412716960559,90.93005380476556,0.3996958748749623,90.5025357307515
3,Train,SAM,59,0.00635817526565419,99.94237418363427,0.33474713869730754,92.15987701767871,0.3984044217648403,90.5025357307515
3,Train,SAM,60,0.005392663702197327,100.0,0.3667770735146356,90.62259800153728,0.3787419572987827,91.10189027201476
3,Train,SAM,61,0.006180699000512164,99.98079139454475,0.3377172383869913,91.85242121445042,0.3569446234191382,91.47072383586907
3,Train,SAM,62,0.005774339356751073,100.0,0.3626548581335015,90.93005380476556,0.4040896161916675,90.54863992623329
3,Train,SAM,63,0.006753474375393036,99.98079139454475,0.3189155028289689,92.00614911606456,0.38260585234537825,90.73305670816045
3,Train,SAM,64,0.006166346985389667,99.98079139454475,0.3336463487097889,91.31437355880092,0.36177266309782347,91.3324112494237
3,Train,SAM,65,0.006446965427303606,99.98079139454475,0.35125294859183925,91.77555726364335,0.3930569927076306,90.22591055786077
3,Train,SAM,66,0.007007542699775401,99.98079139454475,0.3439985009842337,91.54496541122214,0.3782449821108989,91.10189027201476
3,Train,SAM,67,0.00543000771052724,100.0,0.35304618928635884,91.23750960799386,0.35538117648709916,91.60903642231443
3,Train,SAM,68,0.005376233487887068,100.0,0.36857383575098596,91.54496541122214,0.36417634520677994,91.47072383586907
3,Train,SAM,69,0.005584584097692206,99.98079139454475,0.3558276507782991,91.31437355880092,0.3606040540270236,91.28630705394191
3,Train,SAM,70,0.00565504851791025,100.0,0.3712208929609831,91.08378170637971,0.36345966055872475,91.24020285846012
3,Train,SAM,71,0.006113943380326535,100.0,0.3627703678232262,91.85242121445042,0.3768182439483108,91.28630705394191
3,Train,SAM,72,0.005632430680690368,100.0,0.39036503942721995,90.23827824750192,0.3975401224423356,90.54863992623329
3,Train,SAM,73,0.006158398997118594,99.98079139454475,0.3449084868942381,91.39123750960799,0.37479429605810693,91.79345320424159
3,Train,SAM,74,0.007132924648938826,100.0,0.39623838846359133,90.77632590315142,0.391123458585084,90.36422314430614
3,Train,SAM,75,0.008995591651396883,99.94237418363427,0.3681344044817859,91.16064565718678,0.3889776536290576,91.28630705394191
3,Train,SAM,76,0.006782715697344279,99.98079139454475,0.40106869344066237,90.69946195234435,0.4235392600201747,89.94928538497003
3,Train,SAM,77,0.007284898000935012,99.98079139454475,0.38477905251538175,90.31514219830899,0.3990038972590144,90.5025357307515
3,Train,SAM,78,0.006269290027682858,99.96158278908952,0.3621873252901272,91.23750960799386,0.39910911857642134,90.77916090364224
3,Train,SAM,79,0.0068475664750404334,99.96158278908952,0.3773008512245702,90.8531898539585,0.3776456145934654,91.56293222683264
3,Train,SAM,80,0.006579899097695672,99.96158278908952,0.38115107256641395,90.93005380476556,0.41868182203361876,90.54863992623329
3,Train,SAM,81,0.008786798820493777,99.90395697272378,0.38707971318319245,91.9292851652575,0.3831861418422437,91.51682803135085
3,Train,SAM,82,0.00924337081085502,99.94237418363427,0.3791927674171056,90.23827824750192,0.3996633652884491,90.64084831719687
3,Train,SAM,83,0.00600090256229363,100.0,0.38406950049818156,90.69946195234435,0.3868633163873915,90.59474412171508
3,Train,SAM,84,0.005972749983571881,99.98079139454475,0.39145545046389973,90.8531898539585,0.408882260116469,90.59474412171508
3,Train,SAM,85,0.00562391248588776,100.0,0.4376275777404442,89.70023059185242,0.42515005890594315,90.22591055786077
3,Train,SAM,86,0.0073598249504011285,99.98079139454475,0.44822805544947036,89.31591083781706,0.4002838644970667,91.05578607653297
3,Train,SAM,87,0.006581126120901364,100.0,0.4238960435535246,89.4696387394312,0.400788203218446,90.64084831719687
3,Train,SAM,88,0.00756396432521473,99.94237418363427,0.4728312805283537,89.31591083781706,0.44256611049532507,89.53434762563393
3,Train,SAM,89,0.007368304128215814,99.96158278908952,0.43889556015389963,90.5457340507302,0.3898688170727413,90.9174734900876
3,Train,SAM,90,0.006011153259914528,99.98079139454475,0.4209608450978651,90.8531898539585,0.4192665981471456,89.99538958045181
3,Train,SAM,91,0.007089599754169949,100.0,0.4205072158396381,90.93005380476556,0.4249093390901609,90.0875979714154
3,Train,SAM,92,0.009075353262043255,99.92316557817902,0.43460879707959504,89.31591083781706,0.4052627875322348,90.68695251267866
3,Train,SAM,93,0.007929388567965273,99.94237418363427,0.4200227506613383,90.08455034588778,0.4294337338019539,90.17980636237898
3,Train,SAM,94,0.0071639399175629295,99.98079139454475,0.3830939893718869,91.16064565718678,0.4132423834242322,90.45643153526972
3,Train,SAM,95,0.005919299674066115,100.0,0.4132083496801859,90.46887009992314,0.4292518070294814,90.1337021668972
3,Train,SAM,96,0.006310503922711395,99.98079139454475,0.39615658313883534,90.8531898539585,0.43986530778538857,90.22591055786077
3,Train,SAM,97,0.006633462879286816,100.0,0.4016406199365831,90.69946195234435,0.4576911470784521,88.70447210696173
3,Train,SAM,98,0.0072858043777773536,99.96158278908952,0.40111528212157327,90.8531898539585,0.4664997770770897,89.07330567081604
3,Train,SAM,99,0.005487430700746599,100.0,0.39688762886124695,89.93082244427363,0.4402887462580352,89.71876440756108
3,Train,SAM,100,0.00704985771733879,100.0,0.45405031859210415,88.93159108378171,0.4625690554956952,89.39603503918856
3,Train,SAM,101,0.006164563336963851,100.0,0.4202782522706597,90.31514219830899,0.4490852397726999,89.2116182572614
3,Train,SAM,102,0.005075931814756313,100.0,0.41897024198805344,90.16141429669484,0.44027685382609105,89.85707699400645
3,Train,SAM,103,0.0056835578438865905,100.0,0.41107309501414846,89.62336664104535,0.45170434229436585,89.6265560165975
3,Train,SAM,104,0.006378983875930858,99.98079139454475,0.40650177768200385,90.31514219830899,0.46550782698813314,89.30382664822498
3,Train,SAM,105,0.006643479070026268,99.98079139454475,0.4197837343521067,90.08455034588778,0.49815658512561756,88.52005532503458
3,Train,SAM,106,0.008134159368057193,99.96158278908952,0.39960733177476804,90.23827824750192,0.4636138341651088,89.6265560165975
3,Train,SAM,107,0.0069630461362150545,99.96158278908952,0.3927931918445502,90.39200614911607,0.47064093557740755,89.07330567081604
3,Train,SAM,108,0.006858383692469608,99.98079139454475,0.40899024302459147,89.93082244427363,0.4588801087515318,89.30382664822498
3,Train,SAM,109,0.006350869341450601,99.98079139454475,0.4324850104434228,90.08455034588778,0.5173913767503779,87.45965882895344
3,Train,SAM,110,0.006681957426395244,99.98079139454475,0.4888327517113623,88.85472713297463,0.5330528053148049,87.5979714153988
3,Train,SAM,111,0.010560001460892475,99.94237418363427,0.40365870701267936,90.31514219830899,0.4581465456701743,89.11940986629783
3,Train,SAM,112,0.009015567822130454,99.90395697272378,0.4235101889913399,89.70023059185242,0.4854959212810337,88.61226371599815
3,Train,SAM,113,0.007292467673691961,99.98079139454475,0.38143652443882137,90.93005380476556,0.4312909079235564,90.04149377593362
3,Train,SAM,114,0.0064389037905386625,100.0,0.3854812614900346,91.08378170637971,0.4601607117552865,89.2577224527432
3,Train,SAM,115,0.006926643832135328,100.0,0.425396195679422,89.54650269023828,0.45331095209205247,89.90318118948824
3,Train,SAM,116,0.009036461374168199,99.96158278908952,0.4045169528954584,90.23827824750192,0.47432912815381106,89.02720147533425
3,Train,SAM,117,0.006955388543464563,99.98079139454475,0.4086328408380914,90.8531898539585,0.4755637845227992,88.93499308437067
3,Train,SAM,118,0.0064500823946943954,100.0,0.4209140749457797,90.62259800153728,0.47702927416840585,89.16551406177962
3,Train,SAM,119,0.007969772498883261,99.94237418363427,0.4222775528194536,90.16141429669484,0.4890715785156257,88.79668049792531
3,Train,SAM,120,0.0071850687878183515,99.96158278908952,0.46019376845290166,88.93159108378171,0.5128454733974871,87.82849239280775
3,Train,SAM,121,0.007923907653194355,99.98079139454475,0.4583419306199428,89.54650269023828,0.5047687896389519,88.15122176118027
3,Train,SAM,122,0.008083334338331333,100.0,0.4574786707770357,88.93159108378171,0.5111322518371118,88.05901337021669
3,Train,SAM,123,0.007632018184072218,99.94237418363427,0.4782559321441621,88.54727132974635,0.48579572211588623,88.8427846934071
3,Train,SAM,124,0.006549436931121249,99.98079139454475,0.46484464963613153,89.00845503458878,0.5273639786045581,87.92070078377132
3,Train,SAM,125,0.00837229668916963,99.94237418363427,0.43946818307580443,89.70023059185242,0.5227384588420528,88.33563854310742
3,Train_Extra,SAM,1,0.007305162709543447,99.96158278908952,0.3207753139228018,91.9292851652575,0.3451074081640081,91.60903642231443
3,Train_Extra,SAM,2,0.006794884643071771,99.96158278908952,0.3494796330806478,91.69869331283628,0.3698442373794034,91.70124481327801
3,Train_Extra,SAM,3,0.0061966355545789095,99.98079139454475,0.3521856681846775,91.23750960799386,0.36503018333704146,91.83955739972338
3,Train_Extra,SAM,4,0.007789996065530766,99.96158278908952,0.36246754012595317,91.08378170637971,0.39653665732820775,90.5025357307515
3,Train_Extra,SAM,5,0.008076963299154047,99.96158278908952,0.3617668634740139,91.85242121445042,0.3740513676622047,90.73305670816045
3,Train_Extra,SAM,6,0.007367705611334942,99.98079139454475,0.3528977255011228,91.6218293620292,0.3720699133220055,91.05578607653297
3,Train_Extra,SAM,7,0.007478089368919288,99.96158278908952,0.34114628647676715,92.15987701767871,0.3588696688949485,90.96357768556939
3,Train_Extra,SAM,8,0.006638667209822388,100.0,0.3655954168724336,91.08378170637971,0.3741838735278821,90.87136929460581
3,Train_Extra,SAM,9,0.005971284536787657,100.0,0.34152887760447503,92.23674096848578,0.3511580070931552,91.47072383586907
3,Train_Extra,SAM,10,0.005548806105414691,100.0,0.3441434653102206,91.77555726364335,0.37513999365452194,91.05578607653297
3,Train_Extra,SAM,11,0.006881922296322653,99.98079139454475,0.3387321052553102,91.23750960799386,0.36386908704149606,91.24020285846012
3,Train_Extra,SAM,12,0.006153567025632215,100.0,0.39774092679111706,90.62259800153728,0.37402904629982137,91.28630705394191
3,Train_Extra,SAM,13,0.005230955795979162,100.0,0.3677219482772997,90.8531898539585,0.3544333588422966,91.42461964038728
3,Train_Extra,SAM,14,0.005889549455034083,99.98079139454475,0.34543098082091606,91.54496541122214,0.3659515224496798,91.37851544490549
3,Train_Extra,SAM,15,0.006124408364273105,99.98079139454475,0.32589047449676006,92.00614911606456,0.3470074600643582,91.28630705394191
3,Train_Extra,SAM,16,0.006088317426898591,99.98079139454475,0.3334137270660881,92.08301306687164,0.36146947171293464,91.56293222683264
3,Train_Extra,SAM,17,0.005602322081018216,100.0,0.33520966902272137,91.69869331283628,0.3517261384310069,91.51682803135085
3,Train_Extra,SAM,18,0.005838099261460129,99.98079139454475,0.3192787211872265,92.23674096848578,0.36923126104846427,91.3324112494237
3,Train_Extra,SAM,19,0.0051631370617899516,100.0,0.3101366362280336,92.62106072252114,0.35361108863996765,91.83955739972338
3,Train_Extra,SAM,20,0.0057896181971029,99.98079139454475,0.35833493215271733,90.69946195234435,0.3713692754520805,91.24020285846012
3,Train_Extra,SAM,21,0.008726696548069273,99.96158278908952,0.3250581335668652,92.15987701767871,0.3520643881055384,91.51682803135085
3,Train_Extra,SAM,22,0.005700574964970533,100.0,0.3091508110184838,92.31360491929286,0.37514034321693956,90.96357768556939
3,Train_Extra,SAM,23,0.006062718098297532,99.98079139454475,0.31495308912116504,92.08301306687164,0.364110170499885,91.05578607653297
3,Train_Extra,SAM,24,0.00556107347565446,100.0,0.3319167093438978,92.08301306687164,0.3666891252846144,91.28630705394191
3,Train_Extra,SAM,25,0.005410944246629859,100.0,0.35195512376685584,91.77555726364335,0.3816324550608656,91.10189027201476
3,Train_Extra,SAM,26,0.00517213958789783,100.0,0.3488044193176285,91.9292851652575,0.3952143589724259,90.31811894882435
3,Train_Extra,SAM,27,0.005554511897448747,100.0,0.3603043116050716,92.00614911606456,0.3761347084756599,91.05578607653297
3,Train_Extra,SAM,28,0.005380050283485304,100.0,0.37200150066710364,90.69946195234435,0.37470989061863863,91.28630705394191
3,Train_Extra,SAM,29,0.005222427617312849,100.0,0.3534904026829399,91.31437355880092,0.3923890874263821,90.59474412171508
3,Train_Extra,SAM,30,0.004770259622861545,100.0,0.31101569350090147,92.62106072252114,0.3763085941583564,91.37851544490549
3,Train_Extra,SAM,31,0.00513914789421701,100.0,0.34359509832899354,91.54496541122214,0.3788400130950124,90.59474412171508
3,Train_Extra,SAM,32,0.006247715313170402,99.98079139454475,0.35052505615442925,91.54496541122214,0.4015866305323557,90.82526509912402
3,Train_Extra,SAM,33,0.005823595057944396,100.0,0.34925977865679275,91.54496541122214,0.3775339759594287,90.73305670816045
3,Train_Extra,SAM,34,0.005407466644569774,100.0,0.332768246909456,91.54496541122214,0.4059621565294683,90.36422314430614
3,Train_Extra,SAM,35,0.005168126711759008,100.0,0.3347824342737832,92.08301306687164,0.38216291071908054,91.19409866297833
3,Train_Extra,SAM,36,0.005231352667952745,99.98079139454475,0.3147524542688499,92.39046887009992,0.38183988832751414,91.10189027201476
3,Train_Extra,SAM,37,0.005611359790264646,100.0,0.33180935224439434,92.08301306687164,0.3867964193451619,91.00968188105118
3,Train_Extra,SAM,38,0.00657750300683104,99.98079139454475,0.32364309859461365,92.46733282090699,0.40374546133603517,91.00968188105118
3,Train_Extra,SAM,39,0.0051082591533352355,99.98079139454475,0.33747616581487067,91.77555726364335,0.3896730987500243,90.77916090364224
3,Train_Extra,SAM,40,0.005577703640779103,99.98079139454475,0.3611864009378141,91.16064565718678,0.3975038782085016,90.54863992623329
3,Train_Extra,SAM,41,0.004989763933942407,100.0,0.3371440028853365,91.69869331283628,0.40175723661305773,90.96357768556939
3,Train_Extra,SAM,42,0.005060177454953453,100.0,0.3443746545125117,91.9292851652575,0.38427772428265033,91.60903642231443
3,Train_Extra,SAM,43,0.005096191540360451,99.98079139454475,0.358639406708916,92.39046887009992,0.39018148983497675,91.24020285846012
3,Train_Extra,SAM,44,0.005250724678876256,100.0,0.3690850368538423,91.69869331283628,0.39273938381380613,90.87136929460581
3,Train_Extra,SAM,45,0.005919806489955199,99.98079139454475,0.3683860212175045,91.77555726364335,0.39840718169484945,91.14799446749655
3,Train_Extra,SAM,46,0.005283878186283393,100.0,0.36503700309538273,91.77555726364335,0.3812840968411658,91.14799446749655
3,Train_Extra,SAM,47,0.00559878959234781,100.0,0.362214557614627,92.00614911606456,0.36892425883415386,91.65514061779622
3,Train_Extra,SAM,48,0.005082625962159614,100.0,0.36845717225782143,91.46810146041507,0.380856572839729,90.96357768556939
3,Train_Extra,SAM,49,0.006028725492819412,99.98079139454475,0.35642987699301587,91.54496541122214,0.37392466765716365,91.00968188105118
3,Train_Extra,SAM,50,0.005081981235538021,100.0,0.3740308119369231,91.46810146041507,0.37458209795795755,91.42461964038728
3,Train_Extra,SAM,51,0.0050320037643488014,100.0,0.373309184200804,91.6218293620292,0.390510429911154,91.19409866297833
3,Train_Extra,SAM,52,0.005404573686683745,100.0,0.3767530261370698,91.6218293620292,0.39004098433346834,90.64084831719687
3,Train_Extra,SAM,53,0.005050299967713425,100.0,0.3812697181860407,91.23750960799386,0.3956579260559003,90.87136929460581
3,Train_Extra,SAM,54,0.005005469866399796,100.0,0.35689359063212456,91.54496541122214,0.37564426327339784,91.28630705394191
3,Train_Extra,SAM,55,0.005377868229688996,99.98079139454475,0.409859987197703,90.08455034588778,0.40480502759767273,90.64084831719687
3,Train_Extra,SAM,56,0.005221257078392785,99.98079139454475,0.3523684425779162,91.39123750960799,0.36709840637629565,91.28630705394191
3,Train_Extra,SAM,57,0.004761523841394603,100.0,0.3614368776144384,91.31437355880092,0.3748792720148782,91.00968188105118
3,Train_Extra,SAM,58,0.004885998503105041,100.0,0.3643445858673166,91.00691775557263,0.3950717028190926,91.10189027201476
3,Train_Extra,SAM,59,0.005133300033352263,100.0,0.34225280283965304,91.77555726364335,0.3767055232453973,91.42461964038728
3,Train_Extra,SAM,60,0.004682311772488835,100.0,0.3662749112087612,91.00691775557263,0.4169780973906669,90.41032733978793
3,Train_Extra,SAM,61,0.007569918127593361,99.96158278908952,0.37790864850355055,90.77632590315142,0.4156955641472378,90.41032733978793
3,Train_Extra,SAM,62,0.0055595462923252415,99.98079139454475,0.3816922279869383,90.8531898539585,0.40389733622430274,91.37851544490549
3,Train_Extra,SAM,63,0.005197565479809704,100.0,0.3634428704453834,91.39123750960799,0.39939441095304246,91.00968188105118
3,Train_Extra,SAM,64,0.004756386879620148,100.0,0.3432316094132958,91.69869331283628,0.38619006544337836,91.3324112494237
3,Train_Extra,SAM,65,0.004929952846234379,99.96158278908952,0.3418126046817913,91.54496541122214,0.3803666068035757,91.3324112494237
3,Train_Extra,SAM,66,0.005015122359247158,100.0,0.35483164524374605,91.85242121445042,0.39217949797063995,90.82526509912402
3,Train_Extra,SAM,67,0.005311503934251156,100.0,0.4285993524393973,90.23827824750192,0.4011851279017781,90.54863992623329
3,Train_Extra,SAM,68,0.0052505751694638305,99.98079139454475,0.3942198180217728,90.8531898539585,0.4246656633346737,89.94928538497003
3,Train_Extra,SAM,69,0.0051197857914515345,100.0,0.35963843435301035,91.77555726364335,0.37784225742709204,91.19409866297833
3,Train_Extra,SAM,70,0.004921556103323226,100.0,0.35526805278844414,92.15987701767871,0.36780676549346064,91.88566159520516
3,Train_Extra,SAM,71,0.00459605835926679,100.0,0.3263977164492801,92.85165257494235,0.35627384413052615,91.37851544490549
3,Train_Extra,SAM,72,0.0043765883849922315,100.0,0.32768574284874963,92.39046887009992,0.34612262828826024,92.1622867680959
3,Train_Extra,SAM,73,0.004459545062712045,100.0,0.3309414998258104,92.15987701767871,0.3604692230580753,91.83955739972338
3,Train_Extra,SAM,74,0.004477344755443281,100.0,0.35479560667372595,91.9292851652575,0.3694857882431104,91.37851544490549
3,Train_Extra,SAM,75,0.004522715001709851,100.0,0.3255683555454588,92.00614911606456,0.3420709519135672,91.97786998616874
3,Train_Extra,SAM,76,0.004650054302386528,100.0,0.35286558189820916,91.69869331283628,0.38679383132467626,91.05578607653297
3,Train_Extra,SAM,77,0.0046533597040452936,100.0,0.3446385238740556,92.00614911606456,0.39232794883450145,91.05578607653297
3,Train_Extra,SAM,78,0.00459492822931908,100.0,0.3672735660947533,91.39123750960799,0.39240884220286854,91.47072383586907
3,Train_Extra,SAM,79,0.004516351239561486,100.0,0.37969187820626626,91.31437355880092,0.37217068051126706,91.56293222683264
3,Train_Extra,SAM,80,0.004722344526232569,99.98079139454475,0.3360166543726734,92.6979246733282,0.3723084014810797,91.83955739972338
3,Train_Extra,SAM,81,0.004385212758424595,100.0,0.34971860371856484,91.39123750960799,0.36635258571240914,91.79345320424159
3,Train_Extra,SAM,82,0.004523067726565102,100.0,0.36520041519637114,90.77632590315142,0.39721985398321563,90.96357768556939
3,Train_Extra,SAM,83,0.0046159510395026825,100.0,0.34873779641491554,91.00691775557263,0.3851162487870265,91.42461964038728
3,Train_Extra,SAM,84,0.004575365130143937,100.0,0.37352042939001373,90.77632590315142,0.4127082289941523,90.82526509912402
3,Train_Extra,SAM,85,0.004531856767684679,100.0,0.3602980548010525,91.08378170637971,0.38898346150949176,90.9174734900876
3,Train_Extra,SAM,86,0.004430991294650944,100.0,0.3716806122470507,90.8531898539585,0.40308162634578265,91.28630705394191
3,Train_Extra,SAM,87,0.004615571104887119,99.98079139454475,0.3563392285563962,91.77555726364335,0.3885001240649384,91.28630705394191
3,Train_Extra,SAM,88,0.004301449597136123,100.0,0.347752849623664,90.93005380476556,0.38756482626722394,91.42461964038728
3,Train_Extra,SAM,89,0.004312801069117214,100.0,0.34761799818089517,91.69869331283628,0.39296930173730565,91.05578607653297
3,Train_Extra,SAM,90,0.004159362322473727,100.0,0.33641215067909463,91.77555726364335,0.3820081591990864,91.14799446749655
3,Train_Extra,SAM,91,0.004187223132973983,100.0,0.34464134413356695,91.23750960799386,0.3835882274386739,91.3324112494237
3,Train_Extra,SAM,92,0.0040213800238251135,100.0,0.3363292069989704,91.69869331283628,0.3756741135968982,91.60903642231443
3,Train_Extra,SAM,93,0.004106735058580211,100.0,0.33235765885931084,92.00614911606456,0.36413261455124346,91.79345320424159
3,Train_Extra,SAM,94,0.004295754112143275,100.0,0.3453991204087868,92.15987701767871,0.3698366814739092,91.7473490087598
3,Train_Extra,SAM,95,0.004408778082093715,100.0,0.3478945151206212,91.9292851652575,0.381144005302022,91.19409866297833
3,Train_Extra,SAM,96,0.0040796756168735996,100.0,0.3419941217852592,91.77555726364335,0.37950130289960643,91.3324112494237
3,Train_Extra,SAM,97,0.004028945662041246,100.0,0.3473297552585739,92.31360491929286,0.3679296427495252,91.79345320424159
3,Train_Extra,SAM,98,0.004008722598693031,100.0,0.3492266468418838,91.54496541122214,0.36693530679848296,91.51682803135085
3,Train_Extra,SAM,99,0.004205481577778887,100.0,0.3550658676956568,91.9292851652575,0.3642407354669892,91.97786998616874
3,Train_Extra,SAM,100,0.004143133138140744,100.0,0.3424181088033511,91.85242121445042,0.350431860894748,91.97786998616874
3,Train_Extra,SAM,101,0.004128157620409652,100.0,0.3542919325492675,91.9292851652575,0.3624017093658667,91.83955739972338
3,Train_Extra,SAM,102,0.004200419689602921,100.0,0.35654071497542644,91.6218293620292,0.3555862405790388,91.7473490087598
3,Train_Extra,SAM,103,0.004226415005278277,100.0,0.36551705515906957,91.69869331283628,0.3523220702380615,92.02397418165053
3,Train_Extra,SAM,104,0.004182418589080267,100.0,0.3474393075047137,92.23674096848578,0.3436127976647936,92.02397418165053
3,Train_Extra,SAM,105,0.00415753901070498,100.0,0.3496381669440561,91.77555726364335,0.35421346384240165,91.79345320424159
3,Train_Extra,SAM,106,0.004083618829512478,100.0,0.34808375274792575,91.9292851652575,0.36632545030628166,91.65514061779622
3,Train_Extra,SAM,107,0.004110542532382248,100.0,0.34498532265310194,91.46810146041507,0.35213134947214436,92.02397418165053
3,Train_Extra,SAM,108,0.004184152306046085,100.0,0.34195788626306384,91.77555726364335,0.37187124658917,91.70124481327801
3,Train_Extra,SAM,109,0.00424132346207036,100.0,0.3576610683192206,91.46810146041507,0.3703842720797448,91.70124481327801
3,Train_Extra,SAM,110,0.004320979895401586,100.0,0.3672709080843766,91.6218293620292,0.382467824860947,91.42461964038728
3,Train_Extra,SAM,111,0.004268502537303953,100.0,0.37428630865841167,91.6218293620292,0.3781283708858622,91.14799446749655
3,Train_Extra,SAM,112,0.004246936105420253,100.0,0.35065910205256473,92.46733282090699,0.3612843267980288,91.65514061779622
3,Train_Extra,SAM,113,0.004117672526608993,100.0,0.34999629502098073,91.85242121445042,0.35736858972540203,91.93176579068695
3,Train_Extra,SAM,114,0.004140088015430224,100.0,0.34044316212011705,92.00614911606456,0.3544013555861113,91.93176579068695
3,Train_Extra,SAM,115,0.004250340033008323,100.0,0.33332052016537705,92.15987701767871,0.37654300163890314,91.3324112494237
3,Train_Extra,SAM,116,0.004278376211406538,100.0,0.33153098108222584,92.46733282090699,0.3716974680107164,91.37851544490549
3,Train_Extra,SAM,117,0.0040828025009928765,100.0,0.3307590486852597,92.23674096848578,0.365905570676108,91.70124481327801
3,Train_Extra,SAM,118,0.00426540023110167,100.0,0.33944490818817924,92.46733282090699,0.373029729115243,91.28630705394191
3,Train_Extra,SAM,119,0.004153215185670536,100.0,0.3252962134165731,92.08301306687164,0.36167170485904987,91.65514061779622
3,Train_Extra,SAM,120,0.004192199435176476,100.0,0.32790002988209,92.23674096848578,0.3492710738481053,92.11618257261411
3,Train_Extra,SAM,121,0.004157545337127807,100.0,0.32799288950041566,92.39046887009992,0.3593606555747678,91.97786998616874
3,Train_Extra,SAM,122,0.004293263623450934,100.0,0.3186153238560492,92.92851652574943,0.3573198391441488,91.47072383586907
3,Train_Extra,SAM,123,0.004209518486896724,100.0,0.32277986907087364,92.46733282090699,0.3578319693419613,92.25449515905947
3,Train_Extra,SAM,124,0.004183661638319127,100.0,0.32668961293932386,92.54419677171407,0.34960460032170243,91.83955739972338
3,Train_Extra,SAM,125,0.004154231230745469,100.0,0.3224543005480022,92.6979246733282,0.3524902394396086,91.93176579068695
3,Train_Extra,SAM,126,0.004277339867213341,100.0,0.3246725671262488,92.31360491929286,0.35311311531473605,91.83955739972338
3,Train_Extra,SAM,127,0.0043178840827459665,100.0,0.32704538205419476,92.31360491929286,0.3652587296254847,91.60903642231443
3,Train_Extra,SAM,128,0.0042477038159018,100.0,0.31783917739838474,92.85165257494235,0.3413561344449011,92.11618257261411
3,Train_Extra,SAM,129,0.0043202209439231485,100.0,0.3373957725884615,92.39046887009992,0.36263956639996425,91.37851544490549
3,Train_Extra,SAM,130,0.004282876290666636,100.0,0.32855612775890713,92.08301306687164,0.3524757869895453,92.02397418165053
3,Train_Extra,SAM,131,0.0043102939851707755,100.0,0.32082537070437867,92.62106072252114,0.3504318779462381,92.25449515905947
3,Train_Extra,SAM,132,0.004233084750458873,100.0,0.32671322168024985,92.15987701767871,0.3504824538888223,91.70124481327801
3,Train_Extra,SAM,133,0.004191625843315951,100.0,0.3265318553851807,92.62106072252114,0.34569124018008285,91.88566159520516
3,Train_Extra,SAM,134,0.0042612217623809,100.0,0.3107253860519035,92.54419677171407,0.3527660424421327,92.07007837713232
3,Train_Extra,SAM,135,0.00426910858689893,100.0,0.3187237572666547,92.6979246733282,0.3507720407746035,91.93176579068695
3,Train_Extra,SAM,136,0.0043844781370342145,100.0,0.3333642999988785,92.31360491929286,0.3585713890674423,91.79345320424159
3,Train_Extra,SAM,137,0.004252028435131569,100.0,0.3195585280837209,92.92851652574943,0.3543617914024175,92.20839096357768
3,Train_Extra,SAM,138,0.004286213805813319,100.0,0.31997146908634794,92.54419677171407,0.34859197893523025,91.88566159520516
3,Train_Extra,SAM,139,0.004266565902718554,100.0,0.3172618689403499,92.6979246733282,0.35321818651445125,91.88566159520516
3,Train_Extra,SAM,140,0.004262788446928643,100.0,0.31618729473981466,92.6979246733282,0.34319031538090544,92.11618257261411
3,Train_Extra,SAM,141,0.00429893700488803,100.0,0.30929665027800474,92.6979246733282,0.3425491961151183,92.39280774550484
3,Train_Extra,SAM,142,0.004210671219271979,100.0,0.31958856876312447,92.6979246733282,0.3528599263391719,92.07007837713232
3,Train_Extra,SAM,143,0.00432004869209911,100.0,0.31086854487915255,92.85165257494235,0.34364585438979395,92.30059935454126
3,Train_Extra,SAM,144,0.004297941033956966,100.0,0.32191988317543596,92.6979246733282,0.3426119694378916,92.1622867680959
3,Train_Extra,SAM,145,0.004285257378953046,100.0,0.30463034858630766,93.23597232897771,0.3305118205691329,92.43891194098663
3,Train_Extra,SAM,146,0.0042853655173597524,100.0,0.3251355771078434,92.54419677171407,0.3590433785529552,91.47072383586907
3,Train_Extra,SAM,147,0.004239784175118695,100.0,0.31973692940563814,92.6979246733282,0.34992287046571874,91.93176579068695
3,Train_Extra,SAM,148,0.004320048109308297,100.0,0.3232531218154558,92.39046887009992,0.3543928901052189,92.1622867680959
3,Train_Extra,SAM,149,0.004199575577816851,100.0,0.3167373661859552,92.85165257494235,0.33717287596660367,92.34670355002305
3,Train_Extra,SAM,150,0.0042342236258398076,100.0,0.32033655068319544,92.92851652574943,0.34238249911257285,92.20839096357768
3,Train_Extra,SAM,151,0.004234667801715297,100.0,0.3090620707938137,93.0053804765565,0.34850916633302575,92.07007837713232
3,Train_Extra,SAM,152,0.0043458876762813405,100.0,0.3215746540149572,92.62106072252114,0.34530972730954046,92.48501613646842
3,Train_Extra,SAM,153,0.004279393487769905,100.0,0.3175094583867079,92.6979246733282,0.34990624904137924,92.1622867680959
3,Train_Extra,SAM,154,0.004320833361364809,100.0,0.3200200315161131,93.0053804765565,0.3504124967636409,91.97786998616874
3,Train_Extra,SAM,155,0.004333403250745332,100.0,0.31249456984534296,92.46733282090699,0.35309327183202865,91.93176579068695
3,Train_Extra,SAM,156,0.004242151741372662,100.0,0.31570628378683446,92.77478862413528,0.3395813909089197,92.62332872291378
3,Train_Extra,SAM,157,0.004287780117546351,100.0,0.3152245522321393,93.0053804765565,0.3383520284299204,92.1622867680959
3,Train_Extra,SAM,158,0.0043067821362941456,100.0,0.31356949652677585,92.85165257494235,0.3440676517011714,92.1622867680959
3,Train_Extra,SAM,159,0.004312828231740035,100.0,0.32310953367928147,92.85165257494235,0.34606166201123667,92.20839096357768
3,Train_Extra,SAM,160,0.004357619396770841,100.0,0.3139631747598148,92.92851652574943,0.3367631925779205,91.83955739972338
3,Train_Extra,SAM,161,0.004323826438570224,100.0,0.31042758925466424,92.39046887009992,0.341730999693776,91.93176579068695
3,Train_Extra,SAM,162,0.004288188775321411,100.0,0.31570941685977394,92.85165257494235,0.3464211509930148,91.97786998616874
3,Train_Extra,SAM,163,0.004295912277713372,100.0,0.30851982967021785,93.0053804765565,0.34221448472096877,92.1622867680959
3,Train_Extra,SAM,164,0.00433699823373163,100.0,0.3109007953171497,93.15910837817064,0.33567996751113444,92.30059935454126
3,Train_Extra,SAM,165,0.004300835523811494,100.0,0.3040577723379093,92.92851652574943,0.3372972119426112,92.25449515905947
3,Train_Extra,SAM,166,0.004291476988936403,100.0,0.31582259761311293,92.6979246733282,0.34152757588373783,92.25449515905947
3,Train_Extra,SAM,167,0.00424215910839134,100.0,0.30781069595787636,92.6979246733282,0.3387890837471735,92.20839096357768
3,Train_Extra,SAM,168,0.004307037497944901,100.0,0.32633887447107535,92.6979246733282,0.34554530139505835,92.25449515905947
3,Train_Extra,SAM,169,0.004325736731867895,100.0,0.3148680543534166,92.77478862413528,0.35267502774341475,92.1622867680959
3,Train_Extra,SAM,170,0.004387322147633949,100.0,0.3132826307062618,92.6979246733282,0.34921845024277287,92.20839096357768
3,Train_Extra,SAM,171,0.004290482782804482,100.0,0.31280405397922784,93.0053804765565,0.34148535481407216,92.34670355002305
3,Train_Extra,SAM,172,0.004311835871826561,100.0,0.3129333682633152,92.85165257494235,0.3430876892631974,92.1622867680959
3,Train_Extra,SAM,173,0.00432614206002191,100.0,0.31585037359090196,92.77478862413528,0.34309609419137665,92.30059935454126
3,Train_Extra,SAM,174,0.004291389074656495,100.0,0.31386313894097845,93.0053804765565,0.34799973529953737,92.07007837713232
3,Train_Extra,SAM,175,0.0043306323461108865,100.0,0.31520905925088394,92.6979246733282,0.3412965186431475,92.20839096357768
3,Train_Extra,SAM,176,0.00425577947178547,100.0,0.3136139444686146,93.38970023059186,0.33758648797189544,92.25449515905947
3,Train_Extra,SAM,177,0.0042953165312314785,100.0,0.3148486335174131,92.6979246733282,0.3407824215470178,92.20839096357768
3,Train_Extra,SAM,178,0.004313514477207662,100.0,0.30615877288377213,93.08224442736356,0.33692373101092415,92.34670355002305
3,Train_Extra,SAM,179,0.004341438298393612,100.0,0.3134990289984851,93.15910837817064,0.3363690330114932,92.71553711387736
3,Train_Extra,SAM,180,0.004338697955995067,100.0,0.3035814069973149,92.85165257494235,0.33676469323271263,92.34670355002305
3,Train_Extra,SAM,181,0.004323100982565273,100.0,0.31335982099765314,92.85165257494235,0.34530172330435105,92.25449515905947
3,Train_Extra,SAM,182,0.004283190639175338,100.0,0.31411986871064856,92.62106072252114,0.3408510313021966,92.43891194098663
3,Train_Extra,SAM,183,0.0044504305300662765,100.0,0.3176529454117459,93.08224442736356,0.341264273890596,92.25449515905947
3,Train_Extra,SAM,184,0.004352497853241586,100.0,0.30740587946763415,92.85165257494235,0.3393472391182841,92.43891194098663
3,Train_Extra,SAM,185,0.004329683391257343,100.0,0.3161755391782426,92.62106072252114,0.3432468315212888,92.02397418165053
3,Train_Extra,SAM,186,0.004206932725476249,100.0,0.30791197055170483,92.6979246733282,0.33194095340122437,92.43891194098663
3,Train_Extra,SAM,187,0.004294172775691683,100.0,0.31574858927442123,92.6979246733282,0.3421386542436768,92.11618257261411
3,Train_Extra,SAM,188,0.004281874784651253,100.0,0.3152416875467082,92.77478862413528,0.33963425319389356,92.34670355002305
3,Train_Extra,SAM,189,0.004175996083617668,100.0,0.30791162225567403,92.85165257494235,0.33450935751460786,92.34670355002305
3,Train_Extra,SAM,190,0.004309237658251877,100.0,0.3083841109821583,92.85165257494235,0.33663007931645533,92.39280774550484
3,Train_Extra,SAM,191,0.004283796550928861,100.0,0.3043772578167856,92.92851652574943,0.3339078790749092,92.11618257261411
3,Train_Extra,SAM,192,0.004211426704716326,100.0,0.30737338105157924,92.92851652574943,0.33704903798754066,92.1622867680959
3,Train_Extra,SAM,193,0.004343473712450888,100.0,0.3072274084318197,92.92851652574943,0.3393497400951034,92.25449515905947
3,Train_Extra,SAM,194,0.00424951564826277,100.0,0.3051327715050157,92.54419677171407,0.3409767315897759,92.34670355002305
3,Train_Extra,SAM,195,0.004314415886758204,100.0,0.30661902841549943,92.62106072252114,0.3383232725826262,92.34670355002305
3,Train_Extra,SAM,196,0.004268214138698953,100.0,0.31267259109315737,92.54419677171407,0.3477975322168068,91.70124481327801
3,Train_Extra,SAM,197,0.004287199003684786,100.0,0.3118579631340586,92.46733282090699,0.3446991761443031,92.07007837713232
3,Train_Extra,SAM,198,0.004383040077847206,100.0,0.3065025797493177,92.77478862413528,0.33423485386036356,92.48501613646842
3,Train_Extra,SAM,199,0.004294309102318769,100.0,0.31509008318426335,92.54419677171407,0.3367392613748737,92.1622867680959
3,Train_Extra,SAM,200,0.004297029333434816,100.0,0.3108680185136728,92.85165257494235,0.3349430841501543,92.02397418165053
