Run,Phase,TrainingType,Epoch,Train_loss,Train_acc,Val_loss,Val_acc,Test_loss,Test_acc
1,Train,AWP,1,0.5141432612081585,85.3395061728395,0.10831554129781056,97.18792866941016,0.19199041971369768,94.8181365221724
1,Train,AWP,2,0.07929692680583052,97.92524005486969,0.05827797763305109,98.49108367626886,0.1396859724262073,96.1136023916293
1,Train,AWP,3,0.0505301564850885,98.90260631001372,0.051738248276939444,98.49108367626886,0.12825247064403592,96.41255605381166
1,Train,AWP,4,0.03355931859139515,99.2798353909465,0.04091337984440585,98.76543209876543,0.12074502353339749,96.51220727453911
1,Train,AWP,5,0.02878181850436427,99.53703703703704,0.04470996964411154,98.69684499314128,0.11937079731770339,96.6616841056303
1,Train,AWP,6,0.031927450539787176,99.46844993141289,0.03526100151455452,98.97119341563786,0.11222534241107458,96.8609865470852
1,Train,AWP,7,0.02014350344467422,99.60562414266118,0.03553680459290375,98.76543209876543,0.11213973707945922,96.96063776781266
1,Train,AWP,8,0.014634499187156072,99.74279835390946,0.03247751399302352,98.69684499314128,0.10549211321657549,96.81116093672148
1,Train,AWP,9,0.015953423450296017,99.72565157750343,0.031298545995326034,98.83401920438958,0.10652454823578508,96.81116093672148
1,Train,AWP,10,0.015258270424648957,99.72565157750343,0.0343386794150448,99.039780521262,0.11204140021558062,97.06028898854011
1,Train,AWP,11,0.010808503470363339,99.81138545953361,0.028577558389661733,99.24554183813443,0.11092961821231785,97.01046337817638
1,Train,AWP,12,0.013981656204281457,99.79423868312757,0.032805131229639704,98.97119341563786,0.11987155769066722,96.51220727453911
1,Train,AWP,13,0.013915339231734042,99.7599451303155,0.029032439264291273,98.97119341563786,0.10661613802723939,96.96063776781266
1,Train,AWP,14,0.00716958368834837,99.87997256515774,0.027584601648468703,99.17695473251028,0.10641616008206868,96.96063776781266
1,Train,AWP,15,0.008682978015554987,99.86282578875172,0.029487826349149843,98.69684499314128,0.11562736915247204,96.76133532635775
1,Train,AWP,16,0.007148847992420601,99.91426611796982,0.024229186787608555,99.17695473251028,0.10450147313224063,97.35924265072246
1,Train,AWP,17,0.008116879441608351,99.89711934156378,0.02160854652442232,99.10836762688615,0.10456695500807674,97.4090682610862
1,Train,AWP,18,0.008167864406815446,99.87997256515774,0.02465139835337062,99.17695473251028,0.10591210570793337,97.20976581963129
1,Train,AWP,19,0.005237739592659003,99.91426611796982,0.03201822108181579,99.039780521262,0.13335868890903516,96.8609865470852
1,Train,AWP,20,0.006241072743052981,99.93141289437585,0.027005643500794436,99.10836762688615,0.1076030522607189,97.11011459890383
1,Train,AWP,21,0.00817786093419114,99.89711934156378,0.03113352078101272,99.17695473251028,0.10999727310398412,97.06028898854011
1,Train,AWP,22,0.014687894584115027,99.77709190672154,0.02271205671284915,99.24554183813443,0.11099374798132551,97.35924265072246
1,Train,AWP,23,0.008192113396944478,99.87997256515774,0.031009887078130523,98.97119341563786,0.11867897945869664,96.6616841056303
1,Train,AWP,24,0.004974699460549543,99.93141289437585,0.027671507149628162,99.17695473251028,0.1097313426212256,97.20976581963129
1,Train,AWP,25,0.003773688785377485,99.94855967078189,0.02341221963069485,99.24554183813443,0.11655260208951458,97.01046337817638
1,Train,AWP,26,0.003389896924604925,99.94855967078189,0.023161235849267006,99.31412894375858,0.10505938283750146,97.45889387144993
1,Train,AWP,27,0.0033665245750655786,99.94855967078189,0.020361596103936473,99.38271604938272,0.10796785186888028,97.30941704035874
1,Train,AWP,28,0.0038986010217543126,99.93141289437585,0.02735233817898524,99.24554183813443,0.1184801303330989,97.06028898854011
1,Train,AWP,29,0.003260609671048334,99.94855967078189,0.020710723036427476,99.24554183813443,0.11082609793506322,97.25959142999501
1,Train,AWP,30,0.00400513971734377,99.94855967078189,0.026276785882882292,99.10836762688615,0.1326437600330075,96.91081215744893
1,Train,AWP,31,0.003654628603607821,99.94855967078189,0.025540584734090398,99.039780521262,0.1142228708239843,97.01046337817638
1,Train,AWP,32,0.003371321362583726,99.94855967078189,0.023055349066546917,99.38271604938272,0.12078261555380855,97.11011459890383
1,Train,AWP,33,0.003426151922094109,99.94855967078189,0.03362519755724445,99.24554183813443,0.1207543108176104,97.06028898854011
1,Train,AWP,34,0.003313821835035924,99.94855967078189,0.026464870377138402,98.90260631001372,0.12865262224947302,97.01046337817638
1,Train,AWP,35,0.004150122636929154,99.93141289437585,0.027910485873905884,99.17695473251028,0.13506264249804859,96.76133532635775
1,Train,AWP,36,0.003026213428592714,99.94855967078189,0.029619337714932584,99.24554183813443,0.13781332381684044,96.71150971599403
1,Train,AWP,37,0.0035810293700943357,99.94855967078189,0.02798870217888035,99.17695473251028,0.11954365388917639,96.6616841056303
1,Train,AWP,38,0.00401970027735882,99.94855967078189,0.021870845290020986,99.31412894375858,0.11823324228144577,97.25959142999501
1,Train,AWP,39,0.0035714426450557885,99.94855967078189,0.02690847760477756,99.17695473251028,0.12073131269247721,96.81116093672148
1,Train,AWP,40,0.01077323012925816,99.94855967078189,0.025546666565613083,99.24554183813443,0.12097732598211673,97.20976581963129
1,Train,AWP,41,0.004308328906557543,99.94855967078189,0.027789615406380107,99.24554183813443,0.1242272834677303,97.01046337817638
1,Train,AWP,42,0.003079768234981558,99.93141289437585,0.027697456548366035,99.17695473251028,0.12444906311103165,97.25959142999501
1,Train,AWP,43,0.005307232704343851,99.91426611796982,0.028490925085090806,99.24554183813443,0.12700993442600736,96.81116093672148
1,Train,AWP,44,0.0030400848328376332,99.94855967078189,0.022214279309507916,99.38271604938272,0.11547149183979424,97.20976581963129
1,Train,AWP,45,0.0033089815259027882,99.94855967078189,0.029634199181855215,99.24554183813443,0.1286143046336487,97.25959142999501
1,Train,AWP,46,0.005097887693251402,99.87997256515774,0.02857137372556292,99.039780521262,0.13038565100583202,96.6616841056303
1,Train,AWP,47,0.0037556347263528987,99.93141289437585,0.027606707475108537,99.24554183813443,0.12020932543534632,96.91081215744893
1,Train,AWP,48,0.00242335085947517,99.94855967078189,0.033468186275315545,98.97119341563786,0.14270595406373757,96.46238166417538
1,Train,AWP,49,0.00228455508421694,99.94855967078189,0.029263843540792114,99.17695473251028,0.12891789929088396,96.96063776781266
1,Train,AWP,50,0.0019206675094170826,99.96570644718793,0.032511873059587956,99.039780521262,0.13071743045772524,97.25959142999501
1,Train,AWP,51,0.0017716076446326358,99.96570644718793,0.03439983639984925,99.039780521262,0.12811858434551202,97.06028898854011
1,Train,AWP,52,0.001956529433616948,99.96570644718793,0.03285117763055,99.17695473251028,0.12637544639675874,97.25959142999501
1,Train,AWP,53,0.0017009840762709603,99.96570644718793,0.032686352319708824,99.10836762688615,0.13257072954269253,97.20976581963129
1,Train,AWP,54,0.002027168687005621,99.96570644718793,0.03775224209710731,99.10836762688615,0.1417579824377759,97.11011459890383
1,Train,AWP,55,0.0025065362474576787,99.96570644718793,0.03460585627837722,99.17695473251028,0.14649495257943587,96.71150971599403
1,Train,AWP,56,0.004691216049294504,99.87997256515774,0.0499575915139562,98.97119341563786,0.13918851651845285,97.11011459890383
1,Train,AWP,57,0.002839672735322181,99.96570644718793,0.03393252862333761,99.039780521262,0.13001332034444596,96.96063776781266
1,Train,AWP,58,0.002393278081043441,99.94855967078189,0.036566303990556465,98.97119341563786,0.13540674945386894,96.71150971599403
1,Train,AWP,59,0.0020066570347768466,99.96570644718793,0.029498154015135943,99.38271604938272,0.12194309337551863,97.11011459890383
1,Train,AWP,60,0.004231316781205469,99.84567901234568,0.02999033773093087,99.31412894375858,0.11695327951239193,97.15994020926756
1,Train,AWP,61,0.002675783273013582,99.94855967078189,0.03224592080240142,99.24554183813443,0.11795570886418721,97.25959142999501
1,Train,AWP,62,0.002249544696734001,99.96570644718793,0.027097041829807277,99.24554183813443,0.12010912788733952,97.30941704035874
1,Train,AWP,63,0.002397365843495683,99.94855967078189,0.02926995477221385,99.24554183813443,0.12807447999144111,97.20976581963129
1,Train,AWP,64,0.0023564850582814593,99.96570644718793,0.027447210692523358,99.31412894375858,0.12863824742428093,97.30941704035874
1,Train,AWP,65,0.004530592329145926,99.89711934156378,0.030378775618745548,99.24554183813443,0.1170688627643198,97.20976581963129
1,Train,AWP,66,0.002562989771040916,99.96570644718793,0.03203015437347122,99.17695473251028,0.11191977266436624,97.50871948181366
1,Train,AWP,67,0.002000392575649565,99.96570644718793,0.038347462090613786,99.17695473251028,0.11211165580777874,97.45889387144993
1,Train,AWP,68,0.002100234732453195,99.96570644718793,0.030750082390554077,99.10836762688615,0.11930160952883243,97.30941704035874
1,Train,AWP,69,0.001820688722743754,99.96570644718793,0.039256361755191135,99.10836762688615,0.13607973084187827,97.15994020926756
1,Train,AWP,70,0.0017632715228936158,99.96570644718793,0.034202136603964615,99.24554183813443,0.12148215372156441,97.15994020926756
1,Train,AWP,71,0.0026605105566609973,99.93141289437585,0.03729980323714075,99.24554183813443,0.1367130650988839,97.25959142999501
1,Train,AWP,72,0.001993569123956347,99.96570644718793,0.03993688623417062,99.039780521262,0.1340079629180306,97.35924265072246
1,Train,AWP,73,0.0015127165555421252,99.96570644718793,0.04235419030052154,99.039780521262,0.136568347690975,97.11011459890383
1,Train,AWP,74,0.001776078637387558,99.96570644718793,0.03115706442854021,99.17695473251028,0.12703097482013745,97.45889387144993
1,Train,AWP,75,0.0015610915600953613,99.96570644718793,0.031261821124774235,99.039780521262,0.1310041656680651,97.20976581963129
1,Train,AWP,76,0.0032224024158178668,99.91426611796982,0.031006752658987977,99.17695473251028,0.13325686973492246,97.06028898854011
1,Train,AWP,77,0.001985209042409817,99.96570644718793,0.030206525846498165,98.97119341563786,0.13027773948277727,97.15994020926756
1,Train_Extra,AWP,1,0.007953123644888958,99.81138545953361,0.035022395137896754,98.97119341563786,0.12988058161723656,96.71150971599403
1,Train_Extra,AWP,2,0.008610757060207265,99.86282578875172,0.02930901078979992,99.10836762688615,0.12254915775115893,96.81116093672148
1,Train_Extra,AWP,3,0.005030157776870866,99.93141289437585,0.029803628523531273,99.10836762688615,0.12466395906194502,97.01046337817638
1,Train_Extra,AWP,4,0.005280161939204529,99.91426611796982,0.030365245357993863,98.90260631001372,0.12338853499438664,96.8609865470852
1,Train_Extra,AWP,5,0.004659018956970059,99.91426611796982,0.028458238974090957,99.17695473251028,0.1208901112471342,97.01046337817638
1,Train_Extra,AWP,6,0.0042684203587629345,99.94855967078189,0.03809459102997973,99.039780521262,0.13530386368849412,96.51220727453911
1,Train_Extra,AWP,7,0.004026689911805316,99.94855967078189,0.032711937402685486,99.17695473251028,0.13882664821422036,96.81116093672148
1,Train_Extra,AWP,8,0.0032688953928616525,99.94855967078189,0.025794714308549512,99.10836762688615,0.13692764282749997,96.81116093672148
1,Train_Extra,AWP,9,0.003262524727609201,99.94855967078189,0.029669361818832216,99.17695473251028,0.13324360457570564,97.11011459890383
1,Train_Extra,AWP,10,0.003937742998064293,99.93141289437585,0.035625615161019586,98.83401920438958,0.13303604229679586,97.01046337817638
1,Train_Extra,AWP,11,0.0034362888553637868,99.94855967078189,0.03358797434160412,99.10836762688615,0.1461868330272027,96.71150971599403
1,Train_Extra,AWP,12,0.004861480798116763,99.89711934156378,0.030392399305587608,99.10836762688615,0.1221534193182057,97.15994020926756
1,Train_Extra,AWP,13,0.003407780659946856,99.94855967078189,0.03699487277571066,98.76543209876543,0.13545118828592279,96.6616841056303
1,Train_Extra,AWP,14,0.004590735895085938,99.93141289437585,0.02829929018349723,99.31412894375858,0.1244514450230406,97.15994020926756
1,Train_Extra,AWP,15,0.004471123503247762,99.94855967078189,0.023387034680433724,99.38271604938272,0.12142084727521316,97.06028898854011
1,Train_Extra,AWP,16,0.002906733445580239,99.96570644718793,0.03451823039856754,98.97119341563786,0.13983435300097619,96.96063776781266
1,Train_Extra,AWP,17,0.002557917564247517,99.96570644718793,0.029101854702521662,99.10836762688615,0.12747136921926733,97.11011459890383
1,Train_Extra,AWP,18,0.00220656652519487,99.94855967078189,0.026467915748300947,99.17695473251028,0.12731149990675858,97.15994020926756
1,Train_Extra,AWP,19,0.0023609555393467535,99.96570644718793,0.03528389303762317,98.90260631001372,0.14450822484609452,96.91081215744893
1,Train_Extra,AWP,20,0.0024134891774614834,99.96570644718793,0.03747891337420429,98.97119341563786,0.13939019067256558,96.96063776781266
1,Train_Extra,AWP,21,0.002603112520259658,99.94855967078189,0.03610124183238697,98.97119341563786,0.13591799011531017,96.91081215744893
1,Train_Extra,AWP,22,0.0023953993604663992,99.96570644718793,0.03483045936417759,99.17695473251028,0.14151278852035468,97.11011459890383
1,Train_Extra,AWP,23,0.0020263545670984413,99.96570644718793,0.03759993257931087,99.10836762688615,0.14494788628960179,96.96063776781266
1,Train_Extra,AWP,24,0.0021463785484308532,99.96570644718793,0.03106210260832138,99.10836762688615,0.14020723408885305,96.96063776781266
1,Train_Extra,AWP,25,0.0021374798464658734,99.96570644718793,0.030983930345706446,99.10836762688615,0.1254477775258935,97.25959142999501
1,Train_Extra,AWP,26,0.002028779077235136,99.94855967078189,0.02955903946096269,99.24554183813443,0.13160189341356504,97.15994020926756
1,Train_Extra,AWP,27,0.001977784221510418,99.96570644718793,0.024262007996593237,98.97119341563786,0.12814752969150228,97.25959142999501
1,Train_Extra,AWP,28,0.002307482445916242,99.94855967078189,0.02707498282544182,99.24554183813443,0.1412931365031966,97.35924265072246
1,Train_Extra,AWP,29,0.0019173863401311278,99.96570644718793,0.04162732352322512,99.17695473251028,0.16820876939221288,96.81116093672148
1,Train_Extra,AWP,30,0.0022106933143415677,99.96570644718793,0.03578784653664003,98.97119341563786,0.14376349176925676,97.06028898854011
1,Train_Extra,AWP,31,0.0017605429863144072,99.96570644718793,0.032007651096299314,99.10836762688615,0.15088189770915375,97.06028898854011
1,Train_Extra,AWP,32,0.001921739043491075,99.96570644718793,0.03910747312031053,99.10836762688615,0.1495789289293513,97.20976581963129
1,Train_Extra,AWP,33,0.0018314590493189273,99.94855967078189,0.030844680450739154,99.24554183813443,0.1383554816759258,96.96063776781266
1,Train_Extra,AWP,34,0.0016364561217968635,99.96570644718793,0.0348441997269585,98.97119341563786,0.15157006038157952,96.8609865470852
1,Train_Extra,AWP,35,0.0024235524118447083,99.94855967078189,0.03469810080018267,99.17695473251028,0.15944372290326816,96.91081215744893
1,Train_Extra,AWP,36,0.007734702639224807,99.84567901234568,0.02841033044032272,99.31412894375858,0.12522054675968358,96.96063776781266
1,Train_Extra,AWP,37,0.0020599376388734368,99.96570644718793,0.02866962794291139,99.24554183813443,0.12154275507494013,97.01046337817638
1,Train_Extra,AWP,38,0.0020649249977198096,99.96570644718793,0.024277709623791062,99.17695473251028,0.1133714713950655,97.4090682610862
1,Train_Extra,AWP,39,0.0015924713288373111,99.96570644718793,0.02580313988295684,99.31412894375858,0.11809228293506747,97.30941704035874
1,Train_Extra,AWP,40,0.0016192969979269749,99.96570644718793,0.027058498809671105,99.31412894375858,0.1206183149059376,97.55854509217738
1,Train_Extra,AWP,41,0.0017384899862087839,99.98285322359396,0.03260068665801538,99.17695473251028,0.13899952157154144,97.15994020926756
1,Train_Extra,AWP,42,0.0018446306424701343,99.96570644718793,0.03635066337385234,99.039780521262,0.13635841218126343,97.01046337817638
1,Train_Extra,AWP,43,0.0017076087496325667,99.96570644718793,0.031723326199850264,99.17695473251028,0.12752914599290996,97.01046337817638
1,Train_Extra,AWP,44,0.0014488015591347864,99.98285322359396,0.03422125707609152,99.24554183813443,0.131753344915707,97.15994020926756
1,Train_Extra,AWP,45,0.0015390883684275373,99.96570644718793,0.03183027463409391,99.17695473251028,0.134612473554809,97.01046337817638
1,Train_Extra,AWP,46,0.001564509593505215,99.96570644718793,0.031223036950538432,99.039780521262,0.140382149633216,96.8609865470852
1,Train_Extra,AWP,47,0.0014546480430869017,99.96570644718793,0.03208557977526358,99.17695473251028,0.13746208589715214,96.81116093672148
1,Train_Extra,AWP,48,0.0012369221455589034,99.98285322359396,0.03225140482671457,99.17695473251028,0.12882632766207602,96.96063776781266
1,Train_Extra,AWP,49,0.0015935314264504047,99.98285322359396,0.02338669396328787,99.24554183813443,0.1387574054662966,96.91081215744893
1,Train_Extra,AWP,50,0.001216421701033339,99.96570644718793,0.025058654270458083,99.24554183813443,0.14206643102970856,96.8609865470852
1,Train_Extra,AWP,51,0.0016929964482662162,99.96570644718793,0.02566805040905832,99.17695473251028,0.13391490983644497,97.01046337817638
1,Train_Extra,AWP,52,0.0012383281364632041,99.96570644718793,0.026778412690585472,99.38271604938272,0.13589901306379196,97.06028898854011
1,Train_Extra,AWP,53,0.0012679477332984907,99.98285322359396,0.02123842582672538,99.519890260631,0.13453609999533747,97.35924265072246
1,Train_Extra,AWP,54,0.0013020560321345565,99.98285322359396,0.022122652150769764,99.38271604938272,0.13653529766950742,97.11011459890383
1,Train_Extra,AWP,55,0.001045628026630489,99.98285322359396,0.021347690330063274,99.45130315500685,0.1351176752242727,97.4090682610862
1,Train_Extra,AWP,56,0.0016698375726145573,99.94855967078189,0.03664167144764419,99.10836762688615,0.1445330555599942,96.91081215744893
1,Train_Extra,AWP,57,0.0014316139096358118,99.96570644718793,0.030690926782191517,99.17695473251028,0.1384150029230152,97.20976581963129
1,Train_Extra,AWP,58,0.0015051484193147348,99.96570644718793,0.03537953300934939,98.90260631001372,0.15059886232165107,96.91081215744893
1,Train_Extra,AWP,59,0.0013427279401659453,99.98285322359396,0.037831623806006215,99.10836762688615,0.1438556518322149,96.96063776781266
1,Train_Extra,AWP,60,0.0011735503197126925,99.98285322359396,0.029496012882180053,99.24554183813443,0.1476698103015124,97.25959142999501
1,Train_Extra,AWP,61,0.0012095867752538218,99.98285322359396,0.026798063194805908,99.38271604938272,0.13418623755185288,97.35924265072246
1,Train_Extra,AWP,62,0.0012174952989880694,99.98285322359396,0.025322278119005334,99.31412894375858,0.13495824016829258,97.4090682610862
1,Train_Extra,AWP,63,0.0013550432297210057,99.98285322359396,0.026106717829261643,99.31412894375858,0.13166878890041048,97.30941704035874
1,Train_Extra,AWP,64,0.0012967453099206425,99.98285322359396,0.027720653524479236,99.38271604938272,0.12765046123830082,97.25959142999501
1,Train_Extra,AWP,65,0.0012479135570490894,99.98285322359396,0.03319928258822257,99.10836762688615,0.1457697446947601,97.01046337817638
1,Train_Extra,AWP,66,0.0013889517890477334,99.98285322359396,0.02927429712727533,99.10836762688615,0.140764342573173,97.01046337817638
1,Train_Extra,AWP,67,0.0018471334311945375,99.96570644718793,0.0363688093612663,99.24554183813443,0.14926752787084316,97.25959142999501
1,Train_Extra,AWP,68,0.002733448638220738,99.93141289437585,0.030627753201039158,99.039780521262,0.12163454509517953,97.15994020926756
1,Train_Extra,AWP,69,0.0012895387048363614,99.98285322359396,0.030107671960891928,99.24554183813443,0.11923785662017744,97.4090682610862
1,Train_Extra,AWP,70,0.0010192861901763852,99.98285322359396,0.02624145956053328,99.17695473251028,0.12213950401276914,97.35924265072246
1,Train_Extra,AWP,71,0.0011494249437735402,99.98285322359396,0.027733130209960443,99.17695473251028,0.12663898168351662,97.30941704035874
1,Train_Extra,AWP,72,0.001173883356624055,99.98285322359396,0.025243191875067676,99.31412894375858,0.11842186204758698,97.45889387144993
1,Train_Extra,AWP,73,0.0009829978739221785,99.98285322359396,0.03735914592029443,99.039780521262,0.14350630201359418,97.11011459890383
1,Train_Extra,AWP,74,0.0012416922789112584,99.98285322359396,0.03129313006710941,99.24554183813443,0.148954174664627,96.96063776781266
1,Train_Extra,AWP,75,0.0011094910347587163,99.98285322359396,0.03561064513209845,99.10836762688615,0.1547795177771936,97.01046337817638
1,Train_Extra,AWP,76,0.0012081914447544082,99.98285322359396,0.033143652022710204,99.24554183813443,0.13625413862042646,97.15994020926756
1,Train_Extra,AWP,77,0.0009818110728227348,99.98285322359396,0.03609855399040354,99.10836762688615,0.142695041172444,97.11011459890383
1,Train_Extra,AWP,78,0.0011067665220114418,99.98285322359396,0.03202941221493553,99.17695473251028,0.1383099755145587,97.20976581963129
1,Train_Extra,AWP,79,0.0011461954683573308,99.98285322359396,0.032582532033031686,99.17695473251028,0.14149750631968952,97.25959142999501
1,Train_Extra,AWP,80,0.0009132927376492222,99.98285322359396,0.03180839713383083,99.10836762688615,0.1424191634256094,97.20976581963129
1,Train_Extra,AWP,81,0.0011068530446545597,99.98285322359396,0.032974107267938056,99.10836762688615,0.1451012533119549,97.11011459890383
1,Train_Extra,AWP,82,0.0011266805522312927,99.98285322359396,0.034447539960250094,99.10836762688615,0.15233233080774092,97.15994020926756
1,Train_Extra,AWP,83,0.0008781012592229988,99.98285322359396,0.04196416447322371,99.10836762688615,0.169097953366499,97.01046337817638
1,Train_Extra,AWP,84,0.0011150086990374289,99.98285322359396,0.03837987285670128,99.10836762688615,0.15574050632383865,97.15994020926756
1,Train_Extra,AWP,85,0.0009776482448199638,99.98285322359396,0.03702936692828305,98.97119341563786,0.1676392079283185,96.96063776781266
1,Train_Extra,AWP,86,0.0011249148459109679,99.98285322359396,0.03091471517568426,99.17695473251028,0.15080806150694628,97.20976581963129
1,Train_Extra,AWP,87,0.0010998425401517718,99.98285322359396,0.033869551846997706,99.039780521262,0.15252842570645303,97.20976581963129
1,Train_Extra,AWP,88,0.0010838516738025962,99.98285322359396,0.03130216051924038,99.17695473251028,0.1504635819408896,97.11011459890383
1,Train_Extra,AWP,89,0.0008645151668667455,99.98285322359396,0.029643290768797792,99.17695473251028,0.1535051773526387,97.20976581963129
1,Train_Extra,AWP,90,0.0009199530931472627,99.98285322359396,0.028046532477531964,99.31412894375858,0.15244469402137983,97.30941704035874
1,Train_Extra,AWP,91,0.0009697933465739208,99.98285322359396,0.030906777637621032,99.10836762688615,0.15346031348366249,97.15994020926756
1,Train_Extra,AWP,92,0.0008675837140364582,99.98285322359396,0.03202867529812347,99.17695473251028,0.15134640529637625,97.01046337817638
1,Train_Extra,AWP,93,0.0009756075263072963,99.98285322359396,0.03459025084089605,99.17695473251028,0.16308615394595566,96.91081215744893
1,Train_Extra,AWP,94,0.0012575326597579592,99.98285322359396,0.02765698751881182,99.039780521262,0.14717403863889397,97.11011459890383
1,Train_Extra,AWP,95,0.0020534102585889227,99.94855967078189,0.023688347564322875,99.17695473251028,0.1444878618770725,97.11011459890383
1,Train_Extra,AWP,96,0.0010977445287964024,99.98285322359396,0.02694746800404507,99.10836762688615,0.14391291473482193,97.20976581963129
1,Train_Extra,AWP,97,0.001032477712096411,99.98285322359396,0.0276374732871094,99.38271604938272,0.1433640988474024,97.11011459890383
1,Train_Extra,AWP,98,0.0009222223371659271,99.98285322359396,0.029906767004792962,99.24554183813443,0.15283443438614044,97.01046337817638
1,Train_Extra,AWP,99,0.0011912294874630038,99.98285322359396,0.040919717926332734,99.24554183813443,0.15624750754041908,96.91081215744893
1,Train_Extra,AWP,100,0.0009923471605005666,99.98285322359396,0.03118021110077842,99.45130315500685,0.16131093398230284,96.91081215744893
1,Train_Extra,AWP,101,0.0008998527072059875,99.98285322359396,0.03055238706300569,99.31412894375858,0.14911201749021102,97.11011459890383
1,Train_Extra,AWP,102,0.0010021518437695151,99.98285322359396,0.030537009066090866,99.31412894375858,0.1532039501647199,97.06028898854011
1,Train_Extra,AWP,103,0.0008595096671500789,99.98285322359396,0.03132196316662895,99.38271604938272,0.1541584790050872,97.06028898854011
1,Train_Extra,AWP,104,0.0011506337742384462,99.98285322359396,0.030633318768616188,99.31412894375858,0.15316060093321057,97.11011459890383
1,Train_Extra,AWP,105,0.0009547841217404905,99.98285322359396,0.032276766899454475,99.31412894375858,0.15713832356122948,97.20976581963129
1,Train_Extra,AWP,106,0.000960385896929517,99.98285322359396,0.03176060017432752,99.24554183813443,0.15648046931401302,97.20976581963129
1,Train_Extra,AWP,107,0.0009396549818842212,99.98285322359396,0.03870996003504204,99.24554183813443,0.17588610911540462,97.15994020926756
1,Train_Extra,AWP,108,0.0009897371529187576,99.98285322359396,0.03731138129199284,99.24554183813443,0.16491817021032487,97.11011459890383
1,Train_Extra,AWP,109,0.0009742241855233062,99.98285322359396,0.0329462701997072,99.38271604938272,0.16272132132387074,97.15994020926756
1,Train_Extra,AWP,110,0.0008108001522546344,99.98285322359396,0.03485438660929294,99.45130315500685,0.16772846145324286,97.06028898854011
1,Train_Extra,AWP,111,0.0008815481744304436,99.98285322359396,0.03070456031930284,99.45130315500685,0.1628863954300355,97.25959142999501
1,Train_Extra,AWP,112,0.0008226761946804364,99.98285322359396,0.03369646137439747,99.45130315500685,0.15906434376479517,97.11011459890383
1,Train_Extra,AWP,113,0.0008751276976632337,99.98285322359396,0.02969599786276491,99.31412894375858,0.1528314549460131,97.01046337817638
1,Train_Extra,AWP,114,0.0009118734554980936,99.98285322359396,0.03047326357622563,99.45130315500685,0.1637566252316914,97.11011459890383
1,Train_Extra,AWP,115,0.0008755902952682094,99.98285322359396,0.03007474652474263,99.45130315500685,0.15204324509566125,97.15994020926756
1,Train_Extra,AWP,116,0.0008182758564390971,99.98285322359396,0.031772105476789596,99.45130315500685,0.175502580801219,97.20976581963129
1,Train_Extra,AWP,117,0.000826601753307505,99.98285322359396,0.033550843526912656,99.45130315500685,0.16170298386602763,97.15994020926756
1,Train_Extra,AWP,118,0.0007926522733204483,99.98285322359396,0.03163909630500871,99.45130315500685,0.1577463393472228,97.06028898854011
1,Train_Extra,AWP,119,0.0007105001104027115,99.98285322359396,0.03422750336134331,99.519890260631,0.16711560875494322,97.11011459890383
1,Train_Extra,AWP,120,0.0006998704804212376,99.98285322359396,0.028253177088265025,99.519890260631,0.1549394422748572,97.11011459890383
1,Train_Extra,AWP,121,0.0007831140096295317,99.98285322359396,0.03218426667003725,99.38271604938272,0.16935825851867944,97.20976581963129
1,Train_Extra,AWP,122,0.0008096063016889433,99.98285322359396,0.02952821891292079,99.58847736625515,0.16121183636082745,97.15994020926756
1,Train_Extra,AWP,123,0.0009192995731639356,99.98285322359396,0.028377149308698228,99.31412894375858,0.15950406844090573,97.06028898854011
1,Train_Extra,AWP,124,0.0008485610197078091,99.98285322359396,0.030657925492118078,99.31412894375858,0.1571301153197877,97.15994020926756
1,Train_Extra,AWP,125,0.000769721072255992,99.98285322359396,0.03210979648763557,99.31412894375858,0.16434538884619254,97.11011459890383
1,Train_Extra,AWP,126,0.0008416363276390495,99.98285322359396,0.02932316483219125,99.38271604938272,0.1548223566947441,97.35924265072246
1,Train_Extra,AWP,127,0.0008126141426057233,99.98285322359396,0.030074887384726974,99.38271604938272,0.15599844174985794,97.20976581963129
1,Train_Extra,AWP,128,0.0007206123301335024,99.98285322359396,0.029480954176163116,99.38271604938272,0.16369825413457095,97.11011459890383
1,Train_Extra,AWP,129,0.0007874506175579407,99.98285322359396,0.028942140881853647,99.31412894375858,0.15711880774679443,97.11011459890383
1,Train_Extra,AWP,130,0.0007266044582069219,99.98285322359396,0.026795928422174774,99.38271604938272,0.15511497018573872,97.15994020926756
1,Train_Extra,AWP,131,0.0009398406642743419,99.98285322359396,0.030057883515178872,99.31412894375858,0.15777251855774185,97.25959142999501
1,Train_Extra,AWP,132,0.0005021462483969315,99.98285322359396,0.038457404611317955,99.039780521262,0.16698334304551818,97.25959142999501
1,Train_Extra,AWP,133,0.000846389678174645,99.98285322359396,0.033038695811693886,99.31412894375858,0.16680093803621668,97.11011459890383
1,Train_Extra,AWP,134,0.0007475619244923623,99.98285322359396,0.03365995263216432,99.24554183813443,0.16663753527565106,97.15994020926756
1,Train_Extra,AWP,135,0.000760299734615135,99.98285322359396,0.03038835786497003,99.31412894375858,0.15743719668029685,97.4090682610862
1,Train_Extra,AWP,136,0.0007871325665341235,99.98285322359396,0.029479986907842738,99.31412894375858,0.1570865992362939,97.20976581963129
1,Train_Extra,AWP,137,0.0007247804945247639,99.98285322359396,0.03110541807377739,99.38271604938272,0.160067286499691,97.30941704035874
1,Train_Extra,AWP,138,0.0006808896673399669,99.98285322359396,0.03138501984683672,99.31412894375858,0.1559368702545892,97.30941704035874
1,Train_Extra,AWP,139,0.0009562791789073304,99.98285322359396,0.03636228036220391,99.31412894375858,0.16838303937341909,97.20976581963129
1,Train_Extra,AWP,140,0.0007151917395385285,99.98285322359396,0.03663974240168658,99.24554183813443,0.17100475917862173,97.01046337817638
1,Train_Extra,AWP,141,0.000753976802289087,99.98285322359396,0.037530250688286595,99.24554183813443,0.17195007336540793,97.20976581963129
1,Train_Extra,AWP,142,0.0007236196982959249,99.98285322359396,0.037515262785062335,99.24554183813443,0.1648006928155656,97.20976581963129
1,Train_Extra,AWP,143,0.0007187997315712812,99.98285322359396,0.04075562481596601,99.24554183813443,0.1763156475568878,97.20976581963129
1,Train_Extra,AWP,144,0.0007783876438857671,99.98285322359396,0.036221796182729686,99.31412894375858,0.171806421410478,97.11011459890383
1,Train_Extra,AWP,145,0.0007215934078070187,99.98285322359396,0.038965780737433606,99.17695473251028,0.1727578013754386,97.11011459890383
1,Train_Extra,AWP,146,0.0006761275911492743,99.98285322359396,0.03693334971877474,99.17695473251028,0.16718013791852795,97.25959142999501
1,Train_Extra,AWP,147,0.0007291068488543913,99.98285322359396,0.04053176891643794,99.24554183813443,0.18182254094174796,97.11011459890383
1,Train_Extra,AWP,148,0.0007006648685146304,99.98285322359396,0.03473568014841749,99.17695473251028,0.1673687806628611,97.30941704035874
1,Train_Extra,AWP,149,0.0006871516817010042,99.98285322359396,0.03516108064108371,99.24554183813443,0.17212940849675637,97.11011459890383
1,Train_Extra,AWP,150,0.0006470591591679571,99.98285322359396,0.03418662945023867,99.24554183813443,0.16411287652878032,97.15994020926756
1,Train_Extra,AWP,151,0.000693493210954567,99.98285322359396,0.035251740591425836,99.31412894375858,0.16388126544043696,97.25959142999501
1,Train_Extra,AWP,152,0.0006687821904486792,99.98285322359396,0.035133678432067265,99.24554183813443,0.17448363038045356,97.20976581963129
1,Train_Extra,AWP,153,0.0007292242724190601,99.98285322359396,0.031354415988909215,99.17695473251028,0.16100791026107264,97.20976581963129
1,Train_Extra,AWP,154,0.000637523970750487,99.98285322359396,0.03162363584141217,99.17695473251028,0.16095786153208455,97.25959142999501
1,Train_Extra,AWP,155,0.0006450893223077599,99.98285322359396,0.03170544815220038,99.24554183813443,0.1555179332319868,97.25959142999501
1,Train_Extra,AWP,156,0.0006536804598538212,99.98285322359396,0.03402912603060118,99.17695473251028,0.1706625361519429,97.20976581963129
1,Train_Extra,AWP,157,0.000645009532854107,99.98285322359396,0.03292693105840542,99.24554183813443,0.15705266742056165,97.25959142999501
1,Train_Extra,AWP,158,0.000690077764735851,99.98285322359396,0.0344280554514234,99.10836762688615,0.1620404300598709,97.15994020926756
1,Train_Extra,AWP,159,0.0006291327292827824,99.98285322359396,0.033188460246865496,99.10836762688615,0.16359081330714265,97.06028898854011
1,Train_Extra,AWP,160,0.0006143662884015987,99.98285322359396,0.03971735813762911,99.17695473251028,0.1742522264943297,97.15994020926756
1,Train_Extra,AWP,161,0.0006584196344909327,99.98285322359396,0.035051547634908455,99.17695473251028,0.16352664406690237,97.35924265072246
1,Train_Extra,AWP,162,0.0006357299417221957,99.98285322359396,0.03395461475438935,99.24554183813443,0.1620963298203818,97.15994020926756
1,Train_Extra,AWP,163,0.0025366238780021454,99.96570644718793,0.033033535964408535,99.24554183813443,0.16006024711494815,97.25959142999501
1,Train_Extra,AWP,164,0.0005610581447967888,99.98285322359396,0.04275103098917586,99.039780521262,0.17220367858623487,97.15994020926756
1,Train_Extra,AWP,165,0.00059909961140153,99.98285322359396,0.04408100557424746,99.24554183813443,0.176369104889028,97.30941704035874
1,Train_Extra,AWP,166,0.0006437067181675205,99.98285322359396,0.03832980399270732,99.17695473251028,0.16280716890979635,97.25959142999501
1,Train_Extra,AWP,167,0.0006450991209145168,99.98285322359396,0.03830371355161707,99.17695473251028,0.16585064270196267,97.50871948181366
1,Train_Extra,AWP,168,0.0006398689398936411,99.98285322359396,0.03831636900340452,99.24554183813443,0.16226453643165042,97.35924265072246
1,Train_Extra,AWP,169,0.0005728120545254371,99.98285322359396,0.03967016640868848,99.24554183813443,0.17109429561493592,97.20976581963129
1,Train_Extra,AWP,170,0.0005705449061184955,99.98285322359396,0.0386472266623003,99.24554183813443,0.167236316947505,97.15994020926756
1,Train_Extra,AWP,171,0.000652400521079491,99.98285322359396,0.04030172160064255,99.17695473251028,0.1702154583386301,97.20976581963129
1,Train_Extra,AWP,172,0.0006576720930262997,99.98285322359396,0.03708576842160724,99.24554183813443,0.16613793888049944,97.15994020926756
1,Train_Extra,AWP,173,0.0007187831958330919,99.98285322359396,0.0366998926028341,99.24554183813443,0.16528529963397162,97.30941704035874
1,Train_Extra,AWP,174,0.0005859399077878705,99.98285322359396,0.03888444971744819,99.039780521262,0.1757494908835002,97.11011459890383
1,Train_Extra,AWP,175,0.0006254988916732204,99.98285322359396,0.037151136436127254,99.24554183813443,0.16445916712791744,97.15994020926756
1,Train_Extra,AWP,176,0.000592478325457883,99.98285322359396,0.038345858027049644,99.24554183813443,0.16456625402353306,97.4090682610862
1,Train_Extra,AWP,177,0.0006011012250427405,99.98285322359396,0.03877079888711337,99.10836762688615,0.16883001533022785,97.30941704035874
1,Train_Extra,AWP,178,0.0006957483680421121,99.98285322359396,0.03879391861487364,99.24554183813443,0.17087469472631991,97.20976581963129
1,Train_Extra,AWP,179,0.000606397107501182,99.98285322359396,0.03642764600605924,99.24554183813443,0.16583667713573355,97.25959142999501
1,Train_Extra,AWP,180,0.0005739456347975607,99.98285322359396,0.040568118244815175,99.17695473251028,0.17046968395184628,97.06028898854011
1,Train_Extra,AWP,181,0.0006679026484979876,99.98285322359396,0.03784315080691093,99.17695473251028,0.17177771013527068,97.20976581963129
1,Train_Extra,AWP,182,0.0006339510412460739,99.98285322359396,0.03684716957825043,99.17695473251028,0.1692989641790314,97.20976581963129
1,Train_Extra,AWP,183,0.0006279351867666936,99.98285322359396,0.03979905796710297,99.24554183813443,0.17450241149785056,97.25959142999501
1,Train_Extra,AWP,184,0.000540310191381551,99.98285322359396,0.0352577856843729,99.24554183813443,0.16940484583720297,97.20976581963129
1,Train_Extra,AWP,185,0.0006310860141661084,99.98285322359396,0.03895958779610959,99.17695473251028,0.16296474835833077,97.45889387144993
1,Train_Extra,AWP,186,0.0005889370082395149,99.98285322359396,0.03610137638981507,99.17695473251028,0.16520413491335723,97.30941704035874
1,Train_Extra,AWP,187,0.0005811076247156328,99.98285322359396,0.037572538844739,99.24554183813443,0.16763316002091105,97.45889387144993
1,Train_Extra,AWP,188,0.0005849898889024367,99.98285322359396,0.039909001085932774,99.17695473251028,0.16949125629312378,97.45889387144993
1,Train_Extra,AWP,189,0.0006178576041691031,99.98285322359396,0.038592051047825704,99.17695473251028,0.1679503441399393,97.30941704035874
1,Train_Extra,AWP,190,0.0005677639335515224,99.98285322359396,0.037772514979276466,99.24554183813443,0.16251114277005768,97.25959142999501
1,Train_Extra,AWP,191,0.00059926570543706,99.98285322359396,0.036073160414463894,99.24554183813443,0.16184566679629198,97.20976581963129
1,Train_Extra,AWP,192,0.0006968827679938643,99.98285322359396,0.03457737151921097,99.24554183813443,0.1658789314714543,97.06028898854011
1,Train_Extra,AWP,193,0.0005943411367567202,99.98285322359396,0.03768469220730291,99.10836762688615,0.16812373204300607,97.30941704035874
1,Train_Extra,AWP,194,0.0005985342293832258,99.98285322359396,0.038886512735204146,99.24554183813443,0.1646560984396844,97.30941704035874
1,Train_Extra,AWP,195,0.0006486076770759452,99.98285322359396,0.039641387497986104,99.10836762688615,0.1722517751473293,97.4090682610862
1,Train_Extra,AWP,196,0.0006436080905231116,99.98285322359396,0.03640905234045113,99.24554183813443,0.16474224888062078,97.30941704035874
1,Train_Extra,AWP,197,0.0005802854288365621,99.98285322359396,0.03690556805489511,99.24554183813443,0.17082751551540926,97.30941704035874
1,Train_Extra,AWP,198,0.0006259096180013765,99.98285322359396,0.037149229594196524,99.24554183813443,0.1684339069803099,97.25959142999501
1,Train_Extra,AWP,199,0.000608247659937186,99.98285322359396,0.03586666348231547,99.24554183813443,0.1706588071131523,97.20976581963129
1,Train_Extra,AWP,200,0.0006477965859121666,99.98285322359396,0.038853073532968393,99.24554183813443,0.16947710383256528,97.15994020926756
2,Train,AWP,1,0.5324931275909361,84.5679012345679,0.1171091917304345,96.91358024691358,0.18945877291132218,94.66865969108122
2,Train,AWP,2,0.08583411736332852,97.70233196159123,0.07326524605558078,97.94238683127573,0.14752506425740652,95.51569506726457
2,Train,AWP,3,0.05189323876781956,98.7997256515775,0.0523566240764163,98.83401920438958,0.11758205626488445,96.81116093672148
2,Train,AWP,4,0.03139933295365747,99.36556927297669,0.047803411122273515,98.76543209876543,0.13023697632756112,96.46238166417538
2,Train,AWP,5,0.0294975014201001,99.46844993141289,0.039479545041642805,99.039780521262,0.1171974485631481,96.76133532635775
2,Train,AWP,6,0.02164201256464762,99.55418381344307,0.04017053208274279,98.76543209876543,0.11742229327581745,96.91081215744893
2,Train,AWP,7,0.01902247975965071,99.67421124828532,0.037412924538730595,98.83401920438958,0.10936600763553045,96.91081215744893
2,Train,AWP,8,0.016035210078015276,99.67421124828532,0.03138722755418597,98.97119341563786,0.11181234206779715,96.96063776781266
2,Train,AWP,9,0.013120194929955609,99.82853223593965,0.028440965142801138,99.24554183813443,0.11606862815862636,96.71150971599403
2,Train,AWP,10,0.015310753610126836,99.69135802469135,0.032454663713875294,98.97119341563786,0.11250028285923204,97.01046337817638
2,Train,AWP,11,0.009563831074679594,99.84567901234568,0.041471910131494774,98.76543209876543,0.11247470696499885,96.8609865470852
2,Train,AWP,12,0.007513103946542326,99.89711934156378,0.026618909270250953,99.10836762688615,0.1019793242127015,97.25959142999501
2,Train,AWP,13,0.006955531286581865,99.89711934156378,0.029575113399051365,98.90260631001372,0.102307082818822,97.25959142999501
2,Train,AWP,14,0.008411578715743457,99.84567901234568,0.03392932857597561,98.83401920438958,0.11236249866343638,96.81116093672148
2,Train,AWP,15,0.006638367633770585,99.91426611796982,0.026650452679112573,99.039780521262,0.11048621045240847,97.06028898854011
2,Train,AWP,16,0.006504307280208551,99.89711934156378,0.035892942699313736,98.97119341563786,0.12295105552934686,96.81116093672148
2,Train,AWP,17,0.006239467864203186,99.91426611796982,0.03976644065604125,98.90260631001372,0.1198031813477959,97.01046337817638
2,Train,AWP,18,0.004662246002028595,99.91426611796982,0.023563909860818414,99.31412894375858,0.11483591163320273,97.15994020926756
2,Train,AWP,19,0.005067359098377537,99.93141289437585,0.024046164350290316,99.24554183813443,0.1141779200430527,96.96063776781266
2,Train,AWP,20,0.00824019986738795,99.82853223593965,0.028545109890478017,98.97119341563786,0.11137443274912931,96.96063776781266
2,Train,AWP,21,0.009207222234893023,99.87997256515774,0.026586684675578065,99.17695473251028,0.10663457068196565,97.06028898854011
2,Train,AWP,22,0.005283439431640663,99.89711934156378,0.025548347152210004,99.17695473251028,0.1099243998141448,97.25959142999501
2,Train,AWP,23,0.004225210007976072,99.91426611796982,0.0264511739872511,99.17695473251028,0.13060606007826642,96.76133532635775
2,Train,AWP,24,0.0038583643820501216,99.93141289437585,0.032645216090630216,99.17695473251028,0.11724028676956165,96.96063776781266
2,Train,AWP,25,0.006783585481373492,99.87997256515774,0.02736277622234623,99.31412894375858,0.11821191952256166,96.91081215744893
2,Train,AWP,26,0.003983815320521978,99.93141289437585,0.02221581011509781,99.24554183813443,0.12368653229088349,96.91081215744893
2,Train,AWP,27,0.0038712877260126256,99.93141289437585,0.028620244017725525,99.10836762688615,0.11856582942527803,96.96063776781266
2,Train,AWP,28,0.0037080081888036702,99.93141289437585,0.02807784731792406,99.17695473251028,0.1282791507712973,96.91081215744893
2,Train,AWP,29,0.003585542169394498,99.93141289437585,0.03301431645833426,99.039780521262,0.10907035149953143,97.15994020926756
2,Train,AWP,30,0.003301365713211809,99.93141289437585,0.024156764867799854,99.24554183813443,0.1147197731856422,97.01046337817638
2,Train,AWP,31,0.008301927865629652,99.81138545953361,0.030884013840844358,99.24554183813443,0.13091070691469778,96.41255605381166
2,Train,AWP,32,0.005738078987316998,99.87997256515774,0.032893528202382546,99.10836762688615,0.10509116783567371,97.11011459890383
2,Train,AWP,33,0.0034470073331486556,99.94855967078189,0.023815415222810988,99.17695473251028,0.1129434960474333,97.01046337817638
2,Train,AWP,34,0.0033658313139154493,99.94855967078189,0.0294787483354513,99.17695473251028,0.10775820814828538,97.25959142999501
2,Train,AWP,35,0.0036931570829556617,99.93141289437585,0.028482070763273463,99.039780521262,0.12102719394775041,96.8609865470852
2,Train,AWP,36,0.0037103989284925933,99.94855967078189,0.03901605345846942,99.10836762688615,0.1301157587909942,97.06028898854011
2,Train,AWP,37,0.0033437086710720273,99.93141289437585,0.0274571326606944,99.24554183813443,0.12562063180919927,96.96063776781266
2,Train,AWP,38,0.0034723599054142023,99.93141289437585,0.02909869137022067,99.039780521262,0.1131417085043065,97.15994020926756
2,Train,AWP,39,0.0041212243856495225,99.91426611796982,0.029540667797576775,99.31412894375858,0.12308404493778127,96.91081215744893
2,Train,AWP,40,0.0034818737041622744,99.91426611796982,0.031969890543304395,99.17695473251028,0.12557536289541354,97.11011459890383
2,Train,AWP,41,0.003620396147079705,99.91426611796982,0.027349834293970234,99.17695473251028,0.11926897815472758,97.11011459890383
2,Train,AWP,42,0.00509443696643322,99.86282578875172,0.03578661114682631,98.97119341563786,0.11225433050138355,97.15994020926756
2,Train,AWP,43,0.003275012696932485,99.93141289437585,0.02691737667143866,99.24554183813443,0.11770640578219323,97.15994020926756
2,Train,AWP,44,0.002480335548645361,99.94855967078189,0.022581660375573936,99.519890260631,0.11551846337180323,97.25959142999501
2,Train,AWP,45,0.0021273755734475108,99.94855967078189,0.022204645296072637,99.45130315500685,0.12383544652230433,97.20976581963129
2,Train,AWP,46,0.002572867321245924,99.94855967078189,0.023992554620783445,99.31412894375858,0.1158268774957519,97.35924265072246
2,Train,AWP,47,0.0022857609495511733,99.94855967078189,0.02314417570556638,99.38271604938272,0.1368275893393646,97.01046337817638
2,Train,AWP,48,0.009277917509873236,99.81138545953361,0.03933528580080682,98.90260631001372,0.1390849307428175,96.96063776781266
2,Train,AWP,49,0.0036692214571698773,99.91426611796982,0.025006420016882813,99.45130315500685,0.1238196855155713,97.20976581963129
2,Train,AWP,50,0.003355729269495224,99.93141289437585,0.024653540825262405,99.38271604938272,0.13099148194247595,97.01046337817638
2,Train,AWP,51,0.002396588509525274,99.93141289437585,0.021378811396752958,99.45130315500685,0.12440299242131661,97.11011459890383
2,Train,AWP,52,0.0023646307000371567,99.91426611796982,0.02305897752708399,99.58847736625515,0.1345261507864817,97.01046337817638
2,Train,AWP,53,0.00187271387122841,99.94855967078189,0.023625173363726028,99.519890260631,0.12784066015861903,97.06028898854011
2,Train,AWP,54,0.0024342322387541494,99.96570644718793,0.024983629969848365,99.38271604938272,0.13772986639698473,97.20976581963129
2,Train,AWP,55,0.00410913968220405,99.89711934156378,0.02980577081728686,99.24554183813443,0.1545627888962144,96.56203288490283
2,Train,AWP,56,0.0029708987191122064,99.91426611796982,0.02616615858841151,99.31412894375858,0.1357040607055355,97.11011459890383
2,Train,AWP,57,0.0024597776005659557,99.94855967078189,0.02807999753087583,99.10836762688615,0.12070755317146409,97.35924265072246
2,Train,AWP,58,0.005636720082965558,99.86282578875172,0.02200167147833624,99.24554183813443,0.13345883255819807,96.8609865470852
2,Train,AWP,59,0.003486757859797723,99.93141289437585,0.02195134991013403,99.38271604938272,0.1162968445884822,97.20976581963129
2,Train,AWP,60,0.0033339080342240936,99.93141289437585,0.024691285777885583,99.38271604938272,0.11341999159169007,97.11011459890383
2,Train,AWP,61,0.0023119067150021337,99.94855967078189,0.02789396740031775,99.31412894375858,0.11419619825693227,97.11011459890383
2,Train,AWP,62,0.002317635765037899,99.94855967078189,0.024847256972712232,99.38271604938272,0.11534902943909822,97.11011459890383
2,Train,AWP,63,0.0020259279735514806,99.94855967078189,0.031015879685094002,99.10836762688615,0.115759143639703,97.15994020926756
2,Train,AWP,64,0.0023967331152285306,99.93141289437585,0.021523176989772335,99.58847736625515,0.1206065781366249,97.30941704035874
2,Train,AWP,65,0.00189427078341554,99.94855967078189,0.02393877301471332,99.519890260631,0.12389209736129302,97.15994020926756
2,Train,AWP,66,0.0021612257548400994,99.94855967078189,0.02609150490264596,99.519890260631,0.1261650185220456,97.20976581963129
2,Train,AWP,67,0.0030012544405547924,99.91426611796982,0.029872716613853573,99.38271604938272,0.12407731538565155,97.25959142999501
2,Train,AWP,68,0.0028139742569929576,99.94855967078189,0.021171658706598352,99.58847736625515,0.12424814707019997,97.06028898854011
2,Train,AWP,69,0.0021764426262012894,99.93141289437585,0.021358221470709222,99.72565157750343,0.11974013443594482,97.30941704035874
2,Train,AWP,70,0.0018115996596031398,99.94855967078189,0.027971357567474087,99.58847736625515,0.11434343618614108,97.30941704035874
2,Train,AWP,71,0.0017889918630633315,99.96570644718793,0.028390318873223103,99.45130315500685,0.1171106663381743,97.20976581963129
2,Train,AWP,72,0.0016934308419758568,99.96570644718793,0.028914816881017696,99.31412894375858,0.11901486913734369,97.4090682610862
2,Train,AWP,73,0.0014626033167864396,99.94855967078189,0.029506596569292852,99.45130315500685,0.11691999071248443,97.35924265072246
2,Train,AWP,74,0.0015328189964075927,99.96570644718793,0.027334275798492368,99.38271604938272,0.12391869950734216,97.45889387144993
2,Train,AWP,75,0.0015169436766150877,99.94855967078189,0.025961834718037296,99.45130315500685,0.12771398076573207,97.20976581963129
2,Train,AWP,76,0.0014888965506938605,99.96570644718793,0.02699725386730219,99.31412894375858,0.12533363014901375,97.4090682610862
2,Train,AWP,77,0.0026021191639974068,99.94855967078189,0.034821507039053776,99.10836762688615,0.13464976493853892,97.30941704035874
2,Train,AWP,78,0.006088024416306364,99.86282578875172,0.02353874564685684,99.10836762688615,0.12301819166609405,97.15994020926756
2,Train,AWP,79,0.0021211322022598165,99.93141289437585,0.019148160629383248,99.58847736625515,0.11929975971987905,97.20976581963129
2,Train,AWP,80,0.0017674324700514578,99.94855967078189,0.019272572343047346,99.38271604938272,0.1248994883684433,97.15994020926756
2,Train,AWP,81,0.0022628511867325237,99.93141289437585,0.02130327187582342,99.38271604938272,0.12848475237999263,97.30941704035874
2,Train,AWP,82,0.0038732811324576765,99.91426611796982,0.025237075029201653,99.38271604938272,0.11538956258269643,97.35924265072246
2,Train,AWP,83,0.0031629198937599026,99.96570644718793,0.02657431784432141,99.17695473251028,0.11523487417544291,97.25959142999501
2,Train,AWP,84,0.0046747453194731624,99.91426611796982,0.02386723569593046,99.24554183813443,0.11663292013721259,97.4090682610862
2,Train,AWP,85,0.0021601121260692194,99.96570644718793,0.02703008128218966,99.039780521262,0.12005967541407993,97.25959142999501
2,Train,AWP,86,0.0018709902027615538,99.94855967078189,0.0282546527650519,99.24554183813443,0.12137743416898913,97.15994020926756
2,Train,AWP,87,0.0016054116939536154,99.94855967078189,0.028699504847118352,99.38271604938272,0.12413089756919307,97.20976581963129
2,Train,AWP,88,0.0015027668266908302,99.98285322359396,0.02505298017050537,99.24554183813443,0.1328974251612635,97.11011459890383
2,Train,AWP,89,0.0040639753722485775,99.91426611796982,0.024001211492314076,99.38271604938272,0.14897556981237955,97.20976581963129
2,Train,AWP,90,0.001861217602788162,99.96570644718793,0.03447210595356007,99.17695473251028,0.12666299056510502,97.20976581963129
2,Train,AWP,91,0.0018477751213852214,99.96570644718793,0.02710838859871449,99.24554183813443,0.13939147738542168,97.06028898854011
2,Train,AWP,92,0.0027312309079918677,99.94855967078189,0.02937374445715145,99.38271604938272,0.11983237719635688,97.35924265072246
2,Train,AWP,93,0.0021913899122607645,99.94855967078189,0.03137406803886642,99.039780521262,0.12248114093081997,97.45889387144993
2,Train,AWP,94,0.0019283484424823141,99.96570644718793,0.027956366432327344,99.38271604938272,0.124770309404838,97.30941704035874
2,Train,AWP,95,0.0014588120122979212,99.98285322359396,0.028750326110762947,99.24554183813443,0.11951012425746455,97.45889387144993
2,Train,AWP,96,0.0013655829724603277,99.96570644718793,0.026680925207302635,99.38271604938272,0.12045104122118802,97.45889387144993
2,Train,AWP,97,0.0013929534528988765,99.98285322359396,0.02764035509011372,99.45130315500685,0.12611522602486297,97.30941704035874
2,Train,AWP,98,0.0015936797987468826,99.96570644718793,0.02841432024619385,99.38271604938272,0.11976609304621556,97.50871948181366
2,Train,AWP,99,0.0012754678625202835,99.96570644718793,0.02663730691094143,99.24554183813443,0.12354437561216614,97.45889387144993
2,Train,AWP,100,0.0015367838365186205,99.98285322359396,0.025813094292357258,99.38271604938272,0.12459176314199333,97.4090682610862
2,Train,AWP,101,0.002081319417851299,99.94855967078189,0.031029014432494912,99.31412894375858,0.12155808896888057,97.4090682610862
2,Train,AWP,102,0.00136897091434825,99.98285322359396,0.02706725814153628,99.45130315500685,0.12411990875631615,97.25959142999501
2,Train,AWP,103,0.0013379291988356904,99.98285322359396,0.027398439321605635,99.38271604938272,0.12654995474375982,97.55854509217738
2,Train,AWP,104,0.0012080106043472567,99.96570644718793,0.03161852724720987,99.24554183813443,0.12863447938919972,97.45889387144993
2,Train,AWP,105,0.0015029145598300206,99.96570644718793,0.025398417465728598,99.45130315500685,0.14168736657316136,97.01046337817638
2,Train,AWP,106,0.0013893088642797247,99.96570644718793,0.027060241502165457,99.31412894375858,0.13872929478057683,96.8609865470852
2,Train,AWP,107,0.004638709216084428,99.87997256515774,0.02568934458999068,99.38271604938272,0.11631548269658791,97.11011459890383
2,Train,AWP,108,0.0013891070267835976,99.96570644718793,0.026687641238438576,99.31412894375858,0.12412431267682718,97.20976581963129
2,Train,AWP,109,0.0017404835826195979,99.96570644718793,0.024026310157423025,99.38271604938272,0.12478160402841038,97.20976581963129
2,Train,AWP,110,0.0013021712498495776,99.96570644718793,0.031818859651237624,99.24554183813443,0.12704781168077825,96.91081215744893
2,Train,AWP,111,0.001960127798710069,99.94855967078189,0.032837566340262955,99.17695473251028,0.1157144258860508,97.11011459890383
2,Train,AWP,112,0.0013574157252625573,99.96570644718793,0.026424302651185352,99.24554183813443,0.12944689242695478,97.25959142999501
2,Train,AWP,113,0.0017467208704740347,99.98285322359396,0.032934971472480944,99.45130315500685,0.11822859436602114,97.15994020926756
2,Train,AWP,114,0.0013015481572042715,99.98285322359396,0.025697830361339668,99.31412894375858,0.12964525942722688,96.91081215744893
2,Train,AWP,115,0.0012983255056180656,99.98285322359396,0.02361673200083002,99.519890260631,0.12838456276794927,97.25959142999501
2,Train,AWP,116,0.0012288264723120728,99.96570644718793,0.022970899236573746,99.519890260631,0.12532859242706376,97.01046337817638
2,Train,AWP,117,0.0013261302749667623,99.94855967078189,0.02853695004290565,99.38271604938272,0.12724591062488205,97.20976581963129
2,Train,AWP,118,0.001696661876849248,99.94855967078189,0.030744252725637203,99.31412894375858,0.1464388072778395,96.96063776781266
2,Train,AWP,119,0.0014093327627842486,99.96570644718793,0.031247945529807503,99.31412894375858,0.14651795142289858,97.20976581963129
2,Train,AWP,120,0.0013368746943777533,99.96570644718793,0.024935457648741992,99.519890260631,0.13416392029150317,97.4090682610862
2,Train,AWP,121,0.0012390279852811743,99.96570644718793,0.02745325831832209,99.31412894375858,0.1411102661583619,97.15994020926756
2,Train,AWP,122,0.0012601625286230917,99.96570644718793,0.0265294139614247,99.519890260631,0.13651781550232242,97.11011459890383
2,Train,AWP,123,0.001210816470753027,99.98285322359396,0.03199171805392602,99.38271604938272,0.14074412033919617,97.15994020926756
2,Train,AWP,124,0.0011838837378253747,99.96570644718793,0.035603306358557164,99.31412894375858,0.1365783670599288,97.11011459890383
2,Train,AWP,125,0.0012472932968470875,99.96570644718793,0.031726754431024164,99.24554183813443,0.13829377362960285,97.06028898854011
2,Train,AWP,126,0.001390921756291905,99.96570644718793,0.03385759223613758,99.38271604938272,0.14061107913168602,96.91081215744893
2,Train,AWP,127,0.0012376155728598742,99.96570644718793,0.030978793729785244,99.24554183813443,0.13663737573691073,96.96063776781266
2,Train,AWP,128,0.0012503280622744885,99.98285322359396,0.028982204099093783,99.38271604938272,0.1460143172436899,96.96063776781266
2,Train,AWP,129,0.0011852183688213936,99.96570644718793,0.027285025424476642,99.38271604938272,0.13731487657722619,97.11011459890383
2,Train_Extra,AWP,1,0.003302382653838203,99.93141289437585,0.025551604069015636,99.31412894375858,0.13233588963810133,97.06028898854011
2,Train_Extra,AWP,2,0.0025062902107136956,99.93141289437585,0.04992690692439839,98.90260631001372,0.15451271570829175,97.01046337817638
2,Train_Extra,AWP,3,0.0022427055515119878,99.94855967078189,0.029072584226166646,99.10836762688615,0.1321122020345662,97.20976581963129
2,Train_Extra,AWP,4,0.0025346044049397083,99.96570644718793,0.021771063905979656,99.24554183813443,0.13078167788613834,97.15994020926756
2,Train_Extra,AWP,5,0.0017625650698391837,99.94855967078189,0.025497829527271573,99.45130315500685,0.12744280950114778,97.30941704035874
2,Train_Extra,AWP,6,0.0017179146645266092,99.96570644718793,0.026713466696398534,99.24554183813443,0.13865008097101145,97.20976581963129
2,Train_Extra,AWP,7,0.0017903248465937277,99.94855967078189,0.02471111286881882,99.45130315500685,0.13741427903120673,97.35924265072246
2,Train_Extra,AWP,8,0.0015037205318114266,99.98285322359396,0.024451993540698626,99.519890260631,0.13457762463019227,97.35924265072246
2,Train_Extra,AWP,9,0.0014406371828460144,99.98285322359396,0.023954383796999174,99.38271604938272,0.1417218569376588,97.30941704035874
2,Train_Extra,AWP,10,0.0012864163772578847,99.96570644718793,0.022466821659583757,99.519890260631,0.13706471279957697,97.4090682610862
2,Train_Extra,AWP,11,0.0014373351449965253,99.96570644718793,0.022794829882507785,99.519890260631,0.13748269838730628,97.35924265072246
2,Train_Extra,AWP,12,0.001283618316412448,99.96570644718793,0.023565118529403323,99.519890260631,0.1381673349808172,97.35924265072246
2,Train_Extra,AWP,13,0.003699364960351412,99.93141289437585,0.04490855869384219,98.90260631001372,0.15517817011291432,96.81116093672148
2,Train_Extra,AWP,14,0.003061435008693598,99.93141289437585,0.030455928557745305,99.17695473251028,0.13612880214944845,96.71150971599403
2,Train_Extra,AWP,15,0.0017313385072196504,99.96570644718793,0.03039096997391601,99.10836762688615,0.1283308743992491,97.30941704035874
2,Train_Extra,AWP,16,0.0018257670929059436,99.94855967078189,0.027612880915588608,99.38271604938272,0.12936647613980637,97.20976581963129
2,Train_Extra,AWP,17,0.001599615562949823,99.98285322359396,0.03058020573306448,99.38271604938272,0.12913084778736109,97.35924265072246
2,Train_Extra,AWP,18,0.0013858202014489507,99.96570644718793,0.028603207241925534,99.38271604938272,0.12198983692676832,97.4090682610862
2,Train_Extra,AWP,19,0.001490709700666902,99.98285322359396,0.02623471033833512,99.38271604938272,0.12714869464229278,97.15994020926756
2,Train_Extra,AWP,20,0.0015436486956866208,99.98285322359396,0.038808612004899774,99.10836762688615,0.15775141118425648,96.71150971599403
2,Train_Extra,AWP,21,0.0014557085461369159,99.96570644718793,0.026348127779424375,99.24554183813443,0.1365821617003484,97.11011459890383
2,Train_Extra,AWP,22,0.001334916502084683,99.96570644718793,0.029192443385168357,99.38271604938272,0.13358730027093874,97.15994020926756
2,Train_Extra,AWP,23,0.001208897661280903,99.96570644718793,0.032985081595086986,99.24554183813443,0.1346158736074964,97.15994020926756
2,Train_Extra,AWP,24,0.002280338721032857,99.93141289437585,0.03327231027372118,99.039780521262,0.1435448431215464,96.96063776781266
2,Train_Extra,AWP,25,0.0014841899664648024,99.96570644718793,0.02604153432208784,99.45130315500685,0.1308792898214251,97.20976581963129
2,Train_Extra,AWP,26,0.0015974402242294593,99.96570644718793,0.027293872930408445,99.31412894375858,0.13592752743573644,97.30941704035874
2,Train_Extra,AWP,27,0.001387485530714279,99.96570644718793,0.02554126949667859,99.45130315500685,0.14389851130173908,97.06028898854011
2,Train_Extra,AWP,28,0.001538144462519204,99.96570644718793,0.03407851531839737,99.17695473251028,0.16127287047183375,96.76133532635775
2,Train_Extra,AWP,29,0.0032618536937978047,99.91426611796982,0.02951410341885232,99.24554183813443,0.15179592268341918,97.06028898854011
2,Train_Extra,AWP,30,0.0015843326633409522,99.94855967078189,0.027934266368964553,99.039780521262,0.13480061968286416,97.20976581963129
2,Train_Extra,AWP,31,0.0018159565015989558,99.94855967078189,0.02282537208165493,99.45130315500685,0.1371215068808036,97.25959142999501
2,Train_Extra,AWP,32,0.0014622393725561699,99.96570644718793,0.025904621307649336,99.38271604938272,0.12937652487279944,97.30941704035874
2,Train_Extra,AWP,33,0.001273611595499223,99.98285322359396,0.025482401931960205,99.38271604938272,0.14418943647799182,97.30941704035874
2,Train_Extra,AWP,34,0.001196304159669165,99.96570644718793,0.025987683269327804,99.31412894375858,0.13610581760900303,97.30941704035874
2,Train_Extra,AWP,35,0.001313688271337647,99.96570644718793,0.02739005093734241,99.10836762688615,0.13885890643632548,96.91081215744893
2,Train_Extra,AWP,36,0.00118621634400686,99.96570644718793,0.028751253338081286,99.31412894375858,0.15170863244611088,97.15994020926756
2,Train_Extra,AWP,37,0.0013373341024836682,99.96570644718793,0.031370453662587144,99.24554183813443,0.14895151663612433,96.96063776781266
2,Train_Extra,AWP,38,0.0012913734701026876,99.94855967078189,0.02828666845378715,99.38271604938272,0.14719020356491438,97.11011459890383
2,Train_Extra,AWP,39,0.0014369496234196602,99.98285322359396,0.028975838819737143,99.24554183813443,0.16120303088430674,96.81116093672148
2,Train_Extra,AWP,40,0.0011423619794384097,99.98285322359396,0.03135767027898436,99.24554183813443,0.1463474976574036,97.30941704035874
2,Train_Extra,AWP,41,0.0011884390472341297,99.96570644718793,0.030168107896380508,99.17695473251028,0.14671618117977306,97.11011459890383
2,Train_Extra,AWP,42,0.0014109188863901932,99.98285322359396,0.027655298130721522,99.519890260631,0.1493071541709869,97.25959142999501
2,Train_Extra,AWP,43,0.0010635772532326803,99.96570644718793,0.027950369274107656,99.38271604938272,0.14255371332627048,97.30941704035874
2,Train_Extra,AWP,44,0.0013752258280913773,99.98285322359396,0.03077451855411168,99.38271604938272,0.15329582310422296,97.15994020926756
2,Train_Extra,AWP,45,0.0010471878871237056,99.96570644718793,0.03241675918886217,99.38271604938272,0.14363366146697223,97.4090682610862
2,Train_Extra,AWP,46,0.001361795626117466,99.94855967078189,0.02704310320801292,99.24554183813443,0.15683988201342372,97.15994020926756
2,Train_Extra,AWP,47,0.0012619929978219934,99.96570644718793,0.029601071659805807,99.24554183813443,0.14742961508399652,97.35924265072246
2,Train_Extra,AWP,48,0.0012265880583052658,99.96570644718793,0.03197597779364891,99.039780521262,0.157596955200222,96.91081215744893
2,Train_Extra,AWP,49,0.0011470472236989895,99.96570644718793,0.03515794777358654,99.10836762688615,0.1543938197373256,96.96063776781266
2,Train_Extra,AWP,50,0.0011247326176643305,99.96570644718793,0.0335981426527005,99.24554183813443,0.1480469016330878,96.96063776781266
2,Train_Extra,AWP,51,0.0011767178069061154,99.98285322359396,0.03209823114145611,99.10836762688615,0.1390736360004516,97.45889387144993
2,Train_Extra,AWP,52,0.0016984675044608118,99.94855967078189,0.037075416732544976,99.039780521262,0.1602235804959263,97.11011459890383
2,Train_Extra,AWP,53,0.0012922494064024131,99.98285322359396,0.03564305703802608,99.10836762688615,0.14785249319598523,97.06028898854011
2,Train_Extra,AWP,54,0.0034158138444621254,99.93141289437585,0.024214100237968997,99.45130315500685,0.12821203920160532,97.20976581963129
2,Train_Extra,AWP,55,0.001340016640982788,99.98285322359396,0.024877150180932922,99.24554183813443,0.1156108963628558,97.35924265072246
2,Train_Extra,AWP,56,0.0010645073008637828,99.98285322359396,0.02530453193725811,99.38271604938272,0.11899600720021913,97.55854509217738
2,Train_Extra,AWP,57,0.0012434084073704623,99.98285322359396,0.0259373198073793,99.38271604938272,0.11719051029767022,97.65819631290483
2,Train_Extra,AWP,58,0.0011641603904061649,99.98285322359396,0.02891708498907535,99.24554183813443,0.13024364578373837,97.50871948181366
2,Train_Extra,AWP,59,0.0013514678428928955,99.98285322359396,0.0280927642391016,99.24554183813443,0.13590216115590392,97.30941704035874
2,Train_Extra,AWP,60,0.0012237312653862477,99.98285322359396,0.028234901148615092,99.38271604938272,0.12883037380993878,97.25959142999501
2,Train_Extra,AWP,61,0.0010844723661628686,99.98285322359396,0.028201820466486005,99.31412894375858,0.13195517447493565,97.4090682610862
2,Train_Extra,AWP,62,0.0010694041048865351,99.98285322359396,0.02510157415509353,99.45130315500685,0.13568969810296613,97.45889387144993
2,Train_Extra,AWP,63,0.0010836837715507263,99.98285322359396,0.027492681616966438,99.24554183813443,0.1368442556585775,97.20976581963129
2,Train_Extra,AWP,64,0.0011204529920059545,99.98285322359396,0.02570969341511216,99.38271604938272,0.13499383643246568,97.25959142999501
2,Train_Extra,AWP,65,0.0009461473888746775,99.98285322359396,0.028267925422011387,99.38271604938272,0.1395983032610288,97.35924265072246
2,Train_Extra,AWP,66,0.0010488632026853456,99.98285322359396,0.02571212417517619,99.45130315500685,0.13661291031085704,97.25959142999501
2,Train_Extra,AWP,67,0.0008790944799309965,99.98285322359396,0.03011677189680124,99.38271604938272,0.1363603438094804,97.4090682610862
2,Train_Extra,AWP,68,0.0009422960424424911,99.98285322359396,0.02875496869391298,99.45130315500685,0.13432759603793587,97.11011459890383
2,Train_Extra,AWP,69,0.0010382650598281227,99.96570644718793,0.02493555747883283,99.38271604938272,0.13318754735439423,97.4090682610862
2,Train_Extra,AWP,70,0.000980499487003845,99.96570644718793,0.025070645291058333,99.45130315500685,0.13175541285141665,97.4090682610862
2,Train_Extra,AWP,71,0.000964183833586859,99.98285322359396,0.029716465858211142,99.45130315500685,0.143619787115019,97.20976581963129
2,Train_Extra,AWP,72,0.0011677384357218889,99.98285322359396,0.026891617054168093,99.45130315500685,0.15224768130195024,97.30941704035874
2,Train_Extra,AWP,73,0.002512897300873548,99.93141289437585,0.02566083087279258,99.58847736625515,0.14533488427376534,96.8609865470852
2,Train_Extra,AWP,74,0.0011388679174516533,99.98285322359396,0.023065752150179163,99.519890260631,0.1299914056755413,97.30941704035874
2,Train_Extra,AWP,75,0.001080690206831407,99.98285322359396,0.021581229207965714,99.45130315500685,0.13470362717708953,97.30941704035874
2,Train_Extra,AWP,76,0.0010052947411622881,99.98285322359396,0.02316800052611814,99.519890260631,0.13060234271650684,97.20976581963129
2,Train_Extra,AWP,77,0.0009746991898717407,99.98285322359396,0.02322562717452878,99.45130315500685,0.14573668599718978,97.15994020926756
2,Train_Extra,AWP,78,0.000987987878572668,99.98285322359396,0.021593644455779826,99.519890260631,0.1396804709058472,97.20976581963129
2,Train_Extra,AWP,79,0.0008718584968085491,99.98285322359396,0.02041618287190763,99.519890260631,0.14464613101069268,97.25959142999501
2,Train_Extra,AWP,80,0.0008228239405080667,99.98285322359396,0.024110101120989127,99.45130315500685,0.13265815919114804,97.30941704035874
2,Train_Extra,AWP,81,0.0008716933800275475,99.98285322359396,0.02341292670063051,99.519890260631,0.1353124287093126,97.25959142999501
2,Train_Extra,AWP,82,0.0008341815283657801,99.98285322359396,0.02666462483953663,99.58847736625515,0.14152971452682575,97.11011459890383
2,Train_Extra,AWP,83,0.0008861622340606592,99.98285322359396,0.0224772414008273,99.58847736625515,0.1496471984146741,97.30941704035874
2,Train_Extra,AWP,84,0.0008454355415185843,99.98285322359396,0.023487227116836,99.45130315500685,0.1463420975771902,97.20976581963129
2,Train_Extra,AWP,85,0.0008354751701927933,99.98285322359396,0.02429326743011897,99.519890260631,0.13728755888750468,97.25959142999501
2,Train_Extra,AWP,86,0.0008114363266960698,99.98285322359396,0.024293856585166924,99.65706447187928,0.13432236555013638,97.20976581963129
2,Train_Extra,AWP,87,0.0007105258655156911,99.98285322359396,0.02272367865876277,99.519890260631,0.13686033891730648,97.25959142999501
2,Train_Extra,AWP,88,0.0006166124602635176,99.98285322359396,0.02537333204544752,99.45130315500685,0.14267184035663455,97.30941704035874
2,Train_Extra,AWP,89,0.0007451831324028321,99.98285322359396,0.02270436641993001,99.58847736625515,0.15206195646583734,97.20976581963129
2,Train_Extra,AWP,90,0.0009132585261830212,99.98285322359396,0.021858884906212624,99.72565157750343,0.1409962265341583,97.25959142999501
2,Train_Extra,AWP,91,0.0006951879034886588,99.98285322359396,0.022939592028351784,99.58847736625515,0.15060226602285964,97.30941704035874
2,Train_Extra,AWP,92,0.0009271073782068253,99.96570644718793,0.023721168249119226,99.45130315500685,0.134760930622826,97.35924265072246
2,Train_Extra,AWP,93,0.0011189786967891093,99.96570644718793,0.029607751852828264,99.38271604938272,0.1380700964772866,97.35924265072246
2,Train_Extra,AWP,94,0.0007808634285558345,99.98285322359396,0.02339168551986937,99.519890260631,0.13167657494570736,97.25959142999501
2,Train_Extra,AWP,95,0.0008260259271018501,99.98285322359396,0.024579336144390517,99.45130315500685,0.13315569976079972,97.35924265072246
2,Train_Extra,AWP,96,0.0008302347916182755,99.98285322359396,0.023901443110299212,99.519890260631,0.13918478695886752,97.20976581963129
2,Train_Extra,AWP,97,0.0008482193698210702,99.98285322359396,0.022759870954089212,99.58847736625515,0.1453992815419807,97.15994020926756
2,Train_Extra,AWP,98,0.0007943340406941586,99.98285322359396,0.023523935620655117,99.58847736625515,0.14015432078053494,97.30941704035874
2,Train_Extra,AWP,99,0.0007980258070104988,99.98285322359396,0.025654218918201944,99.519890260631,0.1439099281080931,97.20976581963129
2,Train_Extra,AWP,100,0.0007413906301703422,99.98285322359396,0.024005431727927528,99.65706447187928,0.14945147480343143,97.06028898854011
2,Train_Extra,AWP,101,0.0006614373208985507,99.98285322359396,0.02780411974718073,99.519890260631,0.14524752933668428,97.11011459890383
2,Train_Extra,AWP,102,0.0007367319509215952,99.98285322359396,0.027111015961825375,99.45130315500685,0.1430214501652397,97.20976581963129
2,Train_Extra,AWP,103,0.0006449004942263183,99.98285322359396,0.02685381367748165,99.45130315500685,0.13953547287280157,97.20976581963129
2,Train_Extra,AWP,104,0.0006065782492686614,99.98285322359396,0.02626665083195475,99.519890260631,0.13844976295734113,97.30941704035874
2,Train_Extra,AWP,105,0.0007716458283640725,99.98285322359396,0.02655139095191454,99.519890260631,0.138393040541462,97.30941704035874
2,Train_Extra,AWP,106,0.0006827355271286953,99.98285322359396,0.025885267590568386,99.58847736625515,0.1427151330865591,97.25959142999501
2,Train_Extra,AWP,107,0.0007157226999491622,99.98285322359396,0.024727844706410654,99.65706447187928,0.14436682921209695,97.35924265072246
2,Train_Extra,AWP,108,0.0006780869115568353,99.98285322359396,0.026033705942616718,99.58847736625515,0.1355439213880474,97.30941704035874
2,Train_Extra,AWP,109,0.0007020986790354547,99.98285322359396,0.025355775799172878,99.58847736625515,0.14788133523761754,97.20976581963129
2,Train_Extra,AWP,110,0.0007262466640916589,99.98285322359396,0.025405998685455816,99.65706447187928,0.14563740016525964,97.30941704035874
2,Train_Extra,AWP,111,0.0006255983329341659,99.98285322359396,0.028646701268214347,99.58847736625515,0.1443125456271985,97.30941704035874
2,Train_Extra,AWP,112,0.00065331059147411,99.98285322359396,0.028612287934039807,99.58847736625515,0.14273101822417425,97.35924265072246
2,Train_Extra,AWP,113,0.0005581474633670348,99.98285322359396,0.02724865639571058,99.519890260631,0.14761434771133541,97.25959142999501
2,Train_Extra,AWP,114,0.0008288347638814803,99.98285322359396,0.03061082477550132,99.519890260631,0.17281759504105165,97.11011459890383
2,Train_Extra,AWP,115,0.0018018161822189304,99.94855967078189,0.0309552743937922,99.38271604938272,0.15013680305943547,97.11011459890383
2,Train_Extra,AWP,116,0.000705191958038985,99.98285322359396,0.028519472296426197,99.45130315500685,0.15398422878235116,97.20976581963129
2,Train_Extra,AWP,117,0.0007955488505454805,99.98285322359396,0.02410851642004569,99.519890260631,0.15465599508390182,97.25959142999501
2,Train_Extra,AWP,118,0.0006797246829732914,99.98285322359396,0.025648434047034444,99.519890260631,0.15171024728442625,97.25959142999501
2,Train_Extra,AWP,119,0.0007588665711577762,99.98285322359396,0.02795746815959088,99.519890260631,0.14997791501190644,97.20976581963129
2,Train_Extra,AWP,120,0.0007151759581211576,99.98285322359396,0.027669856396987574,99.38271604938272,0.1495298675040324,97.45889387144993
2,Train_Extra,AWP,121,0.0006340488924340958,99.98285322359396,0.029768099250126877,99.45130315500685,0.1468650088697722,97.25959142999501
2,Train_Extra,AWP,122,0.0005844332521267303,99.98285322359396,0.027729729395133792,99.45130315500685,0.15553856149000753,97.35924265072246
2,Train_Extra,AWP,123,0.0005637679952055508,99.98285322359396,0.03054424982488275,99.38271604938272,0.1570531448252083,97.11011459890383
2,Train_Extra,AWP,124,0.0005631550144440582,99.98285322359396,0.030722013453643008,99.38271604938272,0.15343781922657695,97.4090682610862
2,Train_Extra,AWP,125,0.0006191991833561686,99.98285322359396,0.030728539471321877,99.45130315500685,0.1548255341014174,97.35924265072246
2,Train_Extra,AWP,126,0.0005392710703678522,99.98285322359396,0.030679804882623042,99.38271604938272,0.15398821283541525,97.35924265072246
2,Train_Extra,AWP,127,0.0006336766073860891,99.98285322359396,0.026300825363167035,99.38271604938272,0.15765904379152662,97.15994020926756
2,Train_Extra,AWP,128,0.0005612123562333754,99.98285322359396,0.02578688943050823,99.45130315500685,0.15889508926667417,97.30941704035874
2,Train_Extra,AWP,129,0.0006224299645744534,99.98285322359396,0.030773094856256983,99.38271604938272,0.15486665110932787,97.4090682610862
2,Train_Extra,AWP,130,0.0005361155635008029,99.98285322359396,0.02805777251456358,99.38271604938272,0.1542375213931492,97.4090682610862
2,Train_Extra,AWP,131,0.0005265710924745641,99.98285322359396,0.03007687288421841,99.45130315500685,0.1543183739133055,97.4090682610862
2,Train_Extra,AWP,132,0.0005631963322526724,99.98285322359396,0.02647764198167194,99.45130315500685,0.16453046287233858,97.25959142999501
2,Train_Extra,AWP,133,0.0005224819679149871,99.98285322359396,0.030850968340839797,99.38271604938272,0.17006113178969798,97.15994020926756
2,Train_Extra,AWP,134,0.000487756636144107,99.98285322359396,0.03040720935618225,99.45130315500685,0.16369475584663845,97.20976581963129
2,Train_Extra,AWP,135,0.0005030199335551614,99.98285322359396,0.029670583284813527,99.38271604938272,0.16476985144359418,97.35924265072246
2,Train_Extra,AWP,136,0.0005682401288128324,99.98285322359396,0.025852702303551776,99.45130315500685,0.1640735662337353,97.25959142999501
2,Train_Extra,AWP,137,0.0010173575603610752,99.98285322359396,0.032461258717593124,99.45130315500685,0.15937651512008294,97.4090682610862
2,Train_Extra,AWP,138,0.0005444272525061893,99.98285322359396,0.03569238271641656,99.38271604938272,0.16139561717249276,97.06028898854011
2,Train_Extra,AWP,139,0.0005440188869086975,99.98285322359396,0.036041969929948584,99.45130315500685,0.16489488722635393,97.01046337817638
2,Train_Extra,AWP,140,0.0005502327411217879,99.98285322359396,0.035352561674498385,99.38271604938272,0.1567031260659059,97.15994020926756
2,Train_Extra,AWP,141,0.0005233453025947138,99.98285322359396,0.03505154162175866,99.38271604938272,0.15807120289013632,97.20976581963129
2,Train_Extra,AWP,142,0.00042577338596471316,99.98285322359396,0.03866620120745949,99.45130315500685,0.16163186389690948,97.06028898854011
2,Train_Extra,AWP,143,0.0004038514011362484,99.98285322359396,0.03501372005123579,99.38271604938272,0.15492595885538643,97.15994020926756
2,Train_Extra,AWP,144,0.0004383433693063758,99.98285322359396,0.032253397454935266,99.38271604938272,0.15748551294831006,97.35924265072246
2,Train_Extra,AWP,145,0.0004840777060374658,99.98285322359396,0.03442327866633918,99.45130315500685,0.15575344208720746,97.15994020926756
2,Train_Extra,AWP,146,0.00044755094561226184,99.98285322359396,0.03300582341288407,99.31412894375858,0.15873869978609312,97.35924265072246
2,Train_Extra,AWP,147,0.00043312591844020835,99.98285322359396,0.03162624125757503,99.45130315500685,0.15935865754124026,97.30941704035874
2,Train_Extra,AWP,148,0.00041880316639040046,99.98285322359396,0.03603124966345999,99.38271604938272,0.1588178027883417,97.20976581963129
2,Train_Extra,AWP,149,0.0004785795899608828,99.98285322359396,0.03104521951883878,99.45130315500685,0.16464064520994628,97.30941704035874
2,Train_Extra,AWP,150,0.0004801914300522323,99.98285322359396,0.030533072149924154,99.519890260631,0.16342150476641323,97.35924265072246
2,Train_Extra,AWP,151,0.0005318128126927861,99.98285322359396,0.029603735632828133,99.45130315500685,0.15963068051940257,97.30941704035874
2,Train_Extra,AWP,152,0.0004313057396029515,99.98285322359396,0.029261739929715088,99.45130315500685,0.1629605660513802,97.25959142999501
2,Train_Extra,AWP,153,0.000454697308597311,99.98285322359396,0.030909000237800063,99.45130315500685,0.16369045371598415,97.11011459890383
2,Train_Extra,AWP,154,0.0004855514194940477,99.98285322359396,0.029956820099700795,99.45130315500685,0.15790718788974878,97.30941704035874
2,Train_Extra,AWP,155,0.0005157950426111128,99.98285322359396,0.031144003658085954,99.45130315500685,0.15725831746713753,97.25959142999501
2,Train_Extra,AWP,156,0.0005785633460829865,99.98285322359396,0.02618639826245139,99.58847736625515,0.17399136741264196,97.25959142999501
2,Train_Extra,AWP,157,0.0005029433359280604,99.98285322359396,0.030586840226475853,99.519890260631,0.16086188585590944,97.4090682610862
2,Train_Extra,AWP,158,0.00048822255824323133,99.98285322359396,0.028897209407278066,99.45130315500685,0.159397415268379,97.35924265072246
2,Train_Extra,AWP,159,0.00039845995237155677,99.98285322359396,0.03003973897008129,99.31412894375858,0.16066765763016008,97.35924265072246
2,Train_Extra,AWP,160,0.00041599213587989215,99.98285322359396,0.03386788746544053,99.519890260631,0.15881325294589416,97.20976581963129
2,Train_Extra,AWP,161,0.00045294045087636596,99.98285322359396,0.03276252194616309,99.45130315500685,0.1562571416141008,97.20976581963129
2,Train_Extra,AWP,162,0.00039027758954546243,99.98285322359396,0.03166397295990589,99.38271604938272,0.15859460989922827,97.35924265072246
2,Train_Extra,AWP,163,0.0004518006617310586,99.98285322359396,0.03116086392087341,99.38271604938272,0.16614806066538307,97.30941704035874
2,Train_Extra,AWP,164,0.0004804821760549648,99.98285322359396,0.0308601436491376,99.45130315500685,0.15938434614696667,97.25959142999501
2,Train_Extra,AWP,165,0.0004042178954908037,99.98285322359396,0.026491652858306503,99.45130315500685,0.15350915983918587,97.4090682610862
2,Train_Extra,AWP,166,0.00042478898816534144,99.98285322359396,0.03083982598386103,99.45130315500685,0.15691456780333896,97.4090682610862
2,Train_Extra,AWP,167,0.0004046302816838623,99.98285322359396,0.03165230894706271,99.38271604938272,0.15527415983503018,97.45889387144993
2,Train_Extra,AWP,168,0.0004601929432300514,99.98285322359396,0.03181503907640553,99.45130315500685,0.15449204694554067,97.15994020926756
2,Train_Extra,AWP,169,0.0004137540436772724,99.98285322359396,0.030025809213080703,99.519890260631,0.1509974606119792,97.35924265072246
2,Train_Extra,AWP,170,0.00036406175049285633,99.98285322359396,0.029597485121342852,99.45130315500685,0.15494135333471418,97.45889387144993
2,Train_Extra,AWP,171,0.0004018654205924824,99.98285322359396,0.0319794195302677,99.45130315500685,0.1537502071788935,97.30941704035874
2,Train_Extra,AWP,172,0.00046498193078879586,99.98285322359396,0.02861330716719956,99.519890260631,0.15594340693813483,97.25959142999501
2,Train_Extra,AWP,173,0.00039577887649067594,99.98285322359396,0.028528788383400266,99.45130315500685,0.15900370710434028,97.35924265072246
2,Train_Extra,AWP,174,0.0003839125163075916,99.98285322359396,0.03071029379720784,99.519890260631,0.1544665444987317,97.45889387144993
2,Train_Extra,AWP,175,0.0003822758220547692,99.98285322359396,0.030879316173223245,99.519890260631,0.15943243176383176,97.45889387144993
2,Train_Extra,AWP,176,0.0004221848636011996,99.98285322359396,0.029516081528543358,99.519890260631,0.15618359341669996,97.20976581963129
2,Train_Extra,AWP,177,0.000355253416117925,99.98285322359396,0.0274874367584403,99.519890260631,0.1605174512405231,97.30941704035874
2,Train_Extra,AWP,178,0.0004697510600738289,99.98285322359396,0.02895346956447935,99.38271604938272,0.1612758062463546,97.45889387144993
2,Train_Extra,AWP,179,0.0004113379988732059,99.98285322359396,0.03131331442744812,99.519890260631,0.15574315189062346,97.25959142999501
2,Train_Extra,AWP,180,0.0003972348132140516,99.98285322359396,0.02709831819447323,99.45130315500685,0.15694631493361397,97.20976581963129
2,Train_Extra,AWP,181,0.0003780778654505985,99.98285322359396,0.029261519500279963,99.38271604938272,0.1586007323064237,97.4090682610862
2,Train_Extra,AWP,182,0.00040050747452678183,99.98285322359396,0.029089115569331876,99.519890260631,0.15525330358737544,97.30941704035874
2,Train_Extra,AWP,183,0.00043494982019455085,99.98285322359396,0.029187375109400154,99.519890260631,0.1599662758400232,97.4090682610862
2,Train_Extra,AWP,184,0.000371791264218201,99.98285322359396,0.030640828462007146,99.45130315500685,0.15722390758889895,97.25959142999501
2,Train_Extra,AWP,185,0.00040362503319759367,99.98285322359396,0.029033677357786964,99.45130315500685,0.15783888622636383,97.4090682610862
2,Train_Extra,AWP,186,0.0004714308550772913,99.98285322359396,0.03172436785716705,99.519890260631,0.15921359971825402,97.20976581963129
2,Train_Extra,AWP,187,0.0004482861277303438,99.98285322359396,0.027112934106586974,99.519890260631,0.16201307978870846,97.45889387144993
2,Train_Extra,AWP,188,0.0003764903187616305,99.98285322359396,0.03228744749840027,99.519890260631,0.15935800063762443,97.25959142999501
2,Train_Extra,AWP,189,0.00043715797040617775,99.98285322359396,0.028873509221115572,99.38271604938272,0.15692276493900845,97.45889387144993
2,Train_Extra,AWP,190,0.0004209113289046785,99.98285322359396,0.026935390687548383,99.58847736625515,0.15913883103111687,97.30941704035874
2,Train_Extra,AWP,191,0.00038714776830772735,99.98285322359396,0.031349256638330235,99.45130315500685,0.15543325431250485,97.25959142999501
2,Train_Extra,AWP,192,0.00042342477655295073,99.98285322359396,0.029505240523317003,99.45130315500685,0.1561247560036808,97.30941704035874
2,Train_Extra,AWP,193,0.00044565541642226515,99.98285322359396,0.030843956159175727,99.519890260631,0.1548023202171615,97.4090682610862
2,Train_Extra,AWP,194,0.00039496971922341857,99.98285322359396,0.031965656391501285,99.519890260631,0.15942298865320073,97.35924265072246
2,Train_Extra,AWP,195,0.0003837018170608654,99.98285322359396,0.02717930254842147,99.519890260631,0.1566295826269741,97.4090682610862
2,Train_Extra,AWP,196,0.0004105704901617025,99.98285322359396,0.03273583738108978,99.38271604938272,0.16260248319110493,97.15994020926756
2,Train_Extra,AWP,197,0.0005348532914410953,99.98285322359396,0.029237510979549186,99.38271604938272,0.1601081790705635,97.25959142999501
2,Train_Extra,AWP,198,0.00042086138722034457,99.98285322359396,0.02752575312584463,99.519890260631,0.15613963363282535,97.35924265072246
2,Train_Extra,AWP,199,0.00037447846351683535,99.98285322359396,0.0311446752418988,99.45130315500685,0.1610522209499326,97.4090682610862
2,Train_Extra,AWP,200,0.00045181367467930414,99.98285322359396,0.030977032224079836,99.519890260631,0.15980330714967528,97.25959142999501
3,Train,AWP,1,0.4985655618669546,86.52263374485597,0.08762566566426404,97.87379972565158,0.1759162708545242,95.31639262580967
3,Train,AWP,2,0.08204986762417399,97.97668038408779,0.059777544159825446,98.42249657064473,0.14478882406265153,95.81464872944693
3,Train,AWP,3,0.05237239048532818,98.76543209876543,0.04682232747914778,98.83401920438958,0.12889269065607467,96.3129048330842
3,Train,AWP,4,0.047783392360029014,98.91975308641975,0.04719517237170815,98.49108367626886,0.12626088596973242,96.36273044344793
3,Train,AWP,5,0.034588269939970065,99.31412894375858,0.037728083331459834,99.10836762688615,0.11511781876308144,96.51220727453911
3,Train,AWP,6,0.022247839546964868,99.519890260631,0.031989048565999795,99.17695473251028,0.09994598623229665,97.50871948181366
3,Train,AWP,7,0.018282782114313348,99.60562414266118,0.03265002218365097,99.17695473251028,0.10805409081283944,96.96063776781266
3,Train,AWP,8,0.013958246257338349,99.79423868312757,0.036115472631679725,99.039780521262,0.11597638931747212,96.96063776781266
3,Train,AWP,9,0.015599914735345088,99.70850480109739,0.024867137173504986,99.38271604938272,0.10217304522933565,97.06028898854011
3,Train,AWP,10,0.011303928144195157,99.87997256515774,0.026486644656774274,99.45130315500685,0.09887606939407623,97.11011459890383
3,Train,AWP,11,0.015452537784332653,99.70850480109739,0.02173607628818075,99.58847736625515,0.09989156083245151,97.11011459890383
3,Train,AWP,12,0.01233469086456234,99.81138545953361,0.024144218764453104,99.58847736625515,0.10247785344489724,97.35924265072246
3,Train,AWP,13,0.009044425915066235,99.87997256515774,0.022674105156964237,99.17695473251028,0.10793240824236344,97.01046337817638
3,Train,AWP,14,0.011626024143365414,99.7599451303155,0.023045137235243256,99.519890260631,0.10390260174877916,97.11011459890383
3,Train,AWP,15,0.007370769611873623,99.91426611796982,0.022721784965445597,99.519890260631,0.106157636606818,97.06028898854011
3,Train,AWP,16,0.008353878001798876,99.86282578875172,0.02460767958946884,99.17695473251028,0.10669236377765126,97.01046337817638
3,Train,AWP,17,0.005865296358419785,99.87997256515774,0.02746137442637046,99.45130315500685,0.1110837565290435,97.06028898854011
3,Train,AWP,18,0.006912461021388678,99.91426611796982,0.02300104937568532,99.31412894375858,0.10871586569607644,97.20976581963129
3,Train,AWP,19,0.005158001016673591,99.93141289437585,0.02155168631480718,99.519890260631,0.114805282873631,96.8609865470852
3,Train,AWP,20,0.005040014989588045,99.89711934156378,0.020347191192035975,99.38271604938272,0.10991281685830054,96.96063776781266
3,Train,AWP,21,0.004162869571503151,99.94855967078189,0.020929504618999152,99.45130315500685,0.10623604058848131,97.30941704035874
3,Train,AWP,22,0.00380359004686951,99.93141289437585,0.020455224769105638,99.45130315500685,0.10812252199376586,97.30941704035874
3,Train,AWP,23,0.005690587690522712,99.93141289437585,0.023281191558729146,99.24554183813443,0.1173921927631525,97.11011459890383
3,Train,AWP,24,0.0030932447511788823,99.91426611796982,0.018249346957694028,99.519890260631,0.106484754161383,97.15994020926756
3,Train,AWP,25,0.002762512670217446,99.93141289437585,0.0184412161028843,99.45130315500685,0.1110002531270498,97.30941704035874
3,Train,AWP,26,0.003069037091652559,99.93141289437585,0.026841846195692184,99.31412894375858,0.12504480131560733,97.11011459890383
3,Train,AWP,27,0.0032564890789217316,99.94855967078189,0.02201423855352794,99.45130315500685,0.11675136994457269,96.8609865470852
3,Train,AWP,28,0.002942885576055193,99.94855967078189,0.02055067457169274,99.45130315500685,0.11913518639356566,97.11011459890383
3,Train,AWP,29,0.003121204473522401,99.94855967078189,0.02210242463408654,99.31412894375858,0.12019594871695652,97.20976581963129
3,Train,AWP,30,0.002743063845548971,99.94855967078189,0.025387498575188627,99.45130315500685,0.11505676121332631,97.11011459890383
3,Train,AWP,31,0.0032993416702400123,99.93141289437585,0.03056026748362392,99.17695473251028,0.13094122821811308,97.11011459890383
3,Train,AWP,32,0.0135127256925562,99.74279835390946,0.024417668035501723,99.45130315500685,0.11322426721713527,97.15994020926756
3,Train,AWP,33,0.0043681324564006545,99.93141289437585,0.025989927070417196,99.38271604938272,0.11481395720559445,97.30941704035874
3,Train,AWP,34,0.0030210549347153256,99.94855967078189,0.02416740700510549,99.45130315500685,0.11362855558668314,97.20976581963129
3,Train,AWP,35,0.002598639604042072,99.94855967078189,0.023172949362847705,99.38271604938272,0.11309111376878155,97.15994020926756
3,Train,AWP,36,0.0019306319913796513,99.94855967078189,0.023919970775725746,99.519890260631,0.11191370969292057,97.4090682610862
3,Train,AWP,37,0.0020373074313165093,99.96570644718793,0.023903962493642898,99.519890260631,0.1248355295609332,97.20976581963129
3,Train,AWP,38,0.002838363948166775,99.94855967078189,0.022240099061500224,99.24554183813443,0.11802589442760984,97.15994020926756
3,Train,AWP,39,0.002588377772474854,99.94855967078189,0.024072672727176683,99.38271604938272,0.11827710963781936,96.91081215744893
3,Train,AWP,40,0.0027066867135980156,99.94855967078189,0.031790180617256095,99.17695473251028,0.1248202252739555,97.06028898854011
3,Train,AWP,41,0.007543379103995191,99.84567901234568,0.024849489326135284,99.31412894375858,0.11022313209236648,97.35924265072246
3,Train,AWP,42,0.0028470714871376836,99.96570644718793,0.020912291428434506,99.45130315500685,0.1178978481211648,97.45889387144993
3,Train,AWP,43,0.002750621185797449,99.94855967078189,0.020658034236273833,99.38271604938272,0.11140413613508279,97.35924265072246
3,Train,AWP,44,0.0026472715101629983,99.96570644718793,0.02039138752767824,99.519890260631,0.11382459132785026,97.70802192326856
3,Train,AWP,45,0.0036534582558606812,99.93141289437585,0.025969773083823044,99.38271604938272,0.13322265944376357,97.06028898854011
3,Train,AWP,46,0.0025817502652859294,99.96570644718793,0.022388694379913053,99.45130315500685,0.11379616346913722,97.11011459890383
3,Train,AWP,47,0.0018507552731930248,99.96570644718793,0.025973244668565824,99.45130315500685,0.13102064650425968,96.96063776781266
3,Train,AWP,48,0.002283118019318942,99.94855967078189,0.026320747462636566,99.38271604938272,0.1183494500185706,97.45889387144993
3,Train,AWP,49,0.0021021310737484346,99.96570644718793,0.02582232791174137,99.38271604938272,0.12367300495438512,97.20976581963129
3,Train,AWP,50,0.001947415915389644,99.96570644718793,0.025447074557681387,99.38271604938272,0.11979463334530814,97.50871948181366
3,Train,AWP,51,0.0013892414064052307,99.96570644718793,0.020382258177138304,99.58847736625515,0.12000783809516848,97.50871948181366
3,Train,AWP,52,0.0017031179118416533,99.96570644718793,0.023167617436988978,99.519890260631,0.126363650419089,97.35924265072246
3,Train,AWP,53,0.0014719150371804615,99.96570644718793,0.026683647411048863,99.38271604938272,0.12503174305199746,97.50871948181366
3,Train,AWP,54,0.001556885535513214,99.96570644718793,0.024433951965751655,99.519890260631,0.1268029110431931,97.45889387144993
3,Train,AWP,55,0.0016440194375046185,99.96570644718793,0.03082101806405477,99.45130315500685,0.13527170574841496,97.30941704035874
3,Train,AWP,56,0.0017838535404735012,99.94855967078189,0.03407496782160263,99.38271604938272,0.1286208310035045,96.96063776781266
3,Train,AWP,57,0.0025853927331216096,99.94855967078189,0.03704312153988414,99.17695473251028,0.1780200723380474,96.26307922272048
3,Train,AWP,58,0.008009009006301589,99.79423868312757,0.021809203683083114,99.45130315500685,0.10265160419369848,97.30941704035874
3,Train,AWP,59,0.0021608464339806233,99.94855967078189,0.02463195991698545,99.519890260631,0.10657708242899397,97.55854509217738
3,Train,AWP,60,0.001964443602090519,99.94855967078189,0.0267764931507613,99.45130315500685,0.11705311241791239,97.50871948181366
3,Train,AWP,61,0.0031443713013805277,99.93141289437585,0.02310948200212135,99.58847736625515,0.12050793541379098,97.15994020926756
3,Train,AWP,62,0.0020395206820862572,99.96570644718793,0.01992690293482455,99.58847736625515,0.12799204054822672,96.96063776781266
3,Train,AWP,63,0.002756161530867204,99.93141289437585,0.025880705544773605,99.45130315500685,0.11474000422379599,97.4090682610862
3,Train,AWP,64,0.011125108859351198,99.81138545953361,0.02469299936000212,99.519890260631,0.11525047769074899,97.4090682610862
3,Train,AWP,65,0.0021157726386382305,99.93141289437585,0.0248028420286179,99.519890260631,0.10897351867103078,97.20976581963129
3,Train,AWP,66,0.0020399476740314403,99.96570644718793,0.025266763441193087,99.45130315500685,0.12304844608132258,97.15994020926756
3,Train,AWP,67,0.0017777794475240744,99.94855967078189,0.02544520863565643,99.38271604938272,0.11782275968313395,97.30941704035874
3,Train,AWP,68,0.0015543808853101875,99.96570644718793,0.02239793900908859,99.45130315500685,0.1160877517127076,97.30941704035874
3,Train,AWP,69,0.003760709225626551,99.93141289437585,0.022346295789075793,99.58847736625515,0.11797884034826298,97.30941704035874
3,Train,AWP,70,0.0017452382479583005,99.94855967078189,0.023480688778438258,99.58847736625515,0.11371718534149182,97.4090682610862
3,Train,AWP,71,0.0016785123861668778,99.94855967078189,0.026291417430023393,99.519890260631,0.11679337502470659,97.35924265072246
3,Train,AWP,72,0.0017613182951564618,99.96570644718793,0.02451251086616692,99.519890260631,0.11625500289652743,97.45889387144993
3,Train,AWP,73,0.0016715775941718123,99.96570644718793,0.024526851658137012,99.519890260631,0.12055731472347209,97.30941704035874
3,Train,AWP,74,0.0015511852749983993,99.96570644718793,0.030801860775302874,99.38271604938272,0.12653358010496288,97.45889387144993
3,Train,AWP,75,0.001558017016617194,99.94855967078189,0.024867280778271977,99.58847736625515,0.1265885748951053,97.35924265072246
3,Train,AWP,76,0.001615082819428252,99.96570644718793,0.02538704411228876,99.519890260631,0.12235320742531133,97.50871948181366
3,Train,AWP,77,0.0016508374259817924,99.96570644718793,0.02702212897167683,99.38271604938272,0.1329957798353522,97.25959142999501
3,Train,AWP,78,0.001659535755172091,99.96570644718793,0.03042070526918409,99.519890260631,0.1283347340296967,97.35924265072246
3,Train,AWP,79,0.001664548973009084,99.96570644718793,0.023438395322932872,99.45130315500685,0.1176463978956247,97.55854509217738
3,Train,AWP,80,0.001875376732285709,99.94855967078189,0.029054606186777906,99.45130315500685,0.11420847114925442,97.35924265072246
3,Train,AWP,81,0.0017205077351916218,99.94855967078189,0.028716074030038955,99.45130315500685,0.13450906181723757,97.11011459890383
3,Train,AWP,82,0.0015844576188971153,99.96570644718793,0.03155099996397545,99.31412894375858,0.134776355852069,97.11011459890383
3,Train,AWP,83,0.002552483379511851,99.93141289437585,0.024531993334851034,99.45130315500685,0.11971727498181955,97.30941704035874
3,Train,AWP,84,0.0017571054284654447,99.96570644718793,0.024786816668295554,99.519890260631,0.1277382562366673,97.35924265072246
3,Train,AWP,85,0.0014585201622693326,99.94855967078189,0.023280965968112452,99.45130315500685,0.11986996144507364,97.50871948181366
3,Train,AWP,86,0.0015078317378340769,99.96570644718793,0.026230325565698324,99.45130315500685,0.12124394151016951,97.25959142999501
3,Train,AWP,87,0.0014400606323168017,99.96570644718793,0.030643189914592583,99.38271604938272,0.13399793962030623,97.15994020926756
3,Train,AWP,88,0.008720703773692747,99.82853223593965,0.024047785287848143,99.31412894375858,0.11621898784723057,97.30941704035874
3,Train,AWP,89,0.004346692921029424,99.89711934156378,0.02808256689152477,99.24554183813443,0.1294399921071874,96.96063776781266
3,Train,AWP,90,0.002112511467756754,99.96570644718793,0.022188348696274562,99.519890260631,0.12673278820460107,97.20976581963129
3,Train,AWP,91,0.0018595455747582373,99.94855967078189,0.024392650087730672,99.519890260631,0.1282566674865734,97.20976581963129
3,Train,AWP,92,0.003474242655932397,99.91426611796982,0.02382450099569453,99.38271604938272,0.12638631995951113,97.15994020926756
3,Train,AWP,93,0.003630490386532746,99.91426611796982,0.027645716911235463,99.38271604938272,0.11496391794892556,97.4090682610862
3,Train,AWP,94,0.0016575067278134393,99.96570644718793,0.02126349141151837,99.38271604938272,0.11710639449423917,97.30941704035874
3,Train,AWP,95,0.001606983849974906,99.96570644718793,0.021417073297361616,99.45130315500685,0.12354701403138661,97.35924265072246
3,Train,AWP,96,0.001514691768573792,99.96570644718793,0.021245967145799693,99.38271604938272,0.12290610067637318,97.25959142999501
3,Train,AWP,97,0.0015510854232754514,99.98285322359396,0.023642621904711236,99.519890260631,0.12528839165564787,97.25959142999501
3,Train,AWP,98,0.0061065154120075495,99.87997256515774,0.023419675424270873,99.38271604938272,0.12633378272593082,96.96063776781266
3,Train,AWP,99,0.0027234044243770136,99.94855967078189,0.02217420840198979,99.45130315500685,0.12253481142248868,97.01046337817638
3,Train_Extra,AWP,1,0.006576331010918417,99.82853223593965,0.024603682941921945,99.31412894375858,0.10866807787816027,97.06028898854011
3,Train_Extra,AWP,2,0.006517588835698046,99.87997256515774,0.019980459811296238,99.31412894375858,0.11928593300238408,97.30941704035874
3,Train_Extra,AWP,3,0.006076521755818723,99.86282578875172,0.022988123156191635,99.519890260631,0.10959168571438668,97.15994020926756
3,Train_Extra,AWP,4,0.007846394804959267,99.82853223593965,0.023350846620253576,99.38271604938272,0.11266680327988883,97.15994020926756
3,Train_Extra,AWP,5,0.0046482472209153575,99.91426611796982,0.021333962709570126,99.45130315500685,0.10634455256494468,97.45889387144993
3,Train_Extra,AWP,6,0.0042686050377517895,99.93141289437585,0.02396210159120164,99.45130315500685,0.11469130873806332,97.15994020926756
3,Train_Extra,AWP,7,0.004564394833837666,99.89711934156378,0.017428070698981012,99.65706447187928,0.11078738502872246,97.35924265072246
3,Train_Extra,AWP,8,0.004955153261265798,99.87997256515774,0.019677150512908793,99.65706447187928,0.1227441264857507,97.25959142999501
3,Train_Extra,AWP,9,0.004305423072408936,99.89711934156378,0.02623292036221678,99.24554183813443,0.1170130403676197,97.15994020926756
3,Train_Extra,AWP,10,0.0027499610840332816,99.96570644718793,0.024650722059877322,99.31412894375858,0.1167972066811382,97.30941704035874
3,Train_Extra,AWP,11,0.0026630711496260988,99.94855967078189,0.022455828093166052,99.31412894375858,0.13727928536670772,96.8609865470852
3,Train_Extra,AWP,12,0.007322599617232892,99.77709190672154,0.022619830891592186,99.45130315500685,0.10586610492495203,97.25959142999501
3,Train_Extra,AWP,13,0.0030905007056983027,99.93141289437585,0.021852972275936473,99.65706447187928,0.11343199736983935,97.20976581963129
3,Train_Extra,AWP,14,0.0032752180738063307,99.94855967078189,0.022169571299622007,99.38271604938272,0.12419819146372456,97.15994020926756
3,Train_Extra,AWP,15,0.004128338877901273,99.86282578875172,0.02299238138146116,99.24554183813443,0.11717754478627138,97.20976581963129
3,Train_Extra,AWP,16,0.002683471901748461,99.94855967078189,0.020525525934708053,99.519890260631,0.11809895556433081,97.06028898854011
3,Train_Extra,AWP,17,0.002028418744568784,99.94855967078189,0.023535726800182802,99.45130315500685,0.11452989979063806,97.35924265072246
3,Train_Extra,AWP,18,0.004913441180574212,99.89711934156378,0.02739870284054178,99.38271604938272,0.12210373895629817,96.8609865470852
3,Train_Extra,AWP,19,0.001714978580781937,99.96570644718793,0.028668914415039357,99.31412894375858,0.14046139180508044,96.8609865470852
3,Train_Extra,AWP,20,0.001974287482959841,99.94855967078189,0.027647573884770744,99.38271604938272,0.13202960883495996,96.71150971599403
3,Train_Extra,AWP,21,0.0013309007841282596,99.96570644718793,0.022479032695201445,99.58847736625515,0.128922318297707,97.06028898854011
3,Train_Extra,AWP,22,0.001535101559847649,99.96570644718793,0.02299755218180742,99.45130315500685,0.13191007526696294,97.11011459890383
3,Train_Extra,AWP,23,0.0016747537760950406,99.94855967078189,0.01981454681725189,99.519890260631,0.12421369311730616,97.25959142999501
3,Train_Extra,AWP,24,0.0013874268346151675,99.94855967078189,0.020607988266734246,99.58847736625515,0.12882307166044332,97.15994020926756
3,Train_Extra,AWP,25,0.001354019982203602,99.96570644718793,0.02247402397213077,99.519890260631,0.1309142976564944,97.15994020926756
3,Train_Extra,AWP,26,0.00154824869077461,99.96570644718793,0.023753486015094222,99.58847736625515,0.13863273395024014,97.25959142999501
3,Train_Extra,AWP,27,0.0011772415027537688,99.96570644718793,0.024195204657567627,99.58847736625515,0.13357082605440826,97.35924265072246
3,Train_Extra,AWP,28,0.0018313727292558685,99.98285322359396,0.02463549682685265,99.65706447187928,0.14861737299983366,96.76133532635775
3,Train_Extra,AWP,29,0.004119975051213734,99.86282578875172,0.02250256004650018,99.45130315500685,0.1303843803092184,97.25959142999501
3,Train_Extra,AWP,30,0.004547864952141738,99.91426611796982,0.02098001271361084,99.58847736625515,0.11355723614753867,97.15994020926756
3,Train_Extra,AWP,31,0.0028210349678177054,99.94855967078189,0.01791729430306514,99.45130315500685,0.11312017668833038,97.45889387144993
3,Train_Extra,AWP,32,0.002160913399640539,99.93141289437585,0.017784598926069477,99.58847736625515,0.11602233475938209,97.45889387144993
3,Train_Extra,AWP,33,0.0019798706607616623,99.96570644718793,0.019123546210014157,99.72565157750343,0.12264802533897465,97.30941704035874
3,Train_Extra,AWP,34,0.0014600778252355192,99.96570644718793,0.02000528605289461,99.65706447187928,0.1215420064472746,97.50871948181366
3,Train_Extra,AWP,35,0.002259945453735544,99.96570644718793,0.0231025065844738,99.45130315500685,0.15108286147991934,96.96063776781266
3,Train_Extra,AWP,36,0.0045816873189323815,99.93141289437585,0.029284404717201805,99.31412894375858,0.1334205116922575,96.91081215744893
3,Train_Extra,AWP,37,0.002675365088615091,99.93141289437585,0.02291012757147352,99.38271604938272,0.1250937241739786,97.15994020926756
3,Train_Extra,AWP,38,0.0017180279403913553,99.96570644718793,0.019908387419628425,99.45130315500685,0.12236650316782507,97.30941704035874
3,Train_Extra,AWP,39,0.0018935444206916777,99.96570644718793,0.025935819987667565,99.45130315500685,0.12483315872224293,97.65819631290483
3,Train_Extra,AWP,40,0.0017597242186124988,99.96570644718793,0.018572016027647444,99.65706447187928,0.12350913359285678,97.35924265072246
3,Train_Extra,AWP,41,0.0015472112471521225,99.94855967078189,0.021013837387856858,99.519890260631,0.13053001580675427,97.06028898854011
3,Train_Extra,AWP,42,0.0014879229345198205,99.96570644718793,0.020306613277107356,99.65706447187928,0.12202490942286329,97.35924265072246
3,Train_Extra,AWP,43,0.0014623624425617575,99.96570644718793,0.020156648979344712,99.45130315500685,0.13452468380447075,96.8609865470852
3,Train_Extra,AWP,44,0.0016318050012041172,99.96570644718793,0.02353010640258611,99.58847736625515,0.14257251081768263,96.96063776781266
3,Train_Extra,AWP,45,0.001493306946149855,99.96570644718793,0.019779583676532934,99.519890260631,0.12623887043678322,97.4090682610862
3,Train_Extra,AWP,46,0.0019862862407574976,99.98285322359396,0.01820919941823332,99.58847736625515,0.13268351207585197,97.30941704035874
3,Train_Extra,AWP,47,0.0023330716540721883,99.93141289437585,0.02389673547453882,99.45130315500685,0.15330607572771834,96.96063776781266
3,Train_Extra,AWP,48,0.0018688948966487458,99.94855967078189,0.02225887472837121,99.519890260631,0.13753854789282507,96.96063776781266
3,Train_Extra,AWP,49,0.0019878015007080926,99.94855967078189,0.023949556050129717,99.45130315500685,0.13775446176956774,97.35924265072246
3,Train_Extra,AWP,50,0.005155292155667785,99.93141289437585,0.027943602972632,99.31412894375858,0.1266582024482779,97.25959142999501
3,Train_Extra,AWP,51,0.00205941266168615,99.96570644718793,0.024702592312763297,99.45130315500685,0.12285433122428811,97.06028898854011
3,Train_Extra,AWP,52,0.0016244638723235214,99.94855967078189,0.019823460980856328,99.45130315500685,0.1163741583255174,97.4090682610862
3,Train_Extra,AWP,53,0.001604479289278021,99.94855967078189,0.01892192726309663,99.45130315500685,0.11609893877664326,97.45889387144993
3,Train_Extra,AWP,54,0.0015491311026420115,99.96570644718793,0.020257835825125907,99.31412894375858,0.11912828259955206,97.25959142999501
3,Train_Extra,AWP,55,0.0015225894965070715,99.96570644718793,0.022300957277000707,99.38271604938272,0.124401286838824,97.50871948181366
3,Train_Extra,AWP,56,0.0017073932169849918,99.96570644718793,0.020045076985875418,99.38271604938272,0.123004698114749,97.50871948181366
3,Train_Extra,AWP,57,0.0015596935385395266,99.96570644718793,0.024127079946511466,99.519890260631,0.12307622972885114,97.60837070254111
3,Train_Extra,AWP,58,0.0014282520059089659,99.96570644718793,0.022781357877863513,99.519890260631,0.12258989213978362,97.60837070254111
3,Train_Extra,AWP,59,0.001436312630769111,99.96570644718793,0.01929990967096242,99.45130315500685,0.12331226694954009,97.4090682610862
3,Train_Extra,AWP,60,0.0013639152154175226,99.96570644718793,0.023977039230793244,99.45130315500685,0.12819123947663455,97.50871948181366
3,Train_Extra,AWP,61,0.0014241049281696653,99.98285322359396,0.024995739282388622,99.45130315500685,0.13019457194484552,97.50871948181366
3,Train_Extra,AWP,62,0.0013457415815260586,99.96570644718793,0.020163140740515142,99.519890260631,0.13359938417879216,97.55854509217738
3,Train_Extra,AWP,63,0.0030554024982373685,99.93141289437585,0.03298497858453435,99.17695473251028,0.13921506918770019,97.15994020926756
3,Train_Extra,AWP,64,0.0017339796816921316,99.96570644718793,0.028869865168351043,99.31412894375858,0.13107054854971026,97.11011459890383
3,Train_Extra,AWP,65,0.001489085969672527,99.96570644718793,0.026954392512266324,99.38271604938272,0.12762168990322828,97.45889387144993
3,Train_Extra,AWP,66,0.0014364970888100684,99.94855967078189,0.02518021762297605,99.45130315500685,0.13052666718376904,97.45889387144993
3,Train_Extra,AWP,67,0.0016064714060991284,99.96570644718793,0.02437840966253563,99.45130315500685,0.1350637196384994,97.30941704035874
3,Train_Extra,AWP,68,0.0017548437579772208,99.94855967078189,0.024710727078822253,99.519890260631,0.13697119213327,97.45889387144993
3,Train_Extra,AWP,69,0.0018546379362859348,99.98285322359396,0.02593802118134801,99.31412894375858,0.13695282201033493,97.15994020926756
3,Train_Extra,AWP,70,0.001758979782409923,99.96570644718793,0.02648682757031648,99.31412894375858,0.12377173422850152,97.30941704035874
3,Train_Extra,AWP,71,0.0015173450899411641,99.96570644718793,0.021691001874084275,99.519890260631,0.12655444081787318,97.50871948181366
3,Train_Extra,AWP,72,0.0013204969370393803,99.96570644718793,0.01973381976147319,99.45130315500685,0.12443351267275968,97.35924265072246
3,Train_Extra,AWP,73,0.0014096138359135416,99.96570644718793,0.0177549238112948,99.519890260631,0.1191874867760844,97.50871948181366
3,Train_Extra,AWP,74,0.001501656504763599,99.94855967078189,0.024296159736571937,99.519890260631,0.1331382149447166,97.11011459890383
3,Train_Extra,AWP,75,0.0012522641013279297,99.96570644718793,0.016353354879223136,99.65706447187928,0.12345977525695913,97.25959142999501
3,Train_Extra,AWP,76,0.001453873897251311,99.96570644718793,0.016169546288597833,99.58847736625515,0.12237955924442784,97.4090682610862
3,Train_Extra,AWP,77,0.0016931644643136678,99.96570644718793,0.01809878321715844,99.519890260631,0.12525812897081318,97.55854509217738
3,Train_Extra,AWP,78,0.0012479906364087187,99.96570644718793,0.019628104031027202,99.58847736625515,0.13223833340444283,97.35924265072246
3,Train_Extra,AWP,79,0.0013117337944886062,99.96570644718793,0.020508875310886014,99.65706447187928,0.13147289958268804,97.35924265072246
3,Train_Extra,AWP,80,0.0014151973751801922,99.96570644718793,0.021365421905600056,99.45130315500685,0.14216345806170383,97.25959142999501
3,Train_Extra,AWP,81,0.0013726090658011622,99.96570644718793,0.01892568706359142,99.58847736625515,0.13106527567461065,97.50871948181366
3,Train_Extra,AWP,82,0.0013734029917130733,99.96570644718793,0.017756608760192614,99.519890260631,0.13003703554341403,97.45889387144993
3,Train_Extra,AWP,83,0.0017551988264486959,99.94855967078189,0.021045773409387486,99.58847736625515,0.1413942606104366,97.15994020926756
3,Train_Extra,AWP,84,0.0014098032284773185,99.94855967078189,0.0234974504960126,99.38271604938272,0.1321875481575349,97.25959142999501
3,Train_Extra,AWP,85,0.0012507447774188895,99.96570644718793,0.02221188860669456,99.45130315500685,0.1289924040128624,97.50871948181366
3,Train_Extra,AWP,86,0.001348770425040683,99.98285322359396,0.021483696998602905,99.519890260631,0.12483455749914443,97.30941704035874
3,Train_Extra,AWP,87,0.0026678990147166073,99.96570644718793,0.022951667699279373,99.519890260631,0.13678592147410482,97.35924265072246
3,Train_Extra,AWP,88,0.0015098085529999757,99.96570644718793,0.019132083932139665,99.65706447187928,0.1307152887786807,97.35924265072246
3,Train_Extra,AWP,89,0.0013504862401690764,99.96570644718793,0.020201621489153488,99.58847736625515,0.13821940809464167,97.25959142999501
3,Train_Extra,AWP,90,0.0015163512462787248,99.96570644718793,0.021912603656472626,99.45130315500685,0.13556927450114464,97.30941704035874
3,Train_Extra,AWP,91,0.0013748785351273673,99.96570644718793,0.022827536615368044,99.65706447187928,0.1369963962845523,97.50871948181366
3,Train_Extra,AWP,92,0.0012501738053446309,99.96570644718793,0.02563435596571047,99.519890260631,0.14102376936032335,97.30941704035874
3,Train_Extra,AWP,93,0.0011711548653712944,99.96570644718793,0.02438901704148388,99.58847736625515,0.1444750481559401,97.45889387144993
3,Train_Extra,AWP,94,0.0010937571721569839,99.96570644718793,0.019886233506514084,99.65706447187928,0.1339908864040078,97.4090682610862
3,Train_Extra,AWP,95,0.0014119046383227571,99.96570644718793,0.018205315045120043,99.65706447187928,0.13337550344856064,97.35924265072246
3,Train_Extra,AWP,96,0.0016364281853522857,99.94855967078189,0.020174877729269437,99.58847736625515,0.1314721689455111,97.50871948181366
3,Train_Extra,AWP,97,0.0011059811822930067,99.96570644718793,0.02341122752622751,99.519890260631,0.13670462147366602,97.4090682610862
3,Train_Extra,AWP,98,0.0011289953666797057,99.96570644718793,0.020036581113381344,99.65706447187928,0.14538627546085728,97.06028898854011
3,Train_Extra,AWP,99,0.0011555067668940983,99.96570644718793,0.02008491845172926,99.65706447187928,0.13523549986070493,97.45889387144993
3,Train_Extra,AWP,100,0.0011028039490927608,99.96570644718793,0.022561233428265996,99.38271604938272,0.1403068760795102,97.35924265072246
3,Train_Extra,AWP,101,0.0011583113963079877,99.96570644718793,0.01931131973642912,99.65706447187928,0.13166617288188773,97.50871948181366
3,Train_Extra,AWP,102,0.0011213172123036754,99.96570644718793,0.020621312012453916,99.65706447187928,0.13691795051634298,97.30941704035874
3,Train_Extra,AWP,103,0.0013232403645380818,99.96570644718793,0.01989134339170482,99.58847736625515,0.13583941541623284,97.35924265072246
3,Train_Extra,AWP,104,0.0011712583078386397,99.94855967078189,0.019421353037290236,99.58847736625515,0.13812838748606004,97.4090682610862
3,Train_Extra,AWP,105,0.0011286509486383336,99.96570644718793,0.020146868791302158,99.58847736625515,0.1333495130088212,97.4090682610862
3,Train_Extra,AWP,106,0.0011239907668783892,99.96570644718793,0.020098921082580438,99.519890260631,0.14047742444942055,97.60837070254111
3,Train_Extra,AWP,107,0.0011711744201944464,99.94855967078189,0.024292404855542724,99.45130315500685,0.13582931504704107,97.50871948181366
3,Train_Extra,AWP,108,0.00908205071554043,99.96570644718793,0.022559240470935472,99.58847736625515,0.13550060553876214,97.60837070254111
3,Train_Extra,AWP,109,0.0019450880253632772,99.96570644718793,0.033782515824939775,99.31412894375858,0.16590212383894523,97.06028898854011
3,Train_Extra,AWP,110,0.0013831910251689767,99.94855967078189,0.021509232790949045,99.45130315500685,0.14722731928134594,97.30941704035874
3,Train_Extra,AWP,111,0.0024292919794353784,99.94855967078189,0.02938366138257485,99.38271604938272,0.14741667359139293,97.35924265072246
3,Train_Extra,AWP,112,0.001211222168204467,99.96570644718793,0.0207588909559887,99.45130315500685,0.1419769691235623,97.25959142999501
3,Train_Extra,AWP,113,0.0012575974998546135,99.96570644718793,0.022787080140623413,99.45130315500685,0.1447462905926874,97.30941704035874
3,Train_Extra,AWP,114,0.0072938980174908265,99.94855967078189,0.021137580342925524,99.45130315500685,0.1474584772297486,97.20976581963129
3,Train_Extra,AWP,115,0.0012141081069785287,99.96570644718793,0.02246201406929269,99.45130315500685,0.1361317970452614,97.4090682610862
3,Train_Extra,AWP,116,0.0010846922158951043,99.96570644718793,0.022954570489459057,99.38271604938272,0.14011730778522466,97.4090682610862
3,Train_Extra,AWP,117,0.0013351067540517524,99.96570644718793,0.020759100517940252,99.519890260631,0.1444580996753374,97.35924265072246
3,Train_Extra,AWP,118,0.001161244517264925,99.96570644718793,0.020404738837639727,99.45130315500685,0.14236671973843967,97.4090682610862
3,Train_Extra,AWP,119,0.0010020881278330269,99.96570644718793,0.020843914653933433,99.45130315500685,0.1345806885148734,97.45889387144993
3,Train_Extra,AWP,120,0.0011230858533212006,99.94855967078189,0.02122654094468082,99.45130315500685,0.13633611637868792,97.45889387144993
3,Train_Extra,AWP,121,0.0011256331512235508,99.94855967078189,0.020121671427558694,99.519890260631,0.13221563295543373,97.55854509217738
3,Train_Extra,AWP,122,0.001079755345936855,99.96570644718793,0.02347906737058808,99.519890260631,0.15618285089063003,97.35924265072246
3,Train_Extra,AWP,123,0.001586745609608403,99.94855967078189,0.02734699856843774,99.45130315500685,0.14953751747455127,97.01046337817638
3,Train_Extra,AWP,124,0.0016508131973889408,99.96570644718793,0.022879598148688368,99.38271604938272,0.1458285123277567,97.11011459890383
3,Train_Extra,AWP,125,0.001217745714187834,99.96570644718793,0.021367069262090116,99.45130315500685,0.13338625941408858,97.25959142999501
3,Train_Extra,AWP,126,0.0011794514844337834,99.96570644718793,0.020164975648795717,99.519890260631,0.13647545427807867,97.30941704035874
3,Train_Extra,AWP,127,0.0012676996246267188,99.96570644718793,0.017468383270175296,99.45130315500685,0.1372088537318052,97.30941704035874
3,Train_Extra,AWP,128,0.0011759877988879452,99.96570644718793,0.021210711860431383,99.45130315500685,0.1405679465141138,97.4090682610862
3,Train_Extra,AWP,129,0.0011545452649522265,99.98285322359396,0.023993806822470737,99.45130315500685,0.15013866025771655,97.11011459890383
3,Train_Extra,AWP,130,0.0013109169382430439,99.96570644718793,0.020986241803489195,99.519890260631,0.13866284000884516,97.25959142999501
3,Train_Extra,AWP,131,0.0014079162015348077,99.96570644718793,0.019023911300561146,99.519890260631,0.1337758845280286,97.35924265072246
3,Train_Extra,AWP,132,0.0012184715803770182,99.96570644718793,0.021055666502885807,99.519890260631,0.14778507557058615,97.06028898854011
3,Train_Extra,AWP,133,0.0012303131066385938,99.96570644718793,0.01740410922824013,99.58847736625515,0.13889915463001865,97.20976581963129
3,Train_Extra,AWP,134,0.0010978446569661965,99.96570644718793,0.021699020665411076,99.45130315500685,0.15501514649994053,97.06028898854011
3,Train_Extra,AWP,135,0.0011256264914387114,99.96570644718793,0.01918048649580462,99.58847736625515,0.14304720087363892,97.25959142999501
3,Train_Extra,AWP,136,0.0011294416430859121,99.96570644718793,0.015397528983621931,99.65706447187928,0.13893577665012602,97.20976581963129
3,Train_Extra,AWP,137,0.0011102794476498632,99.96570644718793,0.01770506388621484,99.58847736625515,0.13842577827183922,97.30941704035874
3,Train_Extra,AWP,138,0.001132268856854748,99.96570644718793,0.019807642937059142,99.45130315500685,0.1429749653047284,97.30941704035874
3,Train_Extra,AWP,139,0.0010802177073697828,99.96570644718793,0.018665997225718396,99.519890260631,0.1446209982695085,97.15994020926756
3,Train_Extra,AWP,140,0.0012266411976784382,99.96570644718793,0.020692507926577803,99.45130315500685,0.14796772276296818,97.11011459890383
3,Train_Extra,AWP,141,0.001043527136378385,99.96570644718793,0.02174751893460715,99.45130315500685,0.1478017536372477,96.96063776781266
3,Train_Extra,AWP,142,0.001096131837268489,99.96570644718793,0.01722063094109874,99.519890260631,0.13824143694267307,97.25959142999501
3,Train_Extra,AWP,143,0.0010255375759302494,99.96570644718793,0.018003074832587018,99.519890260631,0.142293086545992,97.4090682610862
3,Train_Extra,AWP,144,0.0012130284400842831,99.98285322359396,0.01906380322016073,99.519890260631,0.14649207279291218,97.06028898854011
3,Train_Extra,AWP,145,0.0011088606229053687,99.98285322359396,0.015941729878419717,99.58847736625515,0.13938160465429775,97.4090682610862
3,Train_Extra,AWP,146,0.0010379419093811996,99.98285322359396,0.01871464900232964,99.45130315500685,0.14475768886661547,97.20976581963129
3,Train_Extra,AWP,147,0.0009807487337797204,99.98285322359396,0.0179489407614442,99.45130315500685,0.14382368571802,97.20976581963129
3,Train_Extra,AWP,148,0.0012636834120139215,99.98285322359396,0.01832894884597316,99.519890260631,0.14517236601048084,97.15994020926756
3,Train_Extra,AWP,149,0.000992059806094403,99.96570644718793,0.017280496347252285,99.58847736625515,0.14816493958496504,97.11011459890383
3,Train_Extra,AWP,150,0.0010407399649574986,99.98285322359396,0.020996036076348465,99.519890260631,0.1610213958008162,96.8609865470852
3,Train_Extra,AWP,151,0.0009902012574501816,99.96570644718793,0.01944686919073887,99.519890260631,0.1510169890142632,97.06028898854011
3,Train_Extra,AWP,152,0.001052267500491009,99.96570644718793,0.02118444886380827,99.519890260631,0.15152003039203596,97.06028898854011
3,Train_Extra,AWP,153,0.0010410230593349654,99.96570644718793,0.020001638218229038,99.58847736625515,0.16035603936627046,97.01046337817638
3,Train_Extra,AWP,154,0.000984925057260309,99.96570644718793,0.02020676621518242,99.519890260631,0.14856354390328086,97.15994020926756
3,Train_Extra,AWP,155,0.0010288232809058252,99.98285322359396,0.01894327376864401,99.519890260631,0.15452840167789628,97.01046337817638
3,Train_Extra,AWP,156,0.0010802980303186932,99.96570644718793,0.01921613502182994,99.58847736625515,0.15655415324880786,97.15994020926756
3,Train_Extra,AWP,157,0.001048226219816807,99.98285322359396,0.02108916293255428,99.519890260631,0.149844399314164,97.11011459890383
3,Train_Extra,AWP,158,0.0010055650964797837,99.96570644718793,0.019622667189732206,99.519890260631,0.16209586304934964,96.96063776781266
3,Train_Extra,AWP,159,0.0009895566659565702,99.98285322359396,0.02180632023269819,99.519890260631,0.1589191956111468,97.11011459890383
3,Train_Extra,AWP,160,0.0010009223330905077,99.98285322359396,0.020541900245885432,99.58847736625515,0.15750846171618904,96.96063776781266
3,Train_Extra,AWP,161,0.0010651165271600921,99.98285322359396,0.020672662162403377,99.45130315500685,0.14754013625039952,97.35924265072246
3,Train_Extra,AWP,162,0.0009090439395213648,99.98285322359396,0.019159008439825733,99.58847736625515,0.15217280139038492,97.20976581963129
3,Train_Extra,AWP,163,0.0010122738740392379,99.96570644718793,0.02177834836159295,99.519890260631,0.152511223880356,97.01046337817638
3,Train_Extra,AWP,164,0.0010586953092708586,99.98285322359396,0.018662379978260406,99.519890260631,0.1572847701212383,97.11011459890383
3,Train_Extra,AWP,165,0.0009580847081155218,99.98285322359396,0.019366564782382984,99.58847736625515,0.15513200992644094,97.01046337817638
3,Train_Extra,AWP,166,0.0009970756756917146,99.98285322359396,0.018437364757149154,99.65706447187928,0.1569604791740747,97.15994020926756
3,Train_Extra,AWP,167,0.0009623755122546478,99.98285322359396,0.019375768041321868,99.519890260631,0.1463776188719262,97.35924265072246
3,Train_Extra,AWP,168,0.0010607129154421905,99.98285322359396,0.02053259077433379,99.519890260631,0.1600080675945033,97.11011459890383
3,Train_Extra,AWP,169,0.0010194266661953764,99.98285322359396,0.017635219029150266,99.65706447187928,0.1521529797147904,97.20976581963129
3,Train_Extra,AWP,170,0.0010086502963590844,99.96570644718793,0.015288072313959436,99.65706447187928,0.14991030567843053,97.11011459890383
3,Train_Extra,AWP,171,0.0009743717323272983,99.98285322359396,0.01706023843595196,99.65706447187928,0.1457313499267259,97.15994020926756
3,Train_Extra,AWP,172,0.0009919732605804593,99.98285322359396,0.017628493900372504,99.58847736625515,0.15227789134780195,97.11011459890383
3,Train_Extra,AWP,173,0.0009841142627771621,99.98285322359396,0.017677119964208652,99.58847736625515,0.1554701529732359,97.20976581963129
3,Train_Extra,AWP,174,0.0010310821215556564,99.98285322359396,0.017787881883896697,99.58847736625515,0.15551790354172937,97.15994020926756
3,Train_Extra,AWP,175,0.0010376957951769366,99.98285322359396,0.01488042820630843,99.65706447187928,0.14917736035536402,97.11011459890383
3,Train_Extra,AWP,176,0.0009497909588498774,99.98285322359396,0.01679486963135894,99.58847736625515,0.144459916429764,97.20976581963129
3,Train_Extra,AWP,177,0.0010009670480910602,99.98285322359396,0.018820094480275065,99.58847736625515,0.1515498459739374,97.30941704035874
3,Train_Extra,AWP,178,0.0009434053971665929,99.98285322359396,0.01869971078505295,99.58847736625515,0.1497587175776706,97.50871948181366
3,Train_Extra,AWP,179,0.0009477089376322629,99.98285322359396,0.016157625863310692,99.65706447187928,0.1517611221970891,97.06028898854011
3,Train_Extra,AWP,180,0.001073660025959409,99.98285322359396,0.017427432130120275,99.58847736625515,0.14848283047341906,97.11011459890383
3,Train_Extra,AWP,181,0.0008615985576897322,99.98285322359396,0.018407075007402036,99.72565157750343,0.14633857313737061,97.25959142999501
3,Train_Extra,AWP,182,0.0010253920667329785,99.98285322359396,0.018302488386687223,99.58847736625515,0.15356386406103537,97.20976581963129
3,Train_Extra,AWP,183,0.0009385210638509742,99.98285322359396,0.02155288063891651,99.58847736625515,0.15943626526907442,97.20976581963129
3,Train_Extra,AWP,184,0.0009752475747365244,99.98285322359396,0.018678269500426427,99.519890260631,0.1494775047232492,97.11011459890383
3,Train_Extra,AWP,185,0.0009093239381914116,99.96570644718793,0.017566215417147275,99.58847736625515,0.1547318350097492,97.06028898854011
3,Train_Extra,AWP,186,0.0009872031386536314,99.98285322359396,0.019149607995209452,99.58847736625515,0.15188651621354698,97.25959142999501
3,Train_Extra,AWP,187,0.0009769109252058274,99.98285322359396,0.017248171574959278,99.65706447187928,0.14759988696571935,97.20976581963129
3,Train_Extra,AWP,188,0.0009410411021878209,99.98285322359396,0.0180341950444465,99.58847736625515,0.1511195876160437,97.20976581963129
3,Train_Extra,AWP,189,0.0009866635987879383,99.98285322359396,0.01666346455923255,99.58847736625515,0.14748319061254914,97.20976581963129
3,Train_Extra,AWP,190,0.001046952809410275,99.98285322359396,0.016305658174471084,99.65706447187928,0.14774820306252523,97.15994020926756
3,Train_Extra,AWP,191,0.0009621355521265128,99.98285322359396,0.019419373768740762,99.58847736625515,0.15604207232106324,97.20976581963129
3,Train_Extra,AWP,192,0.0008925169038543177,99.98285322359396,0.01677511948640222,99.519890260631,0.14692049545728275,97.11011459890383
3,Train_Extra,AWP,193,0.0009579358707311337,99.98285322359396,0.019442033359911216,99.65706447187928,0.1531968050885539,97.25959142999501
3,Train_Extra,AWP,194,0.0009622597487538334,99.98285322359396,0.017368018251172405,99.58847736625515,0.14691071614785947,97.20976581963129
3,Train_Extra,AWP,195,0.0009041502528955037,99.98285322359396,0.017202410842078023,99.519890260631,0.14813860448069896,97.20976581963129
3,Train_Extra,AWP,196,0.0010111494187843005,99.98285322359396,0.016507185805066448,99.65706447187928,0.1462697422207998,97.25959142999501
3,Train_Extra,AWP,197,0.0009427748506487146,99.98285322359396,0.02014024938975393,99.519890260631,0.15549387231930406,97.25959142999501
3,Train_Extra,AWP,198,0.0009685858272766144,99.98285322359396,0.01815225338769006,99.58847736625515,0.15363697257676215,97.25959142999501
3,Train_Extra,AWP,199,0.0009456131385411976,99.98285322359396,0.01771699438398239,99.65706447187928,0.15257361797730967,97.25959142999501
3,Train_Extra,AWP,200,0.0009112649667377295,99.98285322359396,0.018577436173005113,99.65706447187928,0.1486399936440805,97.20976581963129
