Dataset,S2_Train_Acc,S2_Test_Acc,S3_Start_Train_Acc,S3_Start_Test_Acc,S3_Train_Acc,S3_Test_Acc,G_Init Train,G_Init Test,TrainDiff,TestDiff
KMNIST,99.97833333,96.8325,99.16791667,96.135,99.9675,96.765,-0.810416667,-0.6975,-0.010833333,-0.0675
Food101,88.952,60.176,82.05066667,59.984,92.8,62.624,-6.901333333,-0.192,3.848,2.448
SVHN,97.31857251,92.80628969,97.21255307,93.08415284,96.79211543,93.03293383,-0.106019448,0.277863143,-0.526457085,0.22664413
USPS,99.32519545,97.68809168,98.58729941,97.15994021,99.52544233,97.85749875,-0.737896036,-0.52815147,0.20024688,0.169407075
office31,96.22005324,58.47246892,85.891748,62.1669627,76.16681455,62.77087034,-10.32830524,3.694493783,-20.05323869,4.298401421
CIFAR10,95.5228,77.428,95.6724,78.648,93.49,77.622,0.1496,1.22,-2.0328,0.194
FashionMNIST,93.956,90.478,93.91833333,90.43,93.948,90.47,-0.037666667,-0.048,-0.008,-0.008
Caltech101,96.41526887,65.51577475,88.58328211,73.05209774,98.43269822,69.62886123,-7.831986755,7.536322989,2.017429348,4.113086474