Run,Phase,TrainingType,Epoch,Train_loss,Train_acc,Val_loss,Val_acc,Test_loss,Test_acc
1,Train,AWP,1,1.9679160716053776,26.6825,1.7053419673919679,35.88,1.6921118843078613,36.65
1,Train,AWP,2,1.6033433199690554,39.655,1.5738846208572388,41.81,1.5600158489227296,42.2
1,Train,AWP,3,1.437139565190568,46.5675,1.3462292970657348,50.6,1.3424306135177613,50.04
1,Train,AWP,4,1.2701907569227127,53.255,1.1938649423599244,56.9,1.1901841833114624,56.81
1,Train,AWP,5,1.1013106539988289,60.275,1.0679796758651734,61.52,1.0758505643844605,61.05
1,Train,AWP,6,0.9685366045171842,65.485,0.9166095615386963,67.86,0.9303892547607422,66.79
1,Train,AWP,7,0.8615457185160238,69.7225,0.8781071142196655,68.45,0.890366942024231,67.99
1,Train,AWP,8,0.7781705667797368,73.1525,0.8016460865020753,71.97,0.8007041543006898,72.36
1,Train,AWP,9,0.696849201814816,76.1925,0.6755996870994568,76.85,0.68543258934021,76.57
1,Train,AWP,10,0.6269307118444778,78.77,0.720466051197052,74.96,0.7274927018642425,75.44
1,Train,AWP,11,0.5845094650698165,80.0625,0.5977088248252869,79.92,0.5946384593009949,79.72
1,Train,AWP,12,0.5465349253183737,81.7825,0.6995656119346618,76.63,0.6995592179298401,76.76
1,Train,AWP,13,0.5151301325319674,82.86,0.5879721836090088,79.79,0.5916277214050293,79.94
1,Train,AWP,14,0.48979600892661096,83.8175,0.5762185297966004,79.55,0.5647159607887268,79.73
1,Train,AWP,15,0.4700069874048995,84.6475,0.5378911510467529,82.31,0.5360714858055114,82.26
1,Train,AWP,16,0.4482257634686967,85.57,0.5078273339509964,82.56,0.5107629762649536,83.23
1,Train,AWP,17,0.433269271264061,85.9025,0.5246922718524933,82.54,0.5293610121726989,82.51
1,Train,AWP,18,0.419385166118701,86.375,0.5507585865974426,81.72,0.5535217772483826,81.37
1,Train,AWP,19,0.40493879536279853,86.795,0.4537174718856812,84.72,0.4569910840988159,84.73
1,Train,AWP,20,0.3973754490145479,87.02,0.44775406379699706,85.25,0.44433650183677675,85.34
1,Train,AWP,21,0.3812347341554995,87.82,0.4391382330417633,85.4,0.44409505434036256,85.2
1,Train,AWP,22,0.3702493521352165,88.0675,0.49032862067222593,83.71,0.4913668084621429,83.11
1,Train,AWP,23,0.36310453689136446,88.395,0.43697446160316467,85.06,0.44879953122138977,84.82
1,Train,AWP,24,0.35620459571433144,88.5175,0.4112957774877548,86.14,0.4169321238040924,86.45
1,Train,AWP,25,0.3471845404122965,88.995,0.45521347885131835,84.57,0.4650969867229462,84.27
1,Train,AWP,26,0.3360447636522805,89.3675,0.4750534178256989,83.36,0.47468814101219176,83.71
1,Train,AWP,27,0.339994283958365,89.2275,0.42201243295669555,85.79,0.4290103250980377,85.26
1,Train,AWP,28,0.3221815641695699,89.9175,0.4338828694820404,84.78,0.43663648705482483,85.33
1,Train,AWP,29,0.3246741298669443,89.835,0.42496418347358705,85.65,0.4162067573070526,85.92
1,Train,AWP,30,0.313350718432722,90.2325,0.42076100454330445,86.02,0.42123688144683835,86.31
1,Train,AWP,31,0.30974538172014987,90.2175,0.38267295463085177,87.66,0.3886858425617218,87.26
1,Train,AWP,32,0.3085427229968123,90.4275,0.4350843796253204,85.08,0.43417099742889403,85.69
1,Train,AWP,33,0.2987570685033981,90.86,0.3855828907012939,86.82,0.3877983910560608,86.81
1,Train,AWP,34,0.2995002969099691,90.695,0.39011101531982423,87.17,0.40624638590812684,86.75
1,Train,AWP,35,0.28863448004562636,91.175,0.39226479468345643,87.46,0.3956106382369995,86.95
1,Train,AWP,36,0.2921812363897269,91.0,0.3715623029232025,87.59,0.37389376447200773,87.47
1,Train,AWP,37,0.2876100298790886,91.2375,0.422172984457016,85.72,0.42754039335250854,85.62
1,Train,AWP,38,0.2850045077145671,91.285,0.3691549910068512,87.92,0.36539865131378174,88.1
1,Train,AWP,39,0.2821570491067137,91.315,0.39057210512161256,87.58,0.3883568819284439,87.44
1,Train,AWP,40,0.2742825075745963,91.5625,0.4038861829280853,86.72,0.39144218454360963,87.0
1,Train,AWP,41,0.2724652295104993,91.6875,0.3702059578895569,87.95,0.3742882248878479,88.0
1,Train,AWP,42,0.27309228960698406,91.4525,0.332516165471077,89.56,0.3257113615512848,89.41
1,Train,AWP,43,0.2712577961313839,91.7725,0.34286291217803955,88.79,0.3479125671863556,88.23
1,Train,AWP,44,0.2666428962264198,91.99,0.3723085298061371,87.39,0.3708426823616028,87.64
1,Train,AWP,45,0.26325170938580184,92.0125,0.41286381468772887,86.43,0.4238720112800598,85.86
1,Train,AWP,46,0.2610167442514493,92.06,0.3667276242733002,87.86,0.3610870076656342,88.22
1,Train,AWP,47,0.2640236124824792,92.1,0.3284126577854157,89.12,0.3315776584148407,89.29
1,Train,AWP,48,0.25972027253038205,92.245,0.3737230439186096,87.44,0.37480290951728823,87.59
1,Train,AWP,49,0.25692088435442684,92.2025,0.3662917652130127,87.81,0.36374988617897036,87.91
1,Train,AWP,50,0.254231060036836,92.3475,0.3791722927570343,87.47,0.3839890956878662,87.3
1,Train,AWP,51,0.2542569498760632,92.4475,0.36174109563827517,87.97,0.3580297619342804,88.24
1,Train,AWP,52,0.24751942783308487,92.535,0.334125075507164,88.89,0.3450415933609009,88.17
1,Train,AWP,53,0.24890617116952476,92.6025,0.32407464826107024,88.98,0.3212255325555801,89.5
1,Train,AWP,54,0.25072426613146503,92.485,0.373275040268898,87.08,0.36664268009662626,87.38
1,Train,AWP,55,0.24660679036245559,92.6175,0.34677602345943453,88.81,0.3541255910396576,88.4
1,Train,AWP,56,0.24955237797273996,92.55,0.32759454380273817,88.9,0.33292810220718383,89.05
1,Train,AWP,57,0.24308464069145555,92.705,0.33420319395065307,89.03,0.3330387785434723,89.16
1,Train,AWP,58,0.24098832529192915,92.8275,0.34378606519699095,88.4,0.33518529815673825,89.13
1,Train,AWP,59,0.24180837056507318,92.7725,0.4171803272008896,85.79,0.40579678139686587,86.19
1,Train,AWP,60,0.24057629480719947,92.8825,0.3700840103149414,87.78,0.3747723274230957,87.36
1,Train,AWP,61,0.23704172756534797,92.94,0.34337531914711,88.46,0.3557184724330902,87.98
1,Train,AWP,62,0.2394899357431613,92.745,0.3346187540769577,88.98,0.332533096075058,88.94
1,Train,AWP,63,0.2365458754066842,92.9325,0.3345527327299118,88.71,0.3305600729465485,88.94
1,Train,AWP,64,0.23400258513304373,93.025,0.3350347115278244,89.08,0.34275071206092833,88.73
1,Train,AWP,65,0.23491370316130666,92.9975,0.3460573540687561,88.67,0.3438385593652725,88.47
1,Train,AWP,66,0.23400250105812145,93.0225,0.3190964865684509,89.59,0.3114372083425522,89.54
1,Train,AWP,67,0.22933920718039186,93.2375,0.3365575503587723,88.75,0.33196000814437865,89.12
1,Train,AWP,68,0.2332894240800565,93.2125,0.3276119092941284,89.48,0.3304191946268082,89.55
1,Train,AWP,69,0.23674598036292263,92.945,0.4097058179140091,86.11,0.4026692061424255,85.36
1,Train,AWP,70,0.23172478458751886,93.1125,0.32209444943070414,89.55,0.3244953339576721,89.76
1,Train,AWP,71,0.22645240588881338,93.4275,0.3738114649772644,87.33,0.3758306133747101,87.22
1,Train,AWP,72,0.22676563327209637,93.3375,0.3715083355665207,87.33,0.36429932901859285,87.63
1,Train,AWP,73,0.22779221908924296,93.255,0.30094727113246916,90.34,0.3113647412776947,90.0
1,Train,AWP,74,0.2282682389925463,93.34,0.32870495083332063,88.94,0.32320713334083556,89.26
1,Train,AWP,75,0.2268982890981455,93.2925,0.3124373312473297,90.24,0.3177882035732269,90.09
1,Train,AWP,76,0.22431235481946232,93.4525,0.3577893292427063,88.02,0.35552963602542875,87.84
1,Train,AWP,77,0.22279029951308862,93.615,0.32765723947286607,89.41,0.3242106078624725,89.33
1,Train,AWP,78,0.2256724231730635,93.4975,0.31695378538370134,89.66,0.3136955353736877,89.69
1,Train,AWP,79,0.22764042676828158,93.335,0.3467374763011932,88.55,0.3439093448162079,88.59
1,Train,AWP,80,0.22352386156495768,93.405,0.3472792558193207,88.31,0.3529588700294495,88.05
1,Train,AWP,81,0.2255214667929628,93.4,0.3052821807742119,90.09,0.31187951092720034,89.66
1,Train,AWP,82,0.22166834902553895,93.595,0.3125849370956421,89.68,0.31471637134552,89.79
1,Train,AWP,83,0.22214391408636927,93.4825,0.3133673747062683,89.8,0.31256845660209653,89.97
1,Train,AWP,84,0.2225360322874575,93.405,0.3522539925336838,88.36,0.3511862782478333,88.23
1,Train,AWP,85,0.2219490721202887,93.5925,0.3390279167175293,88.38,0.3423359781265259,88.5
1,Train,AWP,86,0.22212616232827828,93.395,0.34489298632144927,88.71,0.3442534022331238,88.79
1,Train,AWP,87,0.2185746228304534,93.6675,0.31468024764060976,90.07,0.31333397970199584,90.07
1,Train,AWP,88,0.21750183493946307,93.6875,0.35698928656578066,87.82,0.36835478672981264,87.65
1,Train,AWP,89,0.21634376482270395,93.6875,0.3794552889585495,87.33,0.38190315256118773,86.83
1,Train,AWP,90,0.21988400009969553,93.6975,0.3350294180870056,89.35,0.3354367774486542,89.18
1,Train,AWP,91,0.21740079604493925,93.7125,0.3350419427871704,88.43,0.33094510197639465,88.63
1,Train,AWP,92,0.21828916330878345,93.62,0.2944025950431824,90.49,0.30418265056610105,90.13
1,Train,AWP,93,0.21405116330606108,93.835,0.3538837426185608,88.5,0.3607789186000824,87.92
1,Train,AWP,94,0.21527517582185732,93.7975,0.3030439579844475,90.13,0.29504284167289735,90.64
1,Train,AWP,95,0.2172167714649496,93.58,0.2904799058675766,90.54,0.2900530919551849,90.43
1,Train,AWP,96,0.21175937844922368,94.0275,0.4328815623998642,84.82,0.42121338815689086,85.16
1,Train,AWP,97,0.21381039496142262,93.715,0.3293856291294098,88.97,0.3251557760477066,89.17
1,Train,AWP,98,0.21178767537347043,93.8375,0.32043316378593445,89.71,0.32522713742256165,89.37
1,Train,AWP,99,0.2108683141466147,93.885,0.3265746854543686,89.1,0.3300698826313019,88.93
1,Train,AWP,100,0.2159065478764022,93.7325,0.30752396652698516,89.54,0.3034930539369583,89.94
1,Train,AWP,101,0.2160319682841484,93.705,0.3168907893657684,89.38,0.3039013659477234,89.82
1,Train,AWP,102,0.21297716223203336,93.86,0.3086094814777374,89.94,0.30962942199707033,89.38
1,Train,AWP,103,0.21027671269620188,93.81,0.33695476195812224,88.73,0.3375739957809448,88.86
1,Train,AWP,104,0.21101824372721176,93.91,0.3243397620677948,89.03,0.3235294452667236,88.95
1,Train,AWP,105,0.21106516465116232,93.9325,0.3695308665275574,87.67,0.3606255369663239,87.75
1,Train,AWP,106,0.21331293504839888,93.715,0.28674247912168505,90.62,0.28726022794246675,90.73
1,Train,AWP,107,0.2106962552942788,93.9275,0.29543119900226594,90.24,0.29421693782806396,90.76
1,Train,AWP,108,0.2116291067851618,93.825,0.2795269687652588,90.71,0.2847264419317245,90.81
1,Train,AWP,109,0.20841985155408754,94.02,0.33242661638259885,88.83,0.32162590684890746,89.46
1,Train,AWP,110,0.21201161590342324,93.865,0.3469053377866745,88.4,0.33203383150100707,89.15
1,Train,AWP,111,0.20787978688844097,94.0725,0.3310942979812622,88.56,0.3396772232055664,88.55
1,Train,AWP,112,0.2091465316022547,94.025,0.3064094923019409,90.0,0.3092854995250702,89.69
1,Train,AWP,113,0.2111797856446653,93.8925,0.3236733679533005,89.42,0.31665807037353516,89.8
1,Train,AWP,114,0.20324890139384771,94.2425,0.30595769963264463,89.69,0.2969836506128311,90.21
1,Train,AWP,115,0.20605224570908104,93.99,0.28667629396915434,90.82,0.28669557135105134,90.86
1,Train,AWP,116,0.20632792816470608,94.1425,0.3154820829629898,89.97,0.30354091644287107,89.89
1,Train,AWP,117,0.20734764554630072,93.9275,0.28448399310112,90.68,0.29102427225112915,90.7
1,Train,AWP,118,0.2094469140179622,93.86,0.34618533362150194,88.42,0.33923769211769106,88.78
1,Train,AWP,119,0.21213133333209225,93.92,0.3068927736759186,89.92,0.30082811241149904,89.89
1,Train,AWP,120,0.2077894044665102,94.0375,0.3000990968465805,90.34,0.30381072039604184,90.23
1,Train,AWP,121,0.2034793448762391,94.185,0.31162880337238313,89.75,0.31162807619571686,89.61
1,Train,AWP,122,0.2076546907091674,93.875,0.31230497653484346,89.47,0.311412067937851,89.73
1,Train,AWP,123,0.20506933648079728,94.1225,0.30131475715637207,90.23,0.2994096525192261,90.68
1,Train,AWP,124,0.203897301738445,94.1425,0.38498062143325806,87.24,0.3802795699596405,87.59
1,Train,AWP,125,0.19967545438022277,94.3025,0.28488273057937624,90.82,0.29056425881385806,90.41
1,Train,AWP,126,0.20742103347953517,94.085,0.3215072637438774,89.4,0.3287399842262268,89.42
1,Train,AWP,127,0.20566070591584562,94.015,0.29080945197343827,90.29,0.2857414609193802,90.39
1,Train,AWP,128,0.2059470859769815,94.165,0.3517935870885849,88.41,0.34495623054504393,88.44
1,Train,AWP,129,0.20191287801574215,94.275,0.3226119752407074,89.02,0.325701327419281,89.52
1,Train,AWP,130,0.2058190308963529,94.0375,0.29821403894424436,90.26,0.2980017961502075,90.16
1,Train,AWP,131,0.2055450231074906,94.19,0.2904914684295654,90.25,0.29090198249816895,90.17
1,Train,AWP,132,0.2014640014106854,94.0575,0.36106313123703004,87.7,0.35277971863746643,87.78
1,Train,AWP,133,0.2038400410034786,94.235,0.3333738035202026,88.68,0.32436703040599824,89.11
2,Train,AWP,1,1.932225561370484,27.7875,1.7197433418273926,34.48,1.6806286920547486,36.33
2,Train,AWP,2,1.5977588092176298,39.935,1.569667612838745,42.31,1.5377395793914794,42.86
2,Train,AWP,3,1.4246978055173978,46.93,1.3459525850296021,51.13,1.3220728757858276,51.87
2,Train,AWP,4,1.2504226607255662,54.455,1.235455235671997,54.67,1.2094331008911132,56.38
2,Train,AWP,5,1.102488694670863,60.32,1.0909275928497315,61.33,1.0823055849075318,60.92
2,Train,AWP,6,0.9745333373737031,65.1575,0.9617102657318115,65.86,0.9423117725372314,66.51
2,Train,AWP,7,0.8686787310880594,69.04,0.9297790706634521,66.87,0.9041064720153809,67.98
2,Train,AWP,8,0.8047217528660077,71.69,0.8279085444450378,70.84,0.8081746404647827,71.78
2,Train,AWP,9,0.7252945094443739,75.025,0.7523325805664063,73.97,0.7398825086593628,74.3
2,Train,AWP,10,0.6589257438152362,77.405,0.7131086618423462,75.27,0.7015316455841064,76.44
2,Train,AWP,11,0.6097132029434362,79.39,0.6878890224456787,75.83,0.6771019598007202,76.15
2,Train,AWP,12,0.5663819132140651,81.1075,0.6148019730567932,78.99,0.5990895763397217,78.99
2,Train,AWP,13,0.5423307636865793,81.71,0.5860791339874267,80.1,0.566751340675354,80.53
2,Train,AWP,14,0.5144562705065876,83.0675,0.5693926786422729,80.8,0.5532850004196167,81.81
2,Train,AWP,15,0.4898196977738755,83.87,0.5859612371444702,80.21,0.5693045463562012,80.44
2,Train,AWP,16,0.46830432435955865,84.705,0.527600807094574,82.29,0.515400488615036,82.7
2,Train,AWP,17,0.4581239509125487,84.93,0.5272199234008789,81.81,0.5152500548839569,82.22
2,Train,AWP,18,0.441655797699389,85.4825,0.5156699909210205,82.54,0.49623569660186767,83.34
2,Train,AWP,19,0.42786927616443876,86.0025,0.5108107709884644,82.82,0.5061486560821533,83.41
2,Train,AWP,20,0.4166340765099937,86.5325,0.5258326331138611,82.49,0.5152011394500733,82.33
2,Train,AWP,21,0.40787929943956125,86.7825,0.49120766134262084,83.73,0.48539660234451293,84.01
2,Train,AWP,22,0.3974941867037703,87.14,0.46265647678375244,84.55,0.4540151059627533,84.83
2,Train,AWP,23,0.3882482404621264,87.4325,0.456311780166626,84.38,0.43865310802459717,85.21
2,Train,AWP,24,0.37789429457614215,87.865,0.48297583808898925,83.47,0.4696889553546906,84.24
2,Train,AWP,25,0.3715062973598322,87.9975,0.5653889389038086,80.74,0.5431096122264862,81.22
2,Train,AWP,26,0.3604845810717287,88.5425,0.42755938539505006,85.61,0.4047695764541626,86.81
2,Train,AWP,27,0.355215137949386,88.6975,0.46197152872085573,84.02,0.4448971128463745,84.76
2,Train,AWP,28,0.3506028566021508,88.6575,0.41294498147964476,86.18,0.401487210893631,87.04
2,Train,AWP,29,0.3425570278883742,89.095,0.4839541437149048,83.77,0.45779244060516355,85.07
2,Train,AWP,30,0.33356874205243475,89.4425,0.4452740915298462,84.78,0.42990629711151124,85.3
2,Train,AWP,31,0.3288371902875626,89.745,0.49212673091888426,83.5,0.48128738880157473,84.03
2,Train,AWP,32,0.32604388873607587,89.7425,0.410847043132782,85.97,0.39389990701675415,87.09
2,Train,AWP,33,0.3216004172167458,89.855,0.5043577383995056,83.0,0.47738811502456663,83.93
2,Train,AWP,34,0.31525664759901006,90.28,0.41865102157592776,86.19,0.4126729556083679,86.32
2,Train,AWP,35,0.31203366730350274,90.2975,0.407961811542511,86.49,0.3860307463645935,87.3
2,Train,AWP,36,0.3112205030343022,90.3075,0.39644351558685303,87.33,0.387759769487381,87.51
2,Train,AWP,37,0.3023234783365323,90.705,0.41559306468963625,86.19,0.4052315517425537,86.61
2,Train,AWP,38,0.29450842419181006,90.99,0.39598433418273926,86.99,0.38296108675003054,87.43
2,Train,AWP,39,0.2964964459498469,90.7675,0.3739241014480591,87.39,0.3624454218864441,88.41
2,Train,AWP,40,0.2905979547352075,91.0775,0.4097281255722046,86.31,0.39482619752883913,86.7
2,Train,AWP,41,0.28661221884690913,91.1775,0.4398556188583374,85.41,0.419887152671814,85.63
2,Train,AWP,42,0.2874223952666639,91.185,0.3673278321266174,88.29,0.358686346244812,88.23
2,Train,AWP,43,0.2787550320735755,91.48,0.3849859425544739,87.48,0.37472278819084165,87.71
2,Train,AWP,44,0.28008597522688367,91.3925,0.3843693576812744,87.48,0.371600098824501,87.64
2,Train,AWP,45,0.273135231278194,91.7075,0.36755252981185915,87.93,0.3500724577665329,88.62
2,Train,AWP,46,0.2719025840869727,91.7625,0.37200888042449953,88.05,0.356414195728302,88.62
2,Train,AWP,47,0.27232088981725916,91.64,0.4148843832015991,85.55,0.4051057134151459,86.05
2,Train,AWP,48,0.2697630227564242,91.79,0.39352533626556396,86.94,0.37998934941291806,87.83
2,Train,AWP,49,0.2660188609704423,91.7975,0.3550027491569519,88.66,0.3376615780591965,89.38
2,Train,AWP,50,0.26807484759118994,91.805,0.4047778519630432,86.27,0.40002694001197814,87.35
2,Train,AWP,51,0.25968999808398296,92.255,0.3591900942802429,87.77,0.34745499868392943,88.36
2,Train,AWP,52,0.25926021555551704,92.055,0.3436821304321289,88.54,0.33248928623199464,88.88
2,Train,AWP,53,0.2513521887814275,92.4775,0.3891261963844299,87.22,0.37202562866210936,87.66
2,Train,AWP,54,0.2594521209454765,92.3075,0.36538534488677976,87.5,0.34727588405609133,88.61
2,Train,AWP,55,0.25305462854738814,92.3725,0.35981987018585204,87.85,0.3543156366586685,88.57
2,Train,AWP,56,0.25427155687024416,92.35,0.32978313274383547,89.11,0.31608831825256345,89.79
2,Train,AWP,57,0.2438800443951695,92.8025,0.38444093437194826,86.61,0.37077688331604003,87.05
2,Train,AWP,58,0.2469104717905148,92.595,0.3339849325180054,88.94,0.31158531851768495,90.21
2,Train,AWP,59,0.24489683022323888,92.725,0.3325130655288696,89.3,0.3182021394252777,89.51
2,Train,AWP,60,0.2416347127657729,92.8825,0.3380854614257813,89.01,0.32005411784648896,89.54
2,Train,AWP,61,0.2452094288298878,92.5125,0.34529769983291625,88.92,0.3315206926107407,89.14
2,Train,AWP,62,0.2445796579598619,92.6675,0.39282119903564455,86.46,0.3813328118801117,86.8
2,Train,AWP,63,0.24062716756194544,92.9325,0.3317588808059692,89.07,0.32495286087989805,89.35
2,Train,AWP,64,0.23890661550596498,92.8625,0.33619102592468264,88.74,0.3254237207889557,89.32
2,Train,AWP,65,0.23812070831704063,92.9775,0.3841649744033813,87.32,0.36474033308029175,87.58
2,Train,AWP,66,0.23995508129794757,92.9675,0.35563880844116214,88.61,0.3407185920715332,89.22
2,Train,AWP,67,0.23954177426453976,93.07,0.3571528398513794,87.87,0.3398362988948822,88.84
2,Train,AWP,68,0.23734335363292083,92.8475,0.3355484951972961,88.74,0.31478628387451174,90.06
2,Train,AWP,69,0.2368169082239413,92.9425,0.36909898376464845,87.23,0.3499118288040161,88.18
2,Train,AWP,70,0.2334015526044102,93.085,0.3256345867156982,89.74,0.31999276778697966,89.8
2,Train,AWP,71,0.23337960243225098,93.1675,0.3665944932937622,87.82,0.35073728647232055,88.27
2,Train,AWP,72,0.2330103775087637,93.0975,0.3561756679534912,88.39,0.3455574896812439,88.51
2,Train,AWP,73,0.22922268505104051,93.3825,0.34120677423477175,88.64,0.3275009664058685,89.27
2,Train,AWP,74,0.22550066710470584,93.3425,0.3388259611129761,88.89,0.3292941059589386,88.7
2,Train,AWP,75,0.22879867765088432,93.305,0.31387965669631956,90.04,0.30022118949890136,90.29
2,Train,AWP,76,0.2292915156331306,93.3525,0.3343253746032715,89.11,0.32039374990463254,89.75
2,Train,AWP,77,0.22450089121398073,93.46,0.39031882038116456,86.93,0.3796959818124771,87.2
2,Train,AWP,78,0.22954753293587377,93.2575,0.30981143579483034,89.73,0.2993991259813309,90.39
2,Train,AWP,79,0.2226558665212351,93.475,0.3246676884651184,89.79,0.3096990200996399,90.05
2,Train,AWP,80,0.2235814650504353,93.5475,0.3096531394958496,89.86,0.31261162405014037,89.71
2,Train,AWP,81,0.22684270733842454,93.335,0.33677731676101685,89.07,0.32002094373703005,90.0
2,Train,AWP,82,0.22736529589365848,93.205,0.32822587242126466,88.9,0.3163474280834198,89.73
2,Train,AWP,83,0.22330870350804954,93.61,0.3286902585983276,89.1,0.3122057586193085,89.83
2,Train,AWP,84,0.21997974943905213,93.6175,0.30266591415405275,90.16,0.29449584987163546,90.5
2,Train,AWP,85,0.22186482792940385,93.5725,0.3346126045227051,89.17,0.3170801593780518,89.5
2,Train,AWP,86,0.22148172335978894,93.48,0.3351486564636231,88.97,0.31791796236038206,89.69
2,Train,AWP,87,0.22305432766580735,93.49,0.3741474416732788,87.34,0.34873137588500974,88.51
2,Train,AWP,88,0.21997127684350973,93.665,0.3429934418678284,88.39,0.33027802238464354,89.32
2,Train,AWP,89,0.22359389361862939,93.6125,0.37012832260131834,87.46,0.3599971566200256,87.72
2,Train,AWP,90,0.2211724011281047,93.655,0.31717968940734864,89.36,0.3068981603145599,90.01
2,Train,AWP,91,0.21811952415746622,93.575,0.31941316747665405,89.54,0.30918174822330474,89.96
2,Train,AWP,92,0.215545812068275,93.825,0.32766713123321534,89.31,0.322837783908844,89.76
2,Train,AWP,93,0.21721250763811623,93.825,0.33493099632263185,88.6,0.33114010071754457,88.64
2,Train,AWP,94,0.21817777524836146,93.525,0.30327047300338744,89.99,0.2950713728904724,90.3
2,Train,AWP,95,0.2183299133667169,93.715,0.33462517356872556,88.87,0.32127032454013826,89.35
2,Train,AWP,96,0.2132160125639492,93.7825,0.3177873291969299,89.28,0.3062399640083313,89.72
2,Train,AWP,97,0.21380082943949835,93.8375,0.3652205066680908,88.26,0.34734872748851775,88.64
2,Train,AWP,98,0.21630862431404307,93.7125,0.33396116361618045,88.92,0.32470945358276365,89.41
2,Train,AWP,99,0.21365966414586424,93.85,0.3180082929611206,89.57,0.2961901083946228,90.37
2,Train,AWP,100,0.21328460929778437,93.95,0.3192497925758362,89.56,0.30093299264907836,90.41
2,Train,AWP,101,0.2146655547971162,93.77,0.32792286958694455,89.18,0.3211875254154205,89.34
2,Train,AWP,102,0.21163168173438063,93.865,0.3267534873008728,89.19,0.3099532599925995,89.6
2,Train,AWP,103,0.21225704593113817,93.895,0.38100948448181154,87.03,0.3641760209083557,87.47
2,Train,AWP,104,0.2068936305162244,94.055,0.31579916791915896,89.72,0.30977825207710263,90.07
2,Train,AWP,105,0.2166904931822524,93.6,0.3390968264579773,88.3,0.32207021961212157,89.24
2,Train,AWP,106,0.21482979953765108,93.7425,0.3387387685775757,88.94,0.3248413056850433,89.34
2,Train,AWP,107,0.21013735191890606,93.9075,0.316377560710907,89.62,0.3033375548839569,90.06
2,Train,AWP,108,0.2145150357161086,93.7975,0.3313697690963745,89.1,0.32300606150627137,89.11
2,Train,AWP,109,0.20883820467768385,93.895,0.34769202337265015,88.43,0.3275818030357361,89.07
3,Train,AWP,1,2.010839633667431,23.6225,1.7504975366592408,35.09,1.736558522796631,35.39
3,Train,AWP,2,1.6444961339140092,37.96,1.5628074018478393,41.26,1.553005731010437,41.08
3,Train,AWP,3,1.4783800806100376,44.7375,1.4507489532470703,45.99,1.4355973684310912,46.59
3,Train,AWP,4,1.2982062600291193,52.2725,1.2344764875411987,55.52,1.2270784580230714,55.24
3,Train,AWP,5,1.1362122163985864,58.52,1.09118928565979,61.06,1.0972817134857178,60.9
3,Train,AWP,6,1.0046170645247634,64.09,1.0207445259094239,63.04,1.0229073175430299,62.7
3,Train,AWP,7,0.9126825926783747,67.865,0.9857986204147339,63.99,0.9994097206115723,63.52
3,Train,AWP,8,0.8223435208439446,71.14,0.7945507427215576,72.4,0.7986019372940063,72.2
3,Train,AWP,9,0.7454762460705572,74.26,0.814901075553894,71.64,0.8186699500083924,71.3
3,Train,AWP,10,0.6745197829156638,76.765,0.6716096719741821,77.23,0.6801442463874817,76.3
3,Train,AWP,11,0.622741794909913,78.83,0.6312802096366882,78.08,0.6407889181137085,77.91
3,Train,AWP,12,0.5795406046005103,80.6175,0.6339838241577148,78.39,0.6299040239334106,78.23
3,Train,AWP,13,0.5470614941737142,81.7,0.6186122388839722,78.87,0.6130152450561523,78.76
3,Train,AWP,14,0.5194018058502636,82.6975,0.577167684173584,79.88,0.5797605934619904,79.94
3,Train,AWP,15,0.4925833812917764,83.815,0.5835299834251404,80.43,0.5702219281196594,80.32
3,Train,AWP,16,0.47049888111531923,84.6025,0.4903029140472412,83.78,0.49523476033210756,83.85
3,Train,AWP,17,0.45409642259914657,85.1625,0.49331626329421996,83.73,0.5008108458518982,82.91
3,Train,AWP,18,0.44048332330137013,85.5325,0.4695074131965637,84.41,0.4696901092529297,84.14
3,Train,AWP,19,0.4251085158925468,86.115,0.48294275827407834,84.2,0.49099947538375854,83.54
3,Train,AWP,20,0.4104902667168992,86.5125,0.499440709400177,82.99,0.5136150514125823,82.52
3,Train,AWP,21,0.400864611037623,86.9775,0.42914752187728883,85.57,0.44202650179862973,85.11
3,Train,AWP,22,0.3931833182375271,87.245,0.45528940086364744,85.08,0.4561477523326874,84.95
3,Train,AWP,23,0.37917791973478115,87.8925,0.48190411109924314,84.12,0.486061309671402,83.77
3,Train,AWP,24,0.3703161369021327,88.1525,0.45065146017074587,85.11,0.4608130108833313,84.63
3,Train,AWP,25,0.3672017949743393,88.2625,0.41693481130599974,86.67,0.4309583228588104,86.11
3,Train,AWP,26,0.35784442865620025,88.4775,0.40932177238464357,86.36,0.4154172822475433,86.12
3,Train,AWP,27,0.35285169666948407,88.7425,0.4123233820915222,86.6,0.40861855754852294,86.5
3,Train,AWP,28,0.3407581135297355,89.2475,0.3954589129447937,87.41,0.40664059677124026,86.72
3,Train,AWP,29,0.3394949541400416,89.3625,0.41532383871078493,86.14,0.42860414443016054,85.57
3,Train,AWP,30,0.3333009804685276,89.475,0.43795489416122435,85.2,0.43256013793945314,85.55
3,Train,AWP,31,0.3254636719394416,89.7,0.37722000584602355,87.54,0.39013839230537417,87.2
3,Train,AWP,32,0.32860830559517246,89.7075,0.3876261357307434,87.25,0.39703560371398927,86.92
3,Train,AWP,33,0.322853165312697,89.875,0.3721786546707153,87.95,0.3854650966644287,87.69
3,Train,AWP,34,0.31379119785258563,90.2,0.39683313450813296,87.49,0.41002306332588195,86.56
3,Train,AWP,35,0.30725729175078603,90.44,0.3730729994773865,88.23,0.36887924213409423,87.96
3,Train,AWP,36,0.30436267658544425,90.5675,0.3811085286140442,87.34,0.39539009132385255,87.13
3,Train,AWP,37,0.30103516164488686,90.615,0.3662639108657837,88.2,0.3738666524887085,88.01
3,Train,AWP,38,0.30251099035953183,90.6125,0.3607297071456909,88.38,0.37129546933174135,87.73
3,Train,AWP,39,0.29467030940726163,90.965,0.4421629811286926,85.55,0.44773863554000853,84.99
3,Train,AWP,40,0.29215097460693445,91.0325,0.3712683400630951,87.9,0.36364415354728696,88.08
3,Train,AWP,41,0.2900310017335148,91.025,0.3817759038925171,87.31,0.38976405453681945,87.03
3,Train,AWP,42,0.28132932468915517,91.3925,0.3703845103740692,87.74,0.37465659918785094,87.71
3,Train,AWP,43,0.28278066732060797,91.3375,0.35571408247947695,88.39,0.3600542875289917,88.23
3,Train,AWP,44,0.2803042551960808,91.4725,0.3527311017036438,88.92,0.3579937048435211,88.01
3,Train,AWP,45,0.2735626264311635,91.6525,0.3544656383514404,87.86,0.3587884045600891,88.04
3,Train,AWP,46,0.27623399773154395,91.595,0.3812784620285034,87.52,0.3810574708938599,87.36
3,Train,AWP,47,0.27262376186946713,91.74,0.36025737915039063,87.91,0.3747707669734955,87.41
3,Train,AWP,48,0.2684306189560662,91.9,0.3959078269958496,87.26,0.3956792627692223,87.33
3,Train,AWP,49,0.266438842676699,91.9275,0.3669883701324463,87.65,0.3692878993988037,87.8
3,Train,AWP,50,0.2659604759833302,91.92,0.33555847425460816,89.02,0.34644479436874387,88.59
3,Train,AWP,51,0.2612186635073762,91.9925,0.3444359578132629,89.49,0.35204605264663696,88.84
3,Train,AWP,52,0.2547039053501032,92.2875,0.32963106660842895,89.24,0.33168086936473845,89.44
3,Train,AWP,53,0.25488872654712236,92.3375,0.3543822825431824,88.49,0.3575120719909668,88.16
3,Train,AWP,54,0.2572597048629206,92.3075,0.3349488550186157,89.11,0.3458765266418457,88.52
3,Train,AWP,55,0.25891182278863156,92.13,0.3442334806442261,89.21,0.3475118848800659,89.0
3,Train,AWP,56,0.2526119218561977,92.3975,0.36461887950897215,87.8,0.37734499390125276,87.48
3,Train,AWP,57,0.2499276436508273,92.5575,0.31076931400299074,90.13,0.3189635789632797,89.67
3,Train,AWP,58,0.2518496384826331,92.4425,0.3408717276573181,88.26,0.3541454879283905,87.69
3,Train,AWP,59,0.24937226701849186,92.55,0.3480292889595032,89.03,0.35580913887023924,88.93
3,Train,AWP,60,0.24859601920976426,92.66,0.4651345856666565,84.13,0.4761838693380356,83.74
3,Train,AWP,61,0.24967100521246086,92.42,0.36145451140403745,87.76,0.383512544298172,86.94
3,Train,AWP,62,0.24487219579494038,92.7225,0.3365694727897644,88.99,0.3400714991092682,88.48
3,Train,AWP,63,0.24608959405186076,92.59,0.33945367727279663,88.71,0.354797899723053,88.68
3,Train,AWP,64,0.2464077666925546,92.54,0.33013960680961607,89.09,0.3369543508529663,88.95
3,Train,AWP,65,0.24205832235729352,92.7825,0.32268136801719666,89.2,0.32930439887046814,89.19
3,Train,AWP,66,0.24093501243633203,92.8975,0.33607245192527774,89.44,0.34676542286872863,88.88
3,Train,AWP,67,0.2389134975334707,92.8375,0.3035477400779724,90.18,0.3171887454032898,89.55
3,Train,AWP,68,0.23931438068802746,92.815,0.33556910123825073,89.16,0.3419355216503143,89.07
3,Train,AWP,69,0.24022254350181585,92.86,0.33564647464752195,89.28,0.3411328107595444,88.85
3,Train,AWP,70,0.24083180073351143,92.8475,0.3124912685394287,90.22,0.3267593789577484,89.33
3,Train,AWP,71,0.23931252880218312,93.0025,0.3445502264499664,88.73,0.3458623002529144,88.36
3,Train,AWP,72,0.23567965888558104,93.1,0.30143514590263365,90.28,0.31637423257827757,89.7
3,Train,AWP,73,0.2372270023194365,93.0525,0.3292584322929382,89.29,0.3262255102396011,88.88
3,Train,AWP,74,0.23288812078892612,93.0425,0.3136637166976929,89.71,0.3192704073429108,89.43
3,Train,AWP,75,0.23591486928752436,92.9725,0.31159354734420774,89.71,0.3232392840385437,89.47
3,Train,AWP,76,0.2339698507810553,93.055,0.32582571527957915,89.73,0.32940492067337035,89.56
3,Train,AWP,77,0.23373900765713793,93.18,0.332115288734436,89.38,0.3287834002494812,89.52
3,Train,AWP,78,0.2303849109017049,93.2225,0.3088624207496643,89.95,0.3100431640625,90.2
3,Train,AWP,79,0.22822079462365222,93.185,0.31772924041748046,89.76,0.3185885647773743,89.53
3,Train,AWP,80,0.2318111514559569,93.1625,0.3609876940727234,87.7,0.35352572336196897,88.26
3,Train,AWP,81,0.22790977573052001,93.355,0.3448401207447052,88.86,0.34708634214401246,88.66
3,Train,AWP,82,0.22163912054067983,93.5225,0.3180765615463257,89.9,0.3330741120815277,89.16
3,Train,AWP,83,0.2275769533916784,93.3775,0.34056017751693723,88.73,0.34155323173999785,88.77
3,Train,AWP,84,0.22544793184763326,93.2675,0.31276740612983706,89.92,0.321128990983963,89.49
3,Train,AWP,85,0.22727319674370006,93.2375,0.3318787524223328,88.92,0.3447786563873291,88.62
3,Train,AWP,86,0.2228344858359224,93.4525,0.32157864718437196,89.47,0.32605668334960936,89.3
3,Train,AWP,87,0.2231609711346154,93.4275,0.30486221141815184,89.96,0.3053101372718811,90.15
3,Train,AWP,88,0.22337702621286287,93.4325,0.32396271247863767,89.2,0.3225791276693344,89.18
3,Train,AWP,89,0.2245407865736812,93.3925,0.3425072566509247,88.58,0.35041487069129945,88.21
3,Train,AWP,90,0.22358469793590874,93.445,0.30411930408477783,89.96,0.31250488080978395,89.59
3,Train,AWP,91,0.22338098244735607,93.4925,0.3150895091533661,89.75,0.31614292283058165,89.59
3,Train,AWP,92,0.2200193426574762,93.6475,0.31850190176963805,89.9,0.3217202555656433,89.31
3,Train,AWP,93,0.22304501996253626,93.53,0.34745310406684876,88.42,0.34238411536216734,88.28
3,Train,AWP,94,0.21819084349531717,93.53,0.2933969844341278,90.95,0.30479059445858003,90.68
3,Train,AWP,95,0.22215270736632636,93.4275,0.2964826008796692,90.67,0.2980660492181778,90.27
3,Train,AWP,96,0.22257402077460062,93.4675,0.31833293557167053,89.85,0.3189477033138275,89.57
3,Train,AWP,97,0.21809826160486515,93.565,0.302847936630249,90.24,0.31644709978103636,89.77
3,Train,AWP,98,0.21607710544864972,93.6975,0.331762629032135,88.85,0.3404063193321228,88.17
3,Train,AWP,99,0.21660817005097294,93.6675,0.31076588644981384,89.55,0.3189632682442665,89.41
3,Train,AWP,100,0.21666677612751817,93.6625,0.31303123941421507,89.71,0.31623323211669924,89.64
3,Train,AWP,101,0.22069172825390537,93.6,0.2951061673641205,90.74,0.31314684858322145,90.16
3,Train,AWP,102,0.21358097330354653,93.7425,0.3001525890827179,90.12,0.3059971780776978,90.05
3,Train,AWP,103,0.21964023585993642,93.5425,0.27579495754241945,91.35,0.29124945845603945,90.83
3,Train,AWP,104,0.21886191300500316,93.6025,0.31180672011375427,90.25,0.324122479391098,89.5
3,Train,AWP,105,0.2157371222211149,93.57,0.34654811811447145,88.55,0.35916773228645327,88.02
3,Train,AWP,106,0.21431920829767617,93.715,0.3540366396427155,87.84,0.36325010638237,87.36
3,Train,AWP,107,0.21632989762594906,93.7125,0.29976058716773984,90.49,0.3028076324939728,90.48
3,Train,AWP,108,0.21271995888255274,93.785,0.3362616284608841,89.04,0.3411036028146744,88.88
3,Train,AWP,109,0.2162999262491735,93.7575,0.3175788513660431,89.57,0.32437605571746825,89.23
3,Train,AWP,110,0.2178399712085343,93.6,0.322953643655777,89.61,0.3209178561449051,89.45
3,Train,AWP,111,0.2128165490187395,93.9025,0.2927893183708191,90.59,0.29374071884155273,90.18
3,Train,AWP,112,0.21425906785379964,93.7725,0.2851172411441803,90.82,0.2877010492324829,90.45
3,Train,AWP,113,0.21523452045532843,93.69,0.3275897213935852,89.26,0.3386367113113403,88.96
3,Train,AWP,114,0.21263534159134753,93.815,0.3344643672466278,88.86,0.34019610805511474,88.82
3,Train,AWP,115,0.21306555801496718,93.83,0.285260364151001,90.97,0.2904987984895706,90.95
3,Train,AWP,116,0.2128094739664477,93.815,0.3101552715301514,89.93,0.3177933620929718,89.5
3,Train,AWP,117,0.21093901377706864,94.0275,0.29885007915496825,90.25,0.308033451795578,89.75
3,Train,AWP,118,0.21146722228382342,93.895,0.3215828067779541,89.04,0.3181144975662231,89.24
3,Train,AWP,119,0.20988505357465806,93.9525,0.2852885335922241,91.0,0.2940699655532837,90.79
3,Train,AWP,120,0.21581646345389155,93.7675,0.28545269522666933,90.85,0.2879933342695236,90.38
3,Train,AWP,121,0.20887565003416408,93.9875,0.29048087770938874,90.42,0.29492807559967044,89.85
3,Train,AWP,122,0.21293747367950294,93.855,0.2796143614768982,91.42,0.2970301219463348,90.34
3,Train,AWP,123,0.21205626899441973,93.85,0.32634048109054564,89.25,0.3257657639503479,89.12
3,Train,AWP,124,0.21213347486223275,93.8425,0.29935308103561403,90.13,0.3030761322259903,89.99
3,Train,AWP,125,0.20892040921857183,93.935,0.29393871936798094,90.89,0.30296732437610624,89.93
3,Train,AWP,126,0.2095582693958054,93.8875,0.3223062579631805,89.29,0.32538212823867796,89.49
3,Train,AWP,127,0.21020420262227044,93.98,0.29240771203041077,90.63,0.3013003486871719,90.48
3,Train,AWP,128,0.2124861617581532,93.825,0.3044935412406921,90.3,0.30989284920692445,90.14
1,GurobiEdit,AWP_C10Any_1000,1,0.212611576881462,93.85,0.3035726955890656,89.72,0.3100214759349823,89.89
1,GurobiEdit,AWP_C10Any_1000,2,0.2082489677511465,94.0375,0.29418160860538484,90.65,0.30084586157798765,90.24
1,GurobiEdit,AWP_C10Any_1000,3,0.21097944476924385,93.9425,0.30995313458442686,89.67,0.3131387762069702,89.58
1,GurobiEdit,AWP_C10Any_1000,4,0.20427957593728177,94.0475,0.33029598426818846,88.91,0.3216559522628784,89.59
1,GurobiEdit,AWP_C10Any_1000,5,0.20703009011360785,93.9925,0.29441146173477173,90.66,0.2914743778705597,90.33
1,GurobiEdit,AWP_C10Any_1000,6,0.20994688770451103,93.9075,0.3082695472717285,90.18,0.3046939551353455,90.32
1,GurobiEdit,AWP_C10Any_1000,7,0.20870895314806948,94.1375,0.3148136738419533,89.56,0.31810130863189695,89.44
1,GurobiEdit,AWP_C10Any_1000,8,0.20478306115625766,94.0425,0.31807882287502287,89.36,0.31685356571674345,89.53
1,GurobiEdit,AWP_C10Any_1000,9,0.2069914552112357,93.9375,0.2863916351079941,90.54,0.28237030839920046,90.85
1,GurobiEdit,AWP_C10Any_1000,10,0.20730546450081724,93.985,0.32947748481035233,89.27,0.3292783052444458,89.14
1,GurobiEdit,AWP_C10Any_1000,11,0.2057759317869957,94.245,0.32994395101070406,89.47,0.32704364354610443,89.28
1,GurobiEdit,AWP_C10Any_1000,12,0.21007073901522275,94.05,0.3036539364337921,90.43,0.2963997040510178,90.41
1,GurobiEdit,AWP_C10Any_1000,13,0.207593636914564,94.035,0.29581654572486876,90.96,0.29750027551651,90.45
1,GurobiEdit,AWP_C10Any_1000,14,0.20365324409339375,94.2975,0.3070117794752121,89.95,0.3045727114439011,89.55
1,GurobiEdit,AWP_C10Any_1000,15,0.20794391862976666,93.995,0.2846314865589142,90.96,0.28040066332817076,90.91
1,GurobiEdit,AWP_C10Any_1000,16,0.20860366328074909,94.1075,0.3190399227619171,89.25,0.3278796712398529,88.83
1,GurobiEdit,AWP_C10Any_1000,17,0.20676446772707155,94.0125,0.3109180227279663,89.94,0.3057922200202942,90.14
1,GurobiEdit,AWP_C10Any_1000,18,0.20291504442406158,94.2475,0.32390669236183167,89.1,0.32397702374458315,88.98
1,GurobiEdit,AWP_C10Any_1000,19,0.20192721571785194,94.18,0.2828919899225235,90.96,0.29124273135662077,90.52
1,GurobiEdit,AWP_C10Any_1000,20,0.20606084670216893,94.05,0.3129414216279984,89.63,0.3060652639865875,89.61
1,GurobiEdit,AWP_C10Any_1000,21,0.2023334467706208,94.175,0.30207973580360414,90.03,0.2972524519920349,90.48
1,GurobiEdit,AWP_C10Any_1000,22,0.2049588684123545,94.12,0.30802859079837797,89.85,0.31437837285995485,89.66
1,GurobiEdit,AWP_C10Any_1000,23,0.20584132541387606,94.225,0.29849037337303164,90.28,0.3049723944664001,90.54
1,GurobiEdit,AWP_C10Any_1000,24,0.20397698750701576,94.1975,0.31286587204933164,89.84,0.3031685204267502,90.26
1,GurobiEdit,AWP_C10Any_1000,25,0.20193277225612452,94.265,0.3569720072627068,88.01,0.3557554515838623,88.26
1,GurobiEdit,AWP_C10Any_1000,26,0.2003424034569972,94.315,0.2875122452378273,90.57,0.29280134949684145,90.34
1,GurobiEdit,AWP_C10Any_1000,27,0.20146590473648077,94.195,0.32112060110569,89.63,0.3255288978099823,89.89
1,GurobiEdit,AWP_C10Any_1000,28,0.19814340863079308,94.35,0.3285616669893265,89.17,0.3207503512620926,89.57
1,GurobiEdit,AWP_C10Any_1000,29,0.20282891587898755,94.2475,0.30348856596946716,90.08,0.30793115439414975,90.07
1,GurobiEdit,AWP_C10Any_1000,30,0.20553738350114123,94.1575,0.3191071798563003,89.26,0.3153521019220352,89.19
1,GurobiEdit,AWP_C10Any_1000,31,0.20240086331344642,94.1875,0.2887893306136131,91.15,0.29048309698104857,90.92
1,GurobiEdit,AWP_C10Any_1000,32,0.20539605627044702,94.0225,0.30610997080802915,90.15,0.3137875722408295,89.72
1,GurobiEdit,AWP_C10Any_1000,33,0.198226351731311,94.4,0.28049704234600065,91.06,0.27941290359497073,90.95
1,GurobiEdit,AWP_C10Any_1000,34,0.20180297738161332,94.2325,0.31535326752662657,89.61,0.30530072016716003,90.15
1,GurobiEdit,AWP_C10Any_1000,35,0.2039728544343013,94.165,0.3014020441055298,90.01,0.29851887788772585,89.85
1,GurobiEdit,AWP_C10Any_1000,36,0.20070263045950057,94.3125,0.29099706199169156,90.69,0.29673742575645445,90.68
1,GurobiEdit,AWP_C10Any_1000,37,0.2003451304171032,94.3,0.33074406074285506,89.13,0.32648263540267947,89.71
1,GurobiEdit,AWP_C10Any_1000,38,0.1987060372726605,94.265,0.3368573362112045,88.64,0.3339822089195251,88.84
1,GurobiEdit,AWP_C10Any_1000,39,0.20172526911139108,94.3075,0.2799866874933243,90.9,0.2800850174188614,91.03
1,GurobiEdit,AWP_C10Any_1000,40,0.20103070296989844,94.1675,0.30395505282878876,90.08,0.29683151774406435,90.32
1,GurobiEdit,AWP_C10Any_1000,41,0.19781348078300398,94.4225,0.29408607490062716,90.11,0.29688513810634615,90.1
1,GurobiEdit,AWP_C10Any_1000,42,0.2007879588645868,94.3375,0.30294535410404205,89.99,0.2934637565612793,90.43
1,GurobiEdit,AWP_C10Any_1000,43,0.19932237767373412,94.425,0.3034770762205124,90.27,0.3175163615703583,89.38
1,GurobiEdit,AWP_C10Any_1000,44,0.1965662691825495,94.4925,0.3054068205356598,90.07,0.30623016257286073,89.84
1,GurobiEdit,AWP_C10Any_1000,45,0.2001290464172729,94.2625,0.29103077043294906,90.41,0.29439524619579316,90.48
1,GurobiEdit,AWP_C10Any_1000,46,0.1964273825287819,94.495,0.3543445351600647,88.03,0.3546828179359436,87.9
1,GurobiEdit,AWP_C10Any_1000,47,0.2009527544958142,94.33,0.30832697343826293,89.57,0.30276643073558807,90.0
1,GurobiEdit,AWP_C10Any_1000,48,0.1980713353798793,94.3325,0.3051650542974472,89.89,0.3066305017232895,90.03
1,GurobiEdit,AWP_C10Any_1000,49,0.20112985094039204,94.19,0.30899179842472074,90.09,0.30586783020496366,90.25
1,GurobiEdit,AWP_C10Any_1000,50,0.19746106234602273,94.42,0.30271892745494844,90.39,0.30978311688899995,90.02
1,GurobiEdit,AWP_C10Any_1000,51,0.1991785726370141,94.3775,0.33570541796684267,89.01,0.33552042956352235,88.98
1,GurobiEdit,AWP_C10Any_1000,52,0.19964392845051737,94.365,0.32096373369693754,89.1,0.3203108584165573,88.94
1,GurobiEdit,AWP_C10Any_1000,53,0.19666198169747098,94.325,0.3303400707125664,89.04,0.3368222194194794,88.53
1,GurobiEdit,AWP_C10Any_1000,54,0.19921475979752434,94.3875,0.29171353926658633,90.4,0.294113300037384,90.12
1,GurobiEdit,AWP_C10Any_1000,55,0.19757638376551315,94.475,0.28967102777957915,90.51,0.2933537346124649,90.37
1,GurobiEdit,AWP_C10Any_1000,56,0.20019276552021312,94.3,0.29438291342258455,90.19,0.2892865420818329,90.39
1,GurobiEdit,AWP_C10Any_1000,57,0.19578203330405605,94.3875,0.3496589105963707,88.2,0.34357649784088135,88.07
1,GurobiEdit,AWP_C10Any_1000,58,0.19918426009603202,94.2025,0.3116382369995117,90.15,0.3125910726070404,89.67
1,GurobiEdit,AWP_C10Any_1000,59,0.20254933362761243,94.2025,0.3339992572069168,88.99,0.33610755863189695,88.97
1,GurobiEdit,AWP_C10Any_1000,60,0.19889517387928674,94.2675,0.30284016008377074,89.83,0.2969766563892364,90.09
1,GurobiEdit,AWP_C10Any_1000,61,0.20052290369813053,94.32,0.29197827298641205,90.54,0.2824741956233978,90.97
1,GurobiEdit,AWP_C10Any_1000,62,0.19218206924561876,94.5025,0.293232412981987,90.32,0.29452541651725767,90.53
1,GurobiEdit,AWP_C10Any_1000,63,0.20030184501942735,94.4375,0.3023204409003258,90.12,0.29449976711273196,90.65
1,GurobiEdit,AWP_C10Any_1000,64,0.19279543029519317,94.57,0.2802304491996765,90.86,0.2743232071399689,90.85
1,Train_Extra,AWP,1,0.2084693955346799,93.995,0.30114621477127074,90.08,0.30096005682945254,90.4
1,Train_Extra,AWP,2,0.20488019242359046,93.9775,0.331568986415863,89.13,0.32895737881660464,89.31
1,Train_Extra,AWP,3,0.21286620042575433,93.945,0.30517211751937867,90.26,0.30762689154148104,90.02
1,Train_Extra,AWP,4,0.20543762693961207,94.06,0.3243758873462677,89.3,0.3292255959033966,88.94
1,Train_Extra,AWP,5,0.21085126981282007,93.995,0.3610061079502106,87.8,0.3571013935089111,87.81
1,Train_Extra,AWP,6,0.20427059177487802,94.125,0.2991264244556427,90.01,0.3078541910648346,90.05
1,Train_Extra,AWP,7,0.20924520921021605,93.89,0.2931272786617279,90.67,0.30127180213928223,90.56
1,Train_Extra,AWP,8,0.2102666838100543,93.8525,0.29387944450378417,90.63,0.2936862764596939,90.46
1,Train_Extra,AWP,9,0.2131575326473949,93.795,0.3264207889556885,89.05,0.33195499148368834,88.97
1,Train_Extra,AWP,10,0.2094594646042909,94.01,0.3425655443191528,88.02,0.3421509132862091,88.1
1,Train_Extra,AWP,11,0.2057204462421207,94.16,0.30058144896030425,90.18,0.30211125776767733,90.18
1,Train_Extra,AWP,12,0.20461408198831943,94.1175,0.3278473226547241,89.1,0.32041724677085875,89.55
1,Train_Extra,AWP,13,0.2067684599766716,94.0675,0.3121673929929733,89.86,0.3047143085002899,90.05
1,Train_Extra,AWP,14,0.20583158455336817,94.06,0.304433879840374,90.04,0.30639095549583434,90.16
1,Train_Extra,AWP,15,0.2074679930132037,94.045,0.327659515786171,89.64,0.32574255323410034,89.64
1,Train_Extra,AWP,16,0.20499420265991466,94.1275,0.3051813088417053,90.43,0.3035207725286484,90.18
1,Train_Extra,AWP,17,0.20740190741067496,93.9925,0.2917266684770584,90.42,0.29218533828258514,90.22
1,Train_Extra,AWP,18,0.20762871205806732,94.0575,0.29884105513095854,90.61,0.3026071652412415,90.2
1,Train_Extra,AWP,19,0.19965228445518513,94.2975,0.32242198748588563,89.67,0.3202045920610428,89.76
1,Train_Extra,AWP,20,0.20407391496645377,94.18,0.3203435967206955,89.39,0.31349266085624694,89.61
1,Train_Extra,AWP,21,0.20613183404881352,94.07,0.29499274682998655,90.64,0.29445424408912657,90.56
1,Train_Extra,AWP,22,0.20049536697114237,94.25,0.3287105678319931,88.87,0.3176625540733337,89.7
1,Train_Extra,AWP,23,0.20052311681330012,94.275,0.2861657146692276,90.51,0.2899373807430267,90.4
1,Train_Extra,AWP,24,0.2057824731587221,94.1725,0.31305205125808716,89.47,0.30540459723472596,89.86
1,Train_Extra,AWP,25,0.2027346967889097,94.1825,0.3256431626319885,89.39,0.31902133049964904,89.58
1,Train_Extra,AWP,26,0.12623491179876434,97.0175,0.19240347076058387,93.58,0.19153623523712157,93.84
1,Train_Extra,AWP,27,0.09802464600473929,97.6675,0.18358346332907677,94.07,0.17692584059238434,94.2
1,Train_Extra,AWP,28,0.08582965665446303,97.995,0.16825831378102302,94.26,0.17370155348777772,94.24
1,Train_Extra,AWP,29,0.0803869749172427,98.18,0.1731790235489607,94.21,0.1719302912712097,94.29
1,Train_Extra,AWP,30,0.07565251244499852,98.3025,0.16769095153212546,94.56,0.16672824380397797,94.45
1,Train_Extra,AWP,31,0.06984451433387809,98.495,0.1636838857769966,94.62,0.16559386274814605,94.56
1,Train_Extra,AWP,32,0.0667812790804968,98.575,0.1616379471063614,94.38,0.16237609367370606,94.53
1,Train_Extra,AWP,33,0.06354898664826593,98.7475,0.1615204195380211,94.67,0.16264489440917967,94.75
1,Train_Extra,AWP,34,0.05905801044128383,98.7725,0.15853443036973477,94.65,0.16293176651000976,94.45
1,Train_Extra,AWP,35,0.05709679358707259,98.85,0.16020349956154822,94.67,0.15993227753639222,94.52
1,Train_Extra,AWP,36,0.0541349011488235,98.945,0.16218871589303016,94.44,0.15907505497932434,94.66
1,Train_Extra,AWP,37,0.050607578281444104,99.0725,0.15547153909802436,94.85,0.1599102460503578,94.68
1,Train_Extra,AWP,38,0.047054031179450194,99.14,0.15408995481878518,94.85,0.1539500271320343,94.77
1,Train_Extra,AWP,39,0.04526148172922599,99.235,0.15495987034887077,94.73,0.1578216894865036,94.78
1,Train_Extra,AWP,40,0.04337008654499968,99.2225,0.15389381096959115,94.77,0.1544411447763443,94.93
1,Train_Extra,AWP,41,0.04267350242684444,99.26,0.15218672455996274,94.81,0.15419115948677062,94.83
1,Train_Extra,AWP,42,0.04236004289430075,99.2725,0.15580813934504986,94.66,0.15372381474971772,94.75
1,Train_Extra,AWP,43,0.041133511805543886,99.2975,0.15135207064449788,94.75,0.15244010781049727,94.83
1,Train_Extra,AWP,44,0.04086844763531091,99.2875,0.1517130578711629,94.85,0.15259146754741668,94.85
1,Train_Extra,AWP,45,0.040221956847146294,99.28,0.15135989215672016,94.91,0.15220508379936218,94.94
1,Train_Extra,AWP,46,0.040318465705353995,99.2775,0.15236597102582455,94.82,0.15377431876659392,94.85
1,Train_Extra,AWP,47,0.03948852207404546,99.3175,0.15067156779766083,94.85,0.15178115017414093,94.92
1,Train_Extra,AWP,48,0.0392158251737777,99.345,0.14635424605607986,95.01,0.15016586520671846,95.0
1,Train_Extra,AWP,49,0.03894563040996607,99.3475,0.15038116520047187,94.9,0.14923813735246658,94.93
1,Train_Extra,AWP,50,0.03850014617267889,99.3825,0.15006864186823368,95.05,0.15193715242147446,95.06
2,Train_Extra,AWP,1,0.22005387726492776,93.5275,0.3348234266281128,89.33,0.3244523048877716,89.12
2,Train_Extra,AWP,2,0.22455758311021062,93.325,0.3564530349731445,88.17,0.34702282667160034,88.39
2,Train_Extra,AWP,3,0.22199469440566083,93.515,0.3087089297294617,89.7,0.2939524842739105,90.3
2,Train_Extra,AWP,4,0.22413855872024743,93.3775,0.33984351406097413,89.18,0.3283859084844589,89.45
2,Train_Extra,AWP,5,0.21900064402971023,93.65,0.32804150800704956,88.95,0.3140909176826477,89.7
2,Train_Extra,AWP,6,0.2174419585270242,93.7,0.34096077270507813,88.84,0.325359037566185,89.37
2,Train_Extra,AWP,7,0.22048508644865725,93.7375,0.3464597183227539,88.36,0.3300888335227966,88.79
2,Train_Extra,AWP,8,0.21699521490655388,93.6925,0.3276647979736328,89.79,0.3099157352924347,89.83
2,Train_Extra,AWP,9,0.21893850437844523,93.6025,0.35188963499069215,88.47,0.3417794037342072,88.33
2,Train_Extra,AWP,10,0.2125563697693066,93.8425,0.327732444858551,89.31,0.30790370569229125,89.79
2,Train_Extra,AWP,11,0.2133888529417233,93.8275,0.32411196327209474,89.04,0.32203865456581116,89.09
2,Train_Extra,AWP,12,0.21394384092987537,93.83,0.39810384674072263,86.33,0.37999730520248415,86.87
2,Train_Extra,AWP,13,0.21246223016002308,93.8925,0.3753355192184448,87.22,0.3671163605213165,87.33
2,Train_Extra,AWP,14,0.21783987915934847,93.635,0.3272157402038574,89.18,0.3057285536289215,90.34
2,Train_Extra,AWP,15,0.21671985018367584,93.715,0.3605652565002441,88.14,0.341306858086586,88.64
2,Train_Extra,AWP,16,0.21056849135758396,93.855,0.358200071144104,88.31,0.3377961226940155,89.3
2,Train_Extra,AWP,17,0.21938911027992114,93.6075,0.3175851581573486,89.66,0.30524329562187197,90.11
2,Train_Extra,AWP,18,0.21408101659232434,93.8525,0.32875032444000246,89.08,0.32055955939292907,89.43
2,Train_Extra,AWP,19,0.21233171684006913,93.8325,0.31994353485107424,89.62,0.3076049611568451,90.12
2,Train_Extra,AWP,20,0.214627374427768,93.7425,0.307866312122345,89.97,0.28831782081127166,90.61
2,Train_Extra,AWP,21,0.21075612825517076,93.955,0.33873026580810545,88.79,0.32167358067035673,89.35
2,Train_Extra,AWP,22,0.21224895948038314,93.8125,0.38733138065338135,87.07,0.3669946897506714,87.8
2,Train_Extra,AWP,23,0.20978892330354015,93.9175,0.310082457447052,90.03,0.30258436274528505,90.15
2,Train_Extra,AWP,24,0.210176869084279,93.875,0.3672230865478516,87.14,0.35216669421195984,87.92
2,Train_Extra,AWP,25,0.21016946558754285,93.96,0.3495477226257324,88.5,0.33213806347846986,89.05
2,Train_Extra,AWP,26,0.1328631658047533,96.665,0.20811508073806761,93.41,0.19820186619758606,93.66
2,Train_Extra,AWP,27,0.10518419296263506,97.5525,0.20096175498962401,93.45,0.18921607551574707,93.97
2,Train_Extra,AWP,28,0.093202571827954,97.7275,0.19487256474494935,93.68,0.1853301305294037,93.91
2,Train_Extra,AWP,29,0.08600686840451183,97.985,0.1916617224216461,93.77,0.18045716905593873,94.16
2,Train_Extra,AWP,30,0.08186315022670804,98.13,0.18460283250808715,94.01,0.17634725909233093,94.2
2,Train_Extra,AWP,31,0.07567556851659529,98.35,0.18454890494346618,94.2,0.17340937957763672,94.32
2,Train_Extra,AWP,32,0.07171726530304733,98.4875,0.17785077214241027,94.37,0.1732096049308777,94.35
2,Train_Extra,AWP,33,0.06771750303622061,98.5825,0.17949839754104616,94.39,0.17385857105255126,94.32
2,Train_Extra,AWP,34,0.06373097398243964,98.715,0.17926594414710997,94.13,0.17152911057472228,94.35
2,Train_Extra,AWP,35,0.06048646301459581,98.74,0.17703187808990478,93.98,0.1642194347858429,94.49
2,Train_Extra,AWP,36,0.05685413707964146,98.9075,0.17403312516212463,94.34,0.16572948427200318,94.45
2,Train_Extra,AWP,37,0.054652364876942514,98.92,0.1761460123538971,94.23,0.16567981414794922,94.51
2,Train_Extra,AWP,38,0.04930460972550768,99.1225,0.17400416650772094,94.18,0.16217700111865999,94.58
2,Train_Extra,AWP,39,0.04842234220796119,99.13,0.17211886444091798,94.24,0.15838698353767394,94.76
2,Train_Extra,AWP,40,0.04738593572221054,99.1375,0.16817235708236694,94.47,0.16067213673591613,94.61
2,Train_Extra,AWP,41,0.04724273149269267,99.1525,0.1686996364593506,94.29,0.1604831901550293,94.69
2,Train_Extra,AWP,42,0.04690672340579688,99.13,0.1713030152320862,94.33,0.16008364095687866,94.71
2,Train_Extra,AWP,43,0.045539794073175315,99.1875,0.1702325617790222,94.46,0.15745441601276397,94.64
2,Train_Extra,AWP,44,0.045087480881867315,99.2025,0.16720581045150756,94.47,0.15849718613624572,94.81
2,Train_Extra,AWP,45,0.04492463603520546,99.2,0.16747663631439208,94.58,0.15979238691329956,94.63
2,Train_Extra,AWP,46,0.04351225190947707,99.2375,0.16839693632125854,94.52,0.15812106385231017,94.87
2,Train_Extra,AWP,47,0.043682667709434755,99.2525,0.16348633847236632,94.55,0.15861913967132568,94.64
2,Train_Extra,AWP,48,0.04342594028066713,99.2475,0.16639448909759522,94.47,0.15898163385391234,94.68
2,Train_Extra,AWP,49,0.04253095036711746,99.29,0.16526321082115172,94.51,0.15897912249565124,94.81
2,Train_Extra,AWP,50,0.04237746849013403,99.2775,0.16700986514091493,94.43,0.15455791339874267,94.82
3,Train_Extra,AWP,1,0.21158043887858954,93.835,0.2996603857040405,90.3,0.30716230826377866,89.36
3,Train_Extra,AWP,2,0.21766870280805106,93.6475,0.30429222478866574,90.18,0.30896879556179047,89.86
3,Train_Extra,AWP,3,0.21749150700652942,93.6275,0.30365979890823364,89.91,0.30042234892845154,90.06
3,Train_Extra,AWP,4,0.21741830191006675,93.6375,0.3469033319950104,89.03,0.3615989439249039,88.47
3,Train_Extra,AWP,5,0.2164578635852558,93.6825,0.2937244815826416,90.66,0.29953759231567384,90.06
3,Train_Extra,AWP,6,0.21716860419930742,93.75,0.28376856923103333,90.99,0.2901498761177063,90.71
3,Train_Extra,AWP,7,0.21460088082967094,93.6825,0.32789297409057616,89.55,0.3299926821947098,89.32
3,Train_Extra,AWP,8,0.21337670499619585,93.8175,0.3116226583480835,89.9,0.31082962820529936,89.98
3,Train_Extra,AWP,9,0.21418345486298918,93.83,0.3039061822891235,90.67,0.3036826826572418,90.61
3,Train_Extra,AWP,10,0.21893743132821286,93.58,0.2981013111114502,90.57,0.3029624778747559,90.31
3,Train_Extra,AWP,11,0.2107463524983333,93.86,0.29878546557426455,90.51,0.2998401780605316,89.95
3,Train_Extra,AWP,12,0.21123895663232467,93.8625,0.3194571278095245,89.58,0.3245956259727478,89.16
3,Train_Extra,AWP,13,0.21336209493132827,93.745,0.3091417244434357,90.13,0.31393436930179597,89.78
3,Train_Extra,AWP,14,0.21057387841300082,93.98,0.29022628965377806,90.53,0.298466446018219,89.78
3,Train_Extra,AWP,15,0.21227590373148933,93.96,0.31774247336387634,89.35,0.32717721734046934,88.9
3,Train_Extra,AWP,16,0.21218175281541415,93.8175,0.35867131862640383,87.93,0.3743318202972412,87.54
3,Train_Extra,AWP,17,0.21142732697173047,93.9225,0.30501708998680116,90.52,0.31437282292842866,89.78
3,Train_Extra,AWP,18,0.21100723088834994,93.93,0.35838805975914,88.45,0.36511241188049315,88.03
3,Train_Extra,AWP,19,0.2074501739856534,93.9975,0.3243964042186737,89.94,0.33046595723628996,89.25
3,Train_Extra,AWP,20,0.2051615730737345,94.205,0.31748425922393797,89.66,0.32559724435806275,89.22
3,Train_Extra,AWP,21,0.2123221272763353,93.7775,0.32896319823265074,88.95,0.3356065050840378,88.44
3,Train_Extra,AWP,22,0.2104681056385604,93.86,0.29956156191825867,90.29,0.29936363859176635,90.36
3,Train_Extra,AWP,23,0.2114341972877804,93.7925,0.29689245042800905,90.55,0.29605972759723664,90.51
3,Train_Extra,AWP,24,0.2105846782557119,93.8725,0.32815904264450074,89.14,0.33246279492378233,88.84
3,Train_Extra,AWP,25,0.20681511058498875,94.095,0.3224186440944672,89.21,0.3339309417486191,88.9
3,Train_Extra,AWP,26,0.1341410198698219,96.7075,0.1902633939743042,94.01,0.1961942065000534,93.7
3,Train_Extra,AWP,27,0.10323665906398441,97.525,0.17987348730564118,94.24,0.18458614425659178,93.95
3,Train_Extra,AWP,28,0.09196925771455415,97.8575,0.17430699682235717,94.28,0.18161999094486236,94.04
3,Train_Extra,AWP,29,0.08530848344770102,98.0375,0.16677979929447173,94.59,0.17439939160346984,94.15
3,Train_Extra,AWP,30,0.07854001471600212,98.1775,0.1668221842288971,94.68,0.17102926344871522,94.49
3,Train_Extra,AWP,31,0.0746489096992313,98.3275,0.16334127984046937,94.57,0.16632091171741487,94.33
3,Train_Extra,AWP,32,0.06970949910771541,98.535,0.16266508302688598,94.86,0.16511702597141265,94.44
3,Train_Extra,AWP,33,0.0661103005309741,98.5975,0.15754396040439606,94.9,0.16313249542713165,94.68
3,Train_Extra,AWP,34,0.0622610988589331,98.725,0.15633863263130188,94.85,0.1601873386025429,94.62
3,Train_Extra,AWP,35,0.06015469355824085,98.7375,0.15982415413856507,94.8,0.16253078482151032,94.69
3,Train_Extra,AWP,36,0.05741973029086574,98.8775,0.1564404005765915,94.82,0.16191576812267303,94.66
3,Train_Extra,AWP,37,0.05507085167061978,98.8575,0.15642351948022842,94.72,0.15736395641565323,94.87
3,Train_Extra,AWP,38,0.049795622047715295,99.07,0.15455469137430192,95.03,0.15455135502815245,94.76
3,Train_Extra,AWP,39,0.048816408009860465,99.155,0.14942118086814882,95.05,0.15237750182151794,95.03
3,Train_Extra,AWP,40,0.047537570146802134,99.13,0.1501536195755005,95.21,0.15525485947132112,94.76
3,Train_Extra,AWP,41,0.04671332776879731,99.1925,0.15075141158103944,95.05,0.1534048805952072,94.88
3,Train_Extra,AWP,42,0.04526447386930164,99.15,0.14821006686687468,95.13,0.15286384239196776,95.01
3,Train_Extra,AWP,43,0.045316230993682205,99.2425,0.15223084737062453,95.09,0.1534933766365051,94.97
3,Train_Extra,AWP,44,0.044196983900504375,99.2475,0.14807982692718505,95.11,0.15407410359382628,94.89
3,Train_Extra,AWP,45,0.04367214479683021,99.2475,0.14458455171585083,95.16,0.1491146322131157,95.09
3,Train_Extra,AWP,46,0.04291203339843038,99.2575,0.1465666515827179,95.16,0.15053244647979735,95.08
3,Train_Extra,AWP,47,0.042840638790077296,99.2225,0.14558657593727112,95.12,0.1513747875094414,95.03
3,Train_Extra,AWP,48,0.041720736783723865,99.245,0.14663516523838044,95.32,0.15278856325149537,94.93
3,Train_Extra,AWP,49,0.04226477012430993,99.2625,0.14937145957946776,95.1,0.15208893551826477,94.87
3,Train_Extra,AWP,50,0.04134408785655095,99.285,0.1479669037103653,95.1,0.1505995334148407,94.93
1,Train,SAM,1,1.7454380855773584,35.1,1.5130144733428954,44.98,1.5108378112792968,44.31
1,Train,SAM,2,1.3024378973074233,52.2575,1.3308000814437866,52.16,1.3495825366973877,51.41
1,Train,SAM,3,1.0311419508708553,62.6025,1.0397932704925537,62.79,1.0536353593826293,62.11
1,Train,SAM,4,0.870995076319661,68.9475,0.8003869606018066,71.79,0.8118357110977172,71.53
1,Train,SAM,5,0.7401085663527346,74.205,0.7915736769676208,72.33,0.7912064133644104,72.13
1,Train,SAM,6,0.6609052803379278,77.0425,0.7252308033943177,74.7,0.7181980514526367,75.36
1,Train,SAM,7,0.5932308106948012,79.5525,0.6416747056007385,77.82,0.6379556834220886,78.12
1,Train,SAM,8,0.5482551497392381,81.19,0.8604692663192749,71.17,0.8548242959022522,71.06
1,Train,SAM,9,0.5229975608781504,82.22,0.6470505208969116,77.65,0.647809810590744,77.98
1,Train,SAM,10,0.4906890092375941,83.2525,0.5774633657932281,79.88,0.57614435505867,80.28
1,Train,SAM,11,0.46796664547996397,83.87,0.5219749640464783,82.09,0.5336784927845001,81.6
1,Train,SAM,12,0.4433089740360126,84.7375,0.5127033444881439,82.67,0.5096373398303986,82.78
1,Train,SAM,13,0.4329470229891542,85.3125,0.5654770161628723,80.79,0.5578252656936645,80.9
1,Train,SAM,14,0.4220123921339504,85.5925,0.5267991141319275,82.19,0.5316465531826019,81.63
1,Train,SAM,15,0.4018054650709652,86.215,0.5137159366607666,82.22,0.5150385090827941,82.72
1,Train,SAM,16,0.3893411046685502,86.7825,0.49620269780159,82.8,0.5011111932754516,82.7
1,Train,SAM,17,0.38076623003132426,87.015,0.47651643891334533,83.81,0.47059444766044617,83.69
1,Train,SAM,18,0.36639727704441205,87.5875,0.44333702163696287,85.12,0.448082558631897,84.75
1,Train,SAM,19,0.36309038116909065,87.6875,0.5798106213092804,80.12,0.5648973220825195,80.44
1,Train,SAM,20,0.353488868655869,88.0425,0.46604656953811646,84.11,0.4687738702774048,84.22
1,Train,SAM,21,0.34850677576499245,88.2025,0.48888994722366336,83.07,0.4937029318332672,83.12
1,Train,SAM,22,0.3453302989942959,88.275,0.4628909245491028,83.55,0.4767963403701782,83.61
1,Train,SAM,23,0.3330104444830562,88.7325,0.43514255270957947,85.39,0.4338535279273987,85.46
1,Train,SAM,24,0.3271619143386999,88.895,0.5168079310894013,82.54,0.5046334339618683,82.92
1,Train,SAM,25,0.3222084454358957,88.9725,0.4378422452926636,85.01,0.43783602676391603,85.21
1,Train,SAM,26,0.31789516321957684,89.335,0.41698970263004304,85.74,0.42348747539520265,85.89
1,Train,SAM,27,0.3137513539090324,89.515,0.4601130406796932,84.46,0.4615449577331543,84.94
1,Train,SAM,28,0.31036915675329324,89.5575,0.4615145630836487,84.38,0.4752221416473389,83.72
1,Train,SAM,29,0.31255938141300277,89.2425,0.46902373094558714,84.37,0.442593421792984,85.19
1,Train,SAM,30,0.3026461787878896,89.72,0.4083788064479828,86.31,0.4054975604534149,86.12
1,Train,SAM,31,0.3027396482495835,89.7225,0.38098539214134214,86.86,0.3844014708518982,86.82
1,Train,SAM,32,0.29943944823246793,89.9775,0.5267236345291137,82.45,0.5377989999771118,82.03
1,Train,SAM,33,0.29764314548085674,89.8725,0.458688604927063,85.14,0.4583950536251068,84.54
1,Train,SAM,34,0.29792741069588036,89.955,0.435442488694191,84.83,0.43396614761352537,84.52
1,Train,SAM,35,0.2894186812658279,90.295,0.43105174961090087,84.95,0.43666388812065127,84.86
1,Train,SAM,36,0.2875510516543739,90.31,0.3871771959781647,87.05,0.3972551573753357,86.67
1,Train,SAM,37,0.29332159016840753,90.0825,0.42055888166427613,85.71,0.42135008974075316,85.83
1,Train,SAM,38,0.2830520311769205,90.515,0.40507049911022186,86.19,0.4020955075263977,86.33
1,Train,SAM,39,0.2772670242542657,90.625,0.3897814173936844,86.88,0.3836142737865448,87.06
1,Train,SAM,40,0.2859469605996586,90.3375,0.46430289583206175,84.72,0.4580171537399292,84.48
1,Train,SAM,41,0.28194716715584167,90.57,0.4681607859134674,84.09,0.46493680062294007,83.98
1,Train,SAM,42,0.27677050613747617,90.7025,0.46167980259656904,84.47,0.4637106019973755,84.65
1,Train,SAM,43,0.27370849451698814,91.095,0.42712653250694277,85.64,0.43754242100715635,85.17
1,Train,SAM,44,0.2730812951684379,90.805,0.42755218591690064,85.33,0.4376337466239929,85.28
1,Train,SAM,45,0.27182240565173543,90.71,0.4015052551269531,86.3,0.39042189874649047,86.6
1,Train,SAM,46,0.28109634936617584,90.5375,0.4843511866569519,83.31,0.48497581934928896,83.42
1,Train,SAM,47,0.2681046104945314,90.875,0.4114168363571167,86.01,0.4092169541835785,86.03
1,Train,SAM,48,0.2633612598664464,91.0875,0.40813119795322417,86.01,0.418138551235199,85.58
1,Train,SAM,49,0.2699403683312785,90.7625,0.3992919427633286,86.09,0.39950730977058413,86.25
1,Train,SAM,50,0.2719916774394413,90.89,0.3871323205471039,86.89,0.3963279718875885,86.69
1,Train,SAM,51,0.2662056206990355,91.0625,0.4424857173919678,85.1,0.44388712100982664,85.17
1,Train,SAM,52,0.26767289438567604,91.0125,0.35548054647445676,87.7,0.36071720099449156,88.04
1,Train,SAM,53,0.2669117850379441,90.94,0.4095635386943817,86.43,0.4125354730129242,86.3
1,Train,SAM,54,0.2636900536549358,91.13,0.3690848581314087,87.17,0.38726183185577395,86.54
1,Train,SAM,55,0.26688589474644525,91.0025,0.3822135246753693,86.99,0.3914595878601074,86.87
1,Train,SAM,56,0.2602311226125723,91.205,0.44495598344802856,85.32,0.45127912559509276,84.93
1,Train,SAM,57,0.26358874646809916,91.2025,0.3864416732788086,86.77,0.4048442370176315,86.28
1,Train,SAM,58,0.26435165799939975,91.09,0.3891842318058014,87.26,0.3964440321445465,86.41
1,Train,SAM,59,0.26082946664799517,91.255,0.35950147919654846,87.67,0.3797798437833786,87.37
1,Train,SAM,60,0.2565647408413811,91.29,0.3564572801351547,87.32,0.375231293296814,86.93
1,Train,SAM,61,0.25886593040185996,91.2875,0.4172309854030609,85.82,0.41703553256988524,85.79
1,Train,SAM,62,0.260874835304178,91.2725,0.44467860198020936,84.99,0.4475749981880188,84.53
1,Train,SAM,63,0.2528998810595598,91.5675,0.36012291264533997,88.0,0.3676381181716919,87.36
1,Train,SAM,64,0.26342207864641,91.16,0.3655659993648529,87.7,0.3734892631292343,87.57
1,Train,SAM,65,0.25366721787867835,91.2725,0.377121675157547,86.89,0.3707888425350189,87.2
1,Train,SAM,66,0.25523187079654336,91.4875,0.3574769901752472,87.92,0.36504236330986023,87.91
1,Train,SAM,67,0.2537331010301273,91.4725,0.4353604590415955,85.32,0.42548728594779966,86.02
1,Train,SAM,68,0.255116887033557,91.5275,0.42482885584831237,85.56,0.42246245708465574,85.61
1,Train,SAM,69,0.25271446088822885,91.6375,0.4614639630079269,84.58,0.4460751371383667,84.8
1,Train,SAM,70,0.2557632810772417,91.38,0.3915806560754776,86.5,0.36865172328948975,87.4
1,Train,SAM,71,0.2536761760949708,91.475,0.3690205376625061,87.36,0.350951184129715,87.86
1,Train,SAM,72,0.2480883288402527,91.5025,0.3583410152435303,87.75,0.3664962433815002,87.43
1,Train,SAM,73,0.25493392962426803,91.51,0.39479668731689455,86.63,0.38949463481903074,86.62
1,Train,SAM,74,0.2515111192108724,91.535,0.39556770887374876,86.73,0.39350034785270693,86.48
1,Train,SAM,75,0.25393883169839937,91.5525,0.34923362002372743,88.65,0.3547514424800873,87.8
1,Train,SAM,76,0.25244375882438197,91.5,0.41772519228458405,85.72,0.4249799563407898,85.38
1,Train,SAM,77,0.2470984525811939,91.865,0.5994875408172607,81.14,0.5616995943069458,81.76
1,Train,SAM,78,0.24909167601087223,91.5925,0.48101833753585815,84.25,0.48529850368499755,84.09
1,Train,SAM,79,0.2535542448203023,91.4725,0.38909303312301635,86.75,0.3739776991844177,87.28
1,Train,SAM,80,0.24597235659536082,91.7525,0.3491866787672043,88.44,0.3509725699901581,88.15
1,Train,SAM,81,0.2463242106449109,91.67,0.45101171678304675,85.18,0.4468180150985718,85.18
1,Train,SAM,82,0.24972153947757075,91.7,0.4220479241847992,85.96,0.43222929110527036,85.42
1,Train,SAM,83,0.25221840582621363,91.6275,0.3660586326599121,87.72,0.3741682953357697,87.39
1,Train,SAM,84,0.2437659539163303,91.8475,0.5328156676769257,82.89,0.5290765668392181,82.8
1,Train,SAM,85,0.25016025046761425,91.555,0.3708577519893646,87.57,0.35500620293617247,88.03
1,Train,SAM,86,0.2509274709815034,91.5775,0.33545630254745484,88.5,0.3385228641033173,88.33
1,Train,SAM,87,0.2476282237103572,91.7375,0.3725117411136627,86.96,0.3816305926322937,86.97
1,Train,SAM,88,0.24861531478528398,91.72,0.4175086793422699,86.14,0.42015325112342833,86.24
1,Train,SAM,89,0.24355551088675143,91.6725,0.37043854887485506,87.41,0.3768161603927612,87.19
1,Train,SAM,90,0.248772097043336,91.6275,0.36623402326107024,87.28,0.3597886679887772,87.98
1,Train,SAM,91,0.2469146464008112,91.715,0.38574302258491516,86.75,0.38728103194236757,86.61
1,Train,SAM,92,0.24252643007725572,91.895,0.3869711348056793,86.61,0.38758514490127566,86.69
1,Train,SAM,93,0.24307144154755833,91.8625,0.3734264313697815,87.35,0.3831908955812454,86.84
1,Train,SAM,94,0.24726152174865096,91.6925,0.45909611134529116,84.8,0.4622187720298767,85.01
1,Train,SAM,95,0.24430336810338993,91.725,0.4388662883758545,85.31,0.45324941598176954,84.89
1,Train,SAM,96,0.239118571217639,92.04,0.35990540137290955,87.73,0.36299223909378053,87.71
1,Train,SAM,97,0.2431039825415078,91.7975,0.34850562691688536,88.38,0.3562104697704315,87.82
1,Train,SAM,98,0.24550237930335175,91.78,0.3919718544721603,86.66,0.3886318974256516,86.94
1,Train,SAM,99,0.24445749397951955,91.8625,0.36084635264873505,87.79,0.371560538482666,87.07
1,Train,SAM,100,0.24553813847204367,91.73,0.3524676149785519,88.09,0.3676740245819092,87.08
1,Train,SAM,101,0.2464411067315184,91.7525,0.3604974202156067,87.68,0.3600582926273346,88.0
1,Train,SAM,102,0.23656017318986855,92.1475,0.5252680535316467,82.61,0.5183096310615539,82.54
1,Train,SAM,103,0.2409656740986882,91.9275,0.45516831560134885,84.8,0.44111367111206057,85.13
1,Train,SAM,104,0.24266699951487228,91.8225,0.36833896255493165,87.5,0.36747818365097046,87.83
1,Train,SAM,105,0.2410898674219942,91.9075,0.3866136533737183,87.23,0.3839458131790161,87.1
1,Train,SAM,106,0.23839616106626704,92.105,0.37688507952690126,87.07,0.37614357929229736,87.37
1,Train,SAM,107,0.2416253700233496,91.9825,0.3820253597974777,87.11,0.3688170454978943,87.86
1,Train,SAM,108,0.24530846042374072,91.72,0.34642374897003175,88.17,0.3509756059169769,88.41
1,Train,SAM,109,0.24193704340118952,91.9075,0.40104033670425415,86.49,0.4101086822509766,85.74
1,Train,SAM,110,0.2364503280185282,92.0175,0.3620632986068726,87.83,0.36501369950771334,88.0
1,Train,SAM,111,0.2392520002854137,91.855,0.4303424660205841,85.42,0.4444212064743042,84.44
1,Train,SAM,112,0.24119392753885197,91.885,0.34941090455055235,88.11,0.3511480229616165,88.04
1,Train,SAM,113,0.2413269683433036,91.8775,0.3685994597196579,87.89,0.3632295216560364,87.85
1,Train,SAM,114,0.24300251660731653,91.8275,0.35493491237163544,88.28,0.36234910571575163,87.62
1,Train,SAM,115,0.24098954797267153,91.9075,0.36983350505828855,87.31,0.36811457948684695,87.43
1,Train,SAM,116,0.24013094554027428,91.94,0.34393471477031706,88.44,0.33059267926216124,88.98
1,Train,SAM,117,0.23766946906860645,91.995,0.38203452224731443,86.93,0.38116090199947356,86.84
1,Train,SAM,118,0.24139106178436034,91.8875,0.39738679163455964,86.79,0.39430373048782347,86.89
1,Train,SAM,119,0.23948775357998217,91.9475,0.42583447265625,86.05,0.4139066974401474,86.01
1,Train,SAM,120,0.2391226493274442,91.9425,0.5662703103065491,81.69,0.5480009723186493,82.3
1,Train,SAM,121,0.2419059911903482,91.9525,0.3904374063491821,86.8,0.3853879765510559,86.97
1,Train,SAM,122,0.23364979759477578,92.19,0.4352667625427246,85.71,0.43678801431655884,85.05
1,Train,SAM,123,0.23539019445070444,92.1725,0.43562555274963377,85.2,0.45400686864852907,84.95
1,Train,SAM,124,0.2386978896804892,92.0525,0.3640428618907928,87.56,0.356793912088871,88.49
1,Train,SAM,125,0.23443170270314231,92.165,0.36963777148723603,87.51,0.38144626636505125,86.72
1,Train,SAM,126,0.23905842099041222,91.9275,0.3591406942129135,88.0,0.3563576015472412,88.15
1,Train,SAM,127,0.2405563193245437,91.7425,0.3894143699645996,86.33,0.3985689336776733,86.34
1,Train,SAM,128,0.23909400182124524,91.905,0.3789308965921402,87.01,0.37671514601707456,87.08
1,Train,SAM,129,0.2400220502584506,91.8875,0.44383717970848086,85.62,0.44035152854919435,85.57
1,Train,SAM,130,0.236343613400246,92.065,0.4031331412315369,86.09,0.41347236266136167,85.28
1,Train,SAM,131,0.237868496332877,92.0125,0.3822803560256958,87.47,0.37559441688060763,87.49
1,Train,SAM,132,0.2387065818658271,92.0475,0.4219069652557373,86.12,0.4004688792228699,86.99
1,Train,SAM,133,0.23706523236184837,91.985,0.382013536798954,87.09,0.39103796467781066,86.68
1,Train,SAM,134,0.23939787098965326,91.96,0.3738874638080597,87.33,0.3856610953807831,86.65
1,Train,SAM,135,0.23709925440268015,92.0825,0.3346715013027191,88.71,0.3326519857883453,88.78
1,Train,SAM,136,0.23654451630652523,91.98,0.3637279141664505,87.82,0.3768522232055664,87.24
1,Train,SAM,137,0.23993884793485695,91.855,0.4019028519153595,86.3,0.4009032290458679,86.57
1,Train,SAM,138,0.23840488579136115,91.9525,0.36213252511024474,87.73,0.3594505656719208,87.5
1,Train,SAM,139,0.23487069179265263,91.9875,0.40040762157440185,86.61,0.40079783906936645,86.85
1,Train,SAM,140,0.2238268900079468,92.5325,0.38749892778396605,86.96,0.3879472683906555,87.0
1,Train,SAM,141,0.23786069221866016,92.0525,0.44575351152420045,85.03,0.4289671015262604,85.25
1,Train,SAM,142,0.23380158920162403,92.1975,0.33573775358200075,88.25,0.327474583530426,88.82
1,Train,SAM,143,0.23641212448810997,92.1125,0.3708471658706665,87.24,0.3660306267261505,87.88
1,Train,SAM,144,0.23678677926619593,91.9575,0.3758320383071899,87.32,0.37708430404663085,87.21
1,Train,SAM,145,0.23839475628666984,91.945,0.3750196661233902,87.27,0.3843876948356628,86.69
1,Train,SAM,146,0.23519255087588922,91.985,0.4531506892681122,84.73,0.4531784279823303,84.69
1,Train,SAM,147,0.23177296725420143,92.2775,0.34527492661476133,87.99,0.3391502198815346,88.2
1,Train,SAM,148,0.23347855271241916,92.155,0.3919470761299133,86.78,0.38931649055480955,86.89
1,Train,SAM,149,0.23995584287582494,91.885,0.4653930886268616,84.29,0.454855654668808,84.96
1,Train,SAM,150,0.22830767439196284,92.4475,0.34809113974571226,88.0,0.32893872528076173,88.62
1,Train,SAM,151,0.23300666040696275,92.2425,0.35066755061149596,87.83,0.35257613043785097,87.98
1,Train,SAM,152,0.2350920089565146,92.2075,0.37116898036003115,87.06,0.383708443069458,86.96
1,Train,SAM,153,0.24017391675196517,91.9325,0.35542101056575776,88.32,0.3660890543937683,87.85
1,Train,SAM,154,0.23469476818371884,92.1025,0.4846215473175049,84.13,0.4875007180690765,83.95
1,Train,SAM,155,0.23189544280211385,92.215,0.357181116771698,88.38,0.3537357623577118,88.34
1,Train,SAM,156,0.2354287164517866,92.045,0.33211399056911467,88.88,0.33542143297195437,88.46
1,Train,SAM,157,0.22907040289606148,92.37,0.42884071992635725,85.46,0.41297718317508697,85.87
1,Train,SAM,158,0.239773824263495,91.975,0.4237105016708374,85.59,0.4107990197181702,86.07
1,Train,SAM,159,0.23397673845005493,92.1575,0.34662549695968625,88.36,0.3466039617776871,88.42
1,Train,SAM,160,0.22982253241367614,92.4325,0.35041502060890195,88.02,0.3506495140075684,88.11
1,Train,SAM,161,0.23035329525558332,92.195,0.48206426331996916,83.85,0.48470850028991697,83.87
1,Train,SAM,162,0.23365254435962002,92.2725,0.35916667073369024,88.07,0.3677570156097412,87.7
1,Train,SAM,163,0.2306154254621591,92.355,0.3553255516052246,88.05,0.368447899723053,87.44
1,Train,SAM,164,0.23048551747212395,92.275,0.40970237021446226,86.28,0.4295018306493759,85.69
1,Train,SAM,165,0.23952850599448902,91.9875,0.4640024089813232,84.18,0.4489016529083252,84.69
1,Train,SAM,166,0.23228723386796518,92.4075,0.5707679099082946,82.34,0.5926538411140442,81.66
1,Train,SAM,167,0.23486830586918628,92.1875,0.3756577727913856,87.26,0.38399047935009,86.91
1,Train,SAM,168,0.22940057309005207,92.3375,0.411998060464859,85.88,0.41846329765319823,85.86
1,Train,SAM,169,0.23755450351550556,92.0775,0.427643071269989,85.83,0.4330540654659271,85.35
1,Train,SAM,170,0.23439096040523852,92.2275,0.39939290285110474,86.35,0.4026195659637451,86.21
1,Train,SAM,171,0.23126260022195383,92.2975,0.4261109430551529,85.92,0.41714338517189026,86.14
1,Train,SAM,172,0.23696775489245742,92.1,0.3934662123680115,86.88,0.40126166605949404,86.72
1,Train,SAM,173,0.2379481197593692,92.06,0.39214164991378786,87.01,0.38468086233139037,86.99
1,Train,SAM,174,0.23717885961928686,92.0775,0.3445708993911743,88.47,0.33697148780822755,88.56
1,Train,SAM,175,0.23086599091561838,92.1475,0.35770429011583327,87.84,0.35218128099441526,87.97
1,Train,SAM,176,0.23255866549361628,92.2775,0.35332438101768493,88.08,0.33969914650917055,88.29
1,Train,SAM,177,0.23469321232158155,92.0825,0.3472946120262146,87.89,0.35314959602355955,87.76
1,Train,SAM,178,0.23338748983586557,92.22,0.39957710065841673,86.52,0.39673885097503664,87.24
1,Train,SAM,179,0.23143109581626642,92.1525,0.4385920176744461,85.27,0.450129989528656,85.15
1,Train,SAM,180,0.23905095531822393,91.9025,0.42306567323207855,85.57,0.4130935112476349,86.41
1,Train,SAM,181,0.23277106952552978,92.1775,0.3276671238422394,88.61,0.3233106372833252,89.03
1,Train,SAM,182,0.23365283345642943,92.18,0.45662850465774535,84.2,0.4474725961685181,84.77
1,Train,SAM,183,0.22845646243887588,92.44,0.38725177419185636,86.99,0.3974345494270325,86.62
1,Train,SAM,184,0.23291187716749148,92.2625,0.37884850611686705,86.93,0.37802642378807066,87.05
1,Train,SAM,185,0.2321962542808094,92.2775,0.45221344003677366,85.21,0.44691598224639895,85.01
1,Train,SAM,186,0.2323902370973517,92.26,0.45568831033706664,84.86,0.45857365589141846,84.64
1,Train,SAM,187,0.24039757561188535,91.8775,0.3792399631500244,87.16,0.39401978743076327,86.77
1,Train,SAM,188,0.23714104170997302,91.905,0.3882364530801773,87.09,0.39721766176223755,86.85
1,Train,SAM,189,0.23303476568704215,92.1175,0.37563299324512484,87.51,0.37568220460414886,87.65
1,Train,SAM,190,0.23018924101663474,92.2275,0.34928126587867736,88.0,0.35017079966068265,88.12
1,Train,SAM,191,0.23120433468216905,92.255,0.34806417841911313,87.93,0.3510392069816589,87.82
1,Train,SAM,192,0.2328038783357166,92.1525,0.47267563927173617,83.3,0.46617328090667726,83.88
1,Train,SAM,193,0.2347455022576899,92.095,0.3501090759038925,88.23,0.3553900145053864,88.15
1,Train,SAM,194,0.22960057907020703,92.36,0.3744085023641586,87.56,0.3740300234794617,87.6
1,Train,SAM,195,0.2327017445867054,92.135,0.44897453927993775,85.47,0.45493974342346194,85.15
1,Train,SAM,196,0.23536248209948737,91.9125,0.3863965316295624,86.82,0.39392606234550476,86.55
1,Train,SAM,197,0.2271872031422088,92.3925,0.36152567207813263,87.86,0.36393273010253907,87.67
1,Train,SAM,198,0.2316258699892047,92.3,0.44960386033058164,85.1,0.4292759691238403,86.07
1,Train,SAM,199,0.22982105281882392,92.325,0.35528023047447205,88.19,0.34279459909200666,88.15
1,Train,SAM,200,0.23348522676636999,92.0425,0.3920382443666458,86.91,0.39546952247619627,86.96
1,Train,SAM,201,0.12211406322571035,96.25,0.2002237668633461,93.21,0.20907707331180572,92.87
1,Train,SAM,202,0.08058177267971892,97.6675,0.19151407512426377,93.44,0.19538368449211121,93.25
1,Train,SAM,203,0.06561417527163561,98.1275,0.18858250066041946,93.65,0.19159990448951722,93.5
1,Train,SAM,204,0.05678480265501398,98.4825,0.1811772842079401,93.85,0.18389976615905762,93.9
1,Train,SAM,205,0.04940534738924938,98.7925,0.1814494464330375,93.92,0.1814709318637848,93.87
1,Train,SAM,206,0.04378158946078235,98.89,0.17823292470425367,93.93,0.18047530722618102,93.81
1,Train,SAM,207,0.039661361222949845,99.0675,0.17640252721905708,94.15,0.18534086631536484,93.72
1,Train,SAM,208,0.037086380404619555,99.125,0.184625554600358,93.9,0.17613614436388017,94.19
1,Train,SAM,209,0.03198832606736082,99.2975,0.176542709338665,94.15,0.17769622695446013,93.95
1,Train,SAM,210,0.030698232583332652,99.3575,0.17913786247521638,93.87,0.1732256510257721,94.36
1,Train,SAM,211,0.02799900978976212,99.44,0.17738122077211738,93.96,0.17597369947433472,93.95
1,Train,SAM,212,0.02452730487871427,99.565,0.1716631578400731,94.18,0.18348396652936935,93.82
1,Train,SAM,213,0.023497299993404757,99.5725,0.18023821472898124,94.08,0.1801531168460846,93.85
1,Train,SAM,214,0.02238103137693752,99.5975,0.1760170140683651,94.29,0.17527270855903626,94.2
1,Train,SAM,215,0.019858806521985857,99.6775,0.177588282930851,94.51,0.1777040239095688,94.12
1,Train,SAM,216,0.018456298157947654,99.75,0.171195479413867,94.28,0.17457552745342256,94.18
1,Train,SAM,217,0.018699129180500682,99.73,0.17871269271299242,94.07,0.184643581533432,94.02
1,Train,SAM,218,0.017559156962893546,99.77,0.170660150270164,94.45,0.17533037524223327,94.43
1,Train,SAM,219,0.016334507081764767,99.79,0.1745623203612864,94.35,0.17839616389274598,94.14
1,Train,SAM,220,0.01581812780439711,99.7975,0.16900003304108976,94.39,0.17778932557106017,94.11
1,Train,SAM,221,0.01556614773740736,99.8125,0.17129764942787587,94.32,0.17736463944911957,94.24
1,Train,SAM,222,0.014683804181687082,99.8425,0.18385699241533876,94.2,0.18838828024864196,93.74
1,Train,SAM,223,0.014058511937780979,99.85,0.17633495072722435,94.42,0.17905073609352112,94.18
1,Train,SAM,224,0.014341713211978205,99.845,0.17480125792250037,94.4,0.1771451048374176,94.15
1,Train,SAM,225,0.01332776481732012,99.895,0.1734023237079382,94.36,0.17223789665699005,94.4
1,Train,SAM,226,0.013404748489568456,99.8675,0.16869982946664094,94.35,0.17662803201675414,94.29
1,Train,SAM,227,0.013182229216630086,99.885,0.17159076355099678,94.18,0.17346602985858917,94.41
1,Train,SAM,228,0.013243271238780536,99.85,0.18205265134572982,94.17,0.17581592659950257,94.23
1,Train,SAM,229,0.012746229477690907,99.89,0.1768695730585605,94.28,0.18023817457556723,94.08
1,Train,SAM,230,0.011508075072587774,99.9025,0.18054507757499813,93.94,0.17806208083629607,94.15
1,Train,SAM,231,0.012577073728909698,99.88,0.1777566859744489,94.4,0.19199695264101027,93.93
1,Train,SAM,232,0.01163439634300697,99.9075,0.18586049141585828,94.14,0.1848768194437027,94.0
1,Train,SAM,233,0.0118632827671215,99.905,0.17836902222037315,94.24,0.17585998380184173,94.15
1,Train,SAM,234,0.012167378859862257,99.905,0.17377111756056546,94.43,0.1762257819414139,94.21
1,Train,SAM,235,0.012576431404953948,99.88,0.17278804835528136,94.6,0.17680346298217772,93.98
1,Train,SAM,236,0.01181965321302414,99.8925,0.16975727808773516,94.64,0.174066613304615,94.24
1,Train,SAM,237,0.011954725398637426,99.8975,0.17935566297061742,94.33,0.18862659368515014,94.05
1,Train,SAM,238,0.012166100690296045,99.9025,0.1694871978327632,94.41,0.1726717843055725,94.17
1,Train,SAM,239,0.011077490355521916,99.9575,0.17285683870986104,94.51,0.17646977167129516,94.32
1,Train,SAM,240,0.012572196298859086,99.905,0.17340615688860417,94.35,0.18072365231513976,94.12
1,Train,SAM,241,0.012423853343055128,99.905,0.17287114223837852,94.33,0.1785975076198578,94.15
1,Train,SAM,242,0.011820095356184834,99.9525,0.17642376702949406,94.38,0.18433439230918885,94.02
1,Train,SAM,243,0.011953396148408374,99.9375,0.17498307681903244,94.52,0.1800887224674225,93.97
1,Train,SAM,244,0.0121951993664923,99.9025,0.17431789558306338,94.1,0.17993282902240754,94.21
1,Train,SAM,245,0.011973971594720127,99.925,0.17397958314195275,94.34,0.17887338325977326,93.84
1,Train,SAM,246,0.012896408686955897,99.92,0.17568402721583842,94.28,0.1807858769416809,94.15
1,Train,SAM,247,0.0124722565687931,99.92,0.17164032954126596,94.48,0.17768285521268845,94.3
1,Train,SAM,248,0.012622082580666476,99.93,0.18360752366483213,93.92,0.17934078574180604,94.13
1,Train,SAM,249,0.012652260630715865,99.9225,0.17788436688520015,94.27,0.18061604228019715,94.15
1,Train,SAM,250,0.012964729337206188,99.935,0.172118644502759,94.4,0.17748954000473022,94.11
1,Train,SAM,251,0.012609781273387776,99.9175,0.1814209414422512,94.04,0.17851820666790008,94.04
1,Train,SAM,252,0.012093438240238272,99.9225,0.17818515517786146,93.94,0.18978310751914979,93.69
1,Train,SAM,253,0.012774825753709569,99.915,0.17465908066630365,94.35,0.17785190037488938,93.9
1,Train,SAM,254,0.01253386399896143,99.9075,0.17699732215106487,94.24,0.18115615215301514,94.21
1,Train,SAM,255,0.012985754160049814,99.91,0.1787777598530054,94.33,0.17550700569152833,94.32
1,Train,SAM,256,0.01394085800751282,99.8825,0.175831541672349,94.27,0.1752034371137619,94.17
1,Train,SAM,257,0.01256950431095716,99.92,0.17290411720126866,94.49,0.17768093614578248,94.14
1,Train,SAM,258,0.013513631171014267,99.93,0.17851843427717687,94.09,0.18163522639274599,94.1
1,Train,SAM,259,0.012819716628021992,99.9225,0.17678015461862087,94.17,0.17894842948913575,94.03
1,Train,SAM,260,0.013074964051322338,99.91,0.1806047270320356,94.23,0.1912612841129303,93.87
1,Train,SAM,261,0.013897176012218284,99.895,0.17815859649181365,93.94,0.17756820330619813,94.1
1,Train,SAM,262,0.013312795440467021,99.91,0.18541361088380218,94.07,0.1816574872493744,93.93
1,Train,SAM,263,0.013497246354937363,99.92,0.1822988352060318,93.89,0.1871065898180008,93.87
1,Train,SAM,264,0.013622387476003589,99.9025,0.18022344456538558,94.21,0.19187554426193237,93.88
1,Train,SAM,265,0.01438433867388259,99.8975,0.18115213214606046,93.93,0.17910325162410737,94.02
1,Train,SAM,266,0.014411885883456793,99.905,0.17700576527118683,94.22,0.18494465212821962,93.9
1,Train,SAM,267,0.013161766909646055,99.94,0.18040999635756017,94.09,0.17812746584415437,94.24
1,Train,SAM,268,0.013959487032787963,99.895,0.17293730689287184,94.25,0.17879014444351196,94.34
1,Train,SAM,269,0.013754361114217736,99.91,0.1824757342249155,93.95,0.17840804572105406,94.08
1,Train,SAM,270,0.013354217251256918,99.9225,0.1771005957096815,94.11,0.18674704978466034,93.77
1,Train,SAM,271,0.013576473259685425,99.9025,0.1813336396664381,94.0,0.17800635232925416,94.21
1,Train,SAM,272,0.013108575483040211,99.925,0.18295190901681782,94.12,0.18357794189453125,93.95
1,Train,SAM,273,0.01320717402826102,99.9575,0.1776271030269563,94.17,0.17668117876052855,94.23
1,Train,SAM,274,0.014153056209698653,99.9,0.1858613861322403,93.93,0.1833408272385597,93.79
1,Train,SAM,275,0.014549719196515152,99.8775,0.17907213334590197,94.09,0.18657083072662353,93.95
1,Train,SAM,276,0.01353296719360561,99.9225,0.18315442308038474,93.8,0.1822227678477764,93.99
1,Train_Extra,SAM,1,0.36813301518232155,87.5675,0.45989116621017456,84.62,0.46960340690612795,84.51
1,Train_Extra,SAM,2,0.29439387596643773,90.085,0.3498249662399292,87.98,0.35261414947509767,88.0
1,Train_Extra,SAM,3,0.26328773258593136,91.1625,0.4066950991630554,86.38,0.4126526141643524,86.21
1,Train_Extra,SAM,4,0.2484929830121537,91.7,0.33287091584205625,88.93,0.3390765969276428,88.53
1,Train_Extra,SAM,5,0.24527974131579597,91.6775,0.474319135761261,84.38,0.45403656730651853,84.82
1,Train_Extra,SAM,6,0.24088722493606635,91.97,0.37489795000553133,86.84,0.3731069691181183,87.92
1,Train_Extra,SAM,7,0.23601472644379345,91.94,0.3497269238591194,88.25,0.36154768862724307,87.85
1,Train_Extra,SAM,8,0.23639098488199065,92.1175,0.4067775840997696,86.4,0.40746320106983186,85.95
1,Train_Extra,SAM,9,0.23513422632655398,92.06,0.41753932346105577,86.21,0.42097133712768553,85.78
1,Train_Extra,SAM,10,0.23693825090274262,91.935,0.4100235343933106,86.2,0.42191998357772825,85.85
1,Train_Extra,SAM,11,0.23188836817828992,92.3075,0.3871290706396103,87.07,0.3754811259269714,87.46
1,Train_Extra,SAM,12,0.2394491294607187,91.98,0.3589719180583954,87.68,0.3487672564983368,88.25
1,Train_Extra,SAM,13,0.22902327730728034,92.3525,0.4049741488456726,86.33,0.38124338140487674,86.86
1,Train_Extra,SAM,14,0.23242256583306736,92.3125,0.34897096195220945,87.93,0.3442446907043457,88.13
1,Train_Extra,SAM,15,0.23961360712116136,91.905,0.4010655077219009,86.35,0.4024579442024231,86.22
1,Train_Extra,SAM,16,0.2283038867119783,92.4125,0.3770607509851456,86.89,0.37271297941207887,87.4
1,Train_Extra,SAM,17,0.2350797562743909,92.17,0.3736201499938965,87.29,0.3657044413566589,87.1
1,Train_Extra,SAM,18,0.22809887651246957,92.495,0.4375218627691269,85.98,0.4470265862226486,85.64
1,Train_Extra,SAM,19,0.22986960582458935,92.2825,0.36326135151386263,87.83,0.36720110278129575,87.69
1,Train_Extra,SAM,20,0.22919616467370013,92.41,0.3392208598136902,88.66,0.33317317161560056,89.1
1,Train_Extra,SAM,21,0.22770796554347578,92.4075,0.3983150385379791,86.56,0.39571190700531006,87.01
1,Train_Extra,SAM,22,0.22975947443669598,92.2475,0.4001345052242279,86.38,0.4137904162406921,86.16
1,Train_Extra,SAM,23,0.2306922166444623,92.24,0.429399974668026,85.78,0.4164410342693329,86.15
1,Train_Extra,SAM,24,0.23514403317111748,92.12,0.38178913494348526,87.48,0.3895626700401306,87.31
1,Train_Extra,SAM,25,0.23034934066355037,92.2925,0.3796830389499664,87.16,0.37125822286605836,87.98
1,Train_Extra,SAM,26,0.1185531212975042,96.39,0.19742809277772905,93.31,0.2007754425048828,93.03
1,Train_Extra,SAM,27,0.07987868274077059,97.7,0.19179733447283506,93.5,0.1901418632030487,93.62
1,Train_Extra,SAM,28,0.06371031414729338,98.17,0.18225480453670026,93.64,0.18470570089817048,93.64
1,Train_Extra,SAM,29,0.05366596168341538,98.525,0.18614641299843787,93.75,0.1819361496925354,93.77
1,Train_Extra,SAM,30,0.047615103941327466,98.795,0.1794623283803463,93.77,0.17793245701789856,94.07
1,Train_Extra,SAM,31,0.042100942262207355,98.91,0.18199486633501946,93.82,0.1888396345973015,93.65
1,Train_Extra,SAM,32,0.039960863961341284,99.015,0.18832090665996074,93.85,0.18136888954639435,94.05
1,Train_Extra,SAM,33,0.034310413829494305,99.2375,0.17898693810552357,93.91,0.17461194589138032,94.13
1,Train_Extra,SAM,34,0.030922430327917916,99.3275,0.17456955059170723,94.39,0.17500142374038696,94.16
1,Train_Extra,SAM,35,0.028866722632330446,99.4,0.18109417862296104,94.09,0.1819935450553894,94.21
1,Train_Extra,SAM,36,0.024455630407927517,99.5725,0.1755284518763423,94.19,0.17836427466869353,94.32
1,Train_Extra,SAM,37,0.023489686850898753,99.585,0.17182618664950133,94.32,0.17603625617027283,94.03
1,Train_Extra,SAM,38,0.019983486071550333,99.685,0.17232674963101743,94.42,0.1739825044631958,94.31
1,Train_Extra,SAM,39,0.01898711481200049,99.7175,0.17128362991064786,94.38,0.17342078402042388,94.17
1,Train_Extra,SAM,40,0.01795112759101029,99.7325,0.16646209661886097,94.66,0.17098053856492043,94.46
1,Train_Extra,SAM,41,0.017227845201001,99.775,0.16534298677928747,94.64,0.17370517761707305,94.23
1,Train_Extra,SAM,42,0.01630178939985534,99.775,0.16732014374285936,94.45,0.17043004550933838,94.3
1,Train_Extra,SAM,43,0.01584812539805191,99.815,0.17046682728603482,94.31,0.17933599517345428,94.04
1,Train_Extra,SAM,44,0.014973188993690637,99.8425,0.1690153239844367,94.63,0.1673807936668396,94.49
1,Train_Extra,SAM,45,0.015577756451627317,99.7775,0.1679207144550979,94.59,0.17141759685873986,94.36
1,Train_Extra,SAM,46,0.015093616464327032,99.7875,0.16091928592771293,94.86,0.1679064438343048,94.66
1,Train_Extra,SAM,47,0.0145717867614386,99.8475,0.16318133303448557,94.65,0.1696751275062561,94.24
1,Train_Extra,SAM,48,0.014644734083880156,99.8225,0.16357530326843261,94.68,0.17045000848770142,94.48
1,Train_Extra,SAM,49,0.013981382846058652,99.8425,0.17107738802433015,94.39,0.17747886528968812,94.37
1,Train_Extra,SAM,50,0.01384641833755131,99.8575,0.16322007455453277,94.58,0.1744760131597519,94.46
2,Train,SAM,1,1.7632526623936127,34.1775,1.5321125282287598,42.91,1.5004495725631715,43.81
2,Train,SAM,2,1.3374317705440826,50.72,1.2739810892105103,54.0,1.2434537942886352,54.78
2,Train,SAM,3,1.065747908319528,61.4275,1.0977421405792236,61.04,1.081866517829895,62.02
2,Train,SAM,4,0.8874878334922912,68.5325,1.0062909559249877,65.07,1.0031390172958374,65.14
2,Train,SAM,5,0.7556379908761277,73.335,0.9536528955459594,67.9,0.9548445241928101,68.35
2,Train,SAM,6,0.6538462101841886,77.175,0.7023709566116333,75.56,0.688258398771286,75.41
2,Train,SAM,7,0.5881290831885779,79.8225,0.6542522972106933,77.13,0.6330074417114258,78.08
2,Train,SAM,8,0.5438969702766345,81.25,0.6280457729339599,78.52,0.6176251359939575,79.27
2,Train,SAM,9,0.513823577199881,82.225,0.6687843676567078,77.58,0.6457732857704163,78.41
2,Train,SAM,10,0.49265297761740395,83.1275,0.6081260425567627,79.16,0.5952564190864563,79.88
2,Train,SAM,11,0.4661923359377316,84.0,0.5341387826919556,82.05,0.5284268400192261,82.19
2,Train,SAM,12,0.4441073900594498,84.965,0.7919722566604614,73.26,0.762310336780548,73.88
2,Train,SAM,13,0.4316064166946533,85.315,0.5738746446609497,80.06,0.5567745329856872,80.25
2,Train,SAM,14,0.41974913778777323,85.9375,0.5546616004943847,80.85,0.550350838804245,80.91
2,Train,SAM,15,0.406357701118,86.1675,0.5243968434333801,82.18,0.5188110696792603,82.24
2,Train,SAM,16,0.3921915844035225,86.7725,0.5436619306564331,81.54,0.547073296546936,81.6
2,Train,SAM,17,0.38398418911158466,87.035,0.5212116765975953,82.05,0.5035060799598694,82.87
2,Train,SAM,18,0.3791934176089284,87.065,0.524350732421875,82.15,0.5195314652442932,82.26
2,Train,SAM,19,0.37049332518166245,87.515,0.5369669242858887,81.47,0.5208141745567322,81.92
2,Train,SAM,20,0.3576839076825224,87.7175,0.48349753007888796,83.55,0.48035170307159425,83.85
2,Train,SAM,21,0.35561022071983106,88.0725,0.49828328227996826,83.14,0.47717367734909055,84.15
2,Train,SAM,22,0.35070367481190556,88.1425,0.4803705446243286,83.57,0.47285458483695986,83.83
2,Train,SAM,23,0.3448280649729811,88.3025,0.6014063392639161,80.25,0.5757377807617188,80.91
2,Train,SAM,24,0.3398057547525857,88.6125,0.5609688669204712,81.01,0.5344831794977188,81.83
2,Train,SAM,25,0.33646787303133896,88.48,0.4505273090362549,85.13,0.43460380859375,85.56
2,Train,SAM,26,0.32730846692578863,88.8875,0.4592778610229492,84.5,0.46209003047943115,84.32
2,Train,SAM,27,0.3201310068083266,89.1125,0.476025089263916,83.65,0.4663038356781006,83.73
2,Train,SAM,28,0.3127035624302995,89.585,0.458840381526947,84.02,0.44094496836662295,84.97
2,Train,SAM,29,0.3145983940877092,89.475,0.4207252503395081,85.81,0.40855510659217836,85.96
2,Train,SAM,30,0.3086765557051467,89.55,0.52112665309906,82.17,0.4982854094982147,83.22
2,Train,SAM,31,0.3095283215038312,89.4425,0.4516397968292236,84.61,0.4384456495285034,84.93
2,Train,SAM,32,0.30851890108646296,89.3525,0.42495007400512697,86.06,0.4077238483428955,86.19
2,Train,SAM,33,0.3035748592866495,89.855,0.5433484169960022,81.35,0.5156156375885009,81.99
2,Train,SAM,34,0.30171325079168376,89.81,0.47459337158203124,84.25,0.46758340044021607,84.56
2,Train,SAM,35,0.2981299054317962,89.9675,0.4969739610671997,83.05,0.4776104245424271,83.96
2,Train,SAM,36,0.29458462592131035,90.0625,0.4843410487174988,83.92,0.4658372542142868,84.55
2,Train,SAM,37,0.2950812848136067,89.9675,0.3979111639022827,86.53,0.4087020698070526,86.0
2,Train,SAM,38,0.2907666625401463,90.2375,0.4225106088638306,85.83,0.41362384495735166,85.76
2,Train,SAM,39,0.29121406623921076,90.2375,0.45787614097595214,84.55,0.4356543032884598,85.0
2,Train,SAM,40,0.2833995028806571,90.4025,0.39940825805664065,86.74,0.391816659450531,86.98
2,Train,SAM,41,0.2775376227717049,90.6025,0.44211960334777833,85.16,0.43240504260063173,85.22
2,Train,SAM,42,0.28126078820266665,90.4525,0.41837900428771974,85.66,0.4115178274869919,86.01
2,Train,SAM,43,0.28642405688572237,90.37,0.3981233196258545,86.59,0.37279170207977297,87.63
2,Train,SAM,44,0.2772268327756431,90.6225,0.44416758880615237,84.52,0.41844003624916076,85.52
2,Train,SAM,45,0.2758505303210344,90.69,0.42015900745391843,85.77,0.4163740800857544,86.12
2,Train,SAM,46,0.2808530463006931,90.5,0.4425491302490234,84.95,0.4479667312145233,84.3
2,Train,SAM,47,0.2760481779662946,90.6875,0.4306981977462769,85.49,0.4262361035346985,85.84
2,Train,SAM,48,0.27873384528838024,90.515,0.49509865474700926,83.8,0.47842037591934206,84.05
2,Train,SAM,49,0.27728018578820335,90.6825,0.4402203764915466,84.87,0.4224126661300659,85.45
2,Train,SAM,50,0.2716865843048873,90.91,0.411346199798584,85.9,0.391879739689827,86.51
2,Train,SAM,51,0.2666112883641316,91.0075,0.4861280179977417,83.33,0.48648751358985903,83.3
2,Train,SAM,52,0.2741697323493683,90.84,0.39250096950531005,86.59,0.38679637441635134,86.57
2,Train,SAM,53,0.2676487794032874,90.975,0.4623118000984192,84.45,0.45439547696113586,84.73
2,Train,SAM,54,0.2740882280916452,90.8625,0.4281005643844604,85.15,0.41917457942962644,86.17
2,Train,SAM,55,0.2656937405086173,91.255,0.412905656337738,86.37,0.39435249223709107,86.67
2,Train,SAM,56,0.2649837291469208,91.205,0.48505801620483396,84.13,0.45930437269210816,84.5
2,Train,SAM,57,0.26572430940767444,91.04,0.41614784717559816,86.02,0.4043463653564453,86.57
2,Train,SAM,58,0.26297165850956983,91.3125,0.4570567366600037,84.14,0.45626655311584474,84.61
2,Train,SAM,59,0.2631127340391802,91.1925,0.48566684551239014,84.22,0.47569652338027957,84.19
2,Train,SAM,60,0.26399177624680364,91.055,0.5432740049362182,81.76,0.5285379386425019,82.42
2,Train,SAM,61,0.2665942021356985,91.0175,0.4763552997589111,84.28,0.46322133710384367,84.44
2,Train,SAM,62,0.2530749423292498,91.5125,0.3840017581939697,87.15,0.36796757655143736,87.19
2,Train,SAM,63,0.2642817777185775,91.0775,0.4468254115104675,84.72,0.44263550148010256,85.09
2,Train,SAM,64,0.2577942102290571,91.3975,0.42580294876098634,85.6,0.4196453205108643,85.49
2,Train,SAM,65,0.2651051969859547,91.1425,0.45635439567565916,84.54,0.42950310430526734,85.11
2,Train,SAM,66,0.2588182954123607,91.3175,0.46549522047042846,84.07,0.4464235313415527,84.72
2,Train,SAM,67,0.2590333954832805,91.28,0.40648099994659426,86.53,0.38686721720695494,86.92
2,Train,SAM,68,0.26218519890651154,91.0575,0.42479053392410276,86.09,0.411078697681427,86.18
2,Train,SAM,69,0.2556959959312369,91.455,0.38776031532287597,86.98,0.371163748216629,87.55
2,Train,SAM,70,0.25215698697696476,91.5925,0.41407165756225583,85.95,0.4104066600799561,86.17
2,Train,SAM,71,0.2554306991564961,91.44,0.4918239147186279,84.15,0.4945045543670654,84.26
2,Train,SAM,72,0.25490023943182,91.475,0.3692366639137268,87.51,0.3549988878726959,87.78
2,Train,SAM,73,0.2522565590354581,91.61,0.39717873182296753,86.97,0.37291541299819947,87.76
2,Train,SAM,74,0.2510082450823281,91.4875,0.37860074558258056,87.24,0.36242621841430667,87.7
2,Train,SAM,75,0.25084944693044353,91.5925,0.42483786821365355,85.29,0.40643259181976316,85.96
2,Train,SAM,76,0.2541234404229508,91.51,0.39150106496810916,86.88,0.3881235589504242,86.77
2,Train,SAM,77,0.2533062149922307,91.4825,0.3988706702232361,86.34,0.38643911166191103,86.67
2,Train,SAM,78,0.25259015806757223,91.58,0.4121588481903076,85.89,0.40925657024383544,85.95
2,Train,SAM,79,0.25327510629503874,91.5175,0.4517660545349121,85.07,0.43172934103012084,85.82
2,Train,SAM,80,0.24804005836145565,91.7375,0.46217467403411866,84.53,0.45390383820533753,84.94
2,Train,SAM,81,0.2510724453785168,91.5875,0.402835612487793,86.38,0.37389218273162844,87.31
2,Train,SAM,82,0.2469199432637364,91.73,0.3908526624679565,86.61,0.38725970859527586,86.91
2,Train,SAM,83,0.2474606904311302,91.7025,0.43741852264404296,85.62,0.41703412919044497,85.75
2,Train,SAM,84,0.2458436818787465,91.715,0.50571714553833,82.81,0.48333197717666626,83.8
2,Train,SAM,85,0.2530405467596298,91.4225,0.39178606166839597,86.25,0.3735281303405762,87.33
2,Train,SAM,86,0.2482094975134816,91.755,0.43941889715194704,85.24,0.42857386054992674,85.86
2,Train,SAM,87,0.2462841378995024,91.675,0.4081870782852173,86.98,0.3854120834350586,87.33
2,Train,SAM,88,0.24077878625819477,91.9075,0.4027109783172607,86.49,0.3908057924747467,86.93
2,Train,SAM,89,0.2460782980909363,91.7,0.403296849155426,86.25,0.3936442767620087,86.29
2,Train,SAM,90,0.24783871272882332,91.81,0.37966396169662475,86.72,0.3566076347351074,87.6
2,Train,SAM,91,0.2453725924269079,91.895,0.4241395839691162,86.27,0.43453908677101133,86.03
2,Train,SAM,92,0.2508263286119833,91.55,0.39562330312728883,86.3,0.3797427663326263,87.01
2,Train,SAM,93,0.2414920895149152,91.905,0.4044256586074829,86.41,0.3856618799686432,86.8
2,Train,SAM,94,0.2422902921613413,91.8025,0.39230555124282834,86.61,0.3754391501903534,87.09
2,Train,SAM,95,0.24599912398444196,91.6975,0.3646982446670532,87.66,0.35433609957695006,88.21
2,Train,SAM,96,0.24875860587476542,91.655,0.3889092622756958,86.95,0.38943099899291994,86.9
2,Train,SAM,97,0.24612192835765906,91.7325,0.36407041568756104,87.67,0.34933726501464846,88.56
2,Train,SAM,98,0.2426552610656324,92.0875,0.4081720455169678,86.54,0.39358756017684937,86.36
2,Train,SAM,99,0.2467484115221249,91.7525,0.44667532229423523,84.73,0.4181947910308838,86.01
2,Train,SAM,100,0.2447650139800276,91.7475,0.4074383490562439,86.06,0.39404643898010255,86.63
2,Train,SAM,101,0.24098099368258405,91.96,0.5145766282081604,82.8,0.483634500002861,83.44
2,Train,SAM,102,0.2406710544809366,91.92,0.3547413438796997,87.77,0.3376332883834839,88.59
2,Train,SAM,103,0.24520997286509402,91.8725,0.40942972145080564,86.02,0.3832592209815979,86.85
2,Train,SAM,104,0.24094068132840787,91.97,0.3653733842849731,87.89,0.3452982888698578,88.54
2,Train,SAM,105,0.2392608996111745,91.9175,0.36152487506866454,87.7,0.34247848567962647,88.45
2,Train,SAM,106,0.23669988259720726,92.125,0.3641264579296112,87.57,0.3350477961063385,88.73
2,Train,SAM,107,0.2445231222877868,91.8425,0.46192170867919924,84.48,0.45429147520065305,85.04
2,Train,SAM,108,0.2392870088259633,92.015,0.38615421891212465,87.08,0.3643674023628235,87.68
2,Train,SAM,109,0.24140335419497932,92.02,0.3949668645858765,86.57,0.38693552327156067,86.95
2,Train,SAM,110,0.2337439342523916,92.2475,0.4355275936126709,85.15,0.42757207765579225,85.54
2,Train,SAM,111,0.24163473199922056,91.99,0.46176070728302004,84.44,0.45304758358001707,84.62
2,Train,SAM,112,0.24169212755875086,91.8925,0.40028019552230837,86.62,0.38197941126823426,87.21
2,Train,SAM,113,0.2352891326331483,92.1525,0.37897868394851686,87.43,0.36660391025543215,87.6
2,Train,SAM,114,0.24117043440619979,91.94,0.387751416015625,86.41,0.36627375669479373,87.38
2,Train,SAM,115,0.2445740889008053,91.9175,0.3605648982048035,88.06,0.3418682243347168,88.41
2,Train,SAM,116,0.2366776753919193,92.0575,0.4124055633544922,86.02,0.4085128005504608,86.42
2,Train,SAM,117,0.23877211919607827,91.9275,0.38629003829956055,86.65,0.38410704116821287,86.44
2,Train,SAM,118,0.2400806391962801,91.9525,0.42205610885620115,85.85,0.39481288945674897,86.85
2,Train,SAM,119,0.23538392808395453,92.1325,0.37279863376617434,87.22,0.3495812801837921,88.22
2,Train,SAM,120,0.23510729159695654,92.1,0.38429492111206054,86.66,0.37279751896858215,87.26
2,Train,SAM,121,0.2380378333429178,92.01,0.5084970752716065,83.22,0.5035101396083832,83.87
2,Train,SAM,122,0.23330504792376447,92.14,0.39624462270736693,86.65,0.37588865489959716,87.55
2,Train,SAM,123,0.23606690507346448,92.1925,0.38134970893859865,86.78,0.36577381930351255,87.54
2,Train,SAM,124,0.23671503662586973,92.0925,0.4367948452949524,85.41,0.4160827652931213,85.97
2,Train,SAM,125,0.23483635389957183,92.2025,0.44851519651412963,85.1,0.41039562292098997,86.25
2,Train,SAM,126,0.23736168022829884,92.1275,0.4386492610931397,85.0,0.4005282170772552,86.18
2,Train,SAM,127,0.23831409301620704,91.9875,0.3861212730407715,86.74,0.3785689860343933,87.12
2,Train,SAM,128,0.23594280748892896,92.155,0.3310679668426514,88.72,0.3256875833272934,89.03
2,Train,SAM,129,0.239913823719794,91.9,0.38784343490600587,86.82,0.36969375648498537,87.2
2,Train,SAM,130,0.2344546159997154,92.1525,0.39035470695495605,86.67,0.3779004645586014,87.4
2,Train,SAM,131,0.23449884290798023,92.1075,0.38073360042572024,87.06,0.3567531919002533,87.81
2,Train,SAM,132,0.2415930278623066,91.9875,0.383035085105896,87.09,0.3539171753406525,88.03
2,Train,SAM,133,0.23018597690061257,92.3775,0.4891183554649353,83.7,0.45753292479515073,84.71
2,Train,SAM,134,0.23697054733673986,92.115,0.40697695932388306,86.43,0.3812732739448547,87.18
2,Train,SAM,135,0.23825910442267745,92.035,0.3314521315574646,88.61,0.32050517311096194,89.19
2,Train,SAM,136,0.23093301310135533,92.2525,0.4053760757446289,86.32,0.3799368844985962,86.98
2,Train,SAM,137,0.2334221665994428,92.2225,0.3780184607505798,87.31,0.3519651406288147,87.96
2,Train,SAM,138,0.2361368810930572,92.13,0.40504785079956057,86.7,0.3893403786659241,86.73
2,Train,SAM,139,0.23525665967037884,92.105,0.3948354808807373,86.88,0.37616182050704955,87.42
2,Train,SAM,140,0.230684035478499,92.3825,0.37655259437561034,86.92,0.36492845911979677,87.44
2,Train,SAM,141,0.2350785016251829,92.165,0.4094100884437561,85.9,0.4029652966976166,86.01
2,Train,SAM,142,0.23790651643142913,91.9875,0.4192243663787842,85.76,0.41856029410362244,86.15
2,Train,SAM,143,0.23656534303586704,92.0075,0.4727315435409546,84.19,0.4439716692686081,84.89
2,Train,SAM,144,0.24041667766273975,91.8575,0.34027847509384157,88.4,0.33153610644340514,89.07
2,Train,SAM,145,0.22950852543306047,92.4075,0.3770512474060059,87.39,0.36595454478263856,87.52
2,Train,SAM,146,0.23142195642946628,92.2325,0.3379136515617371,88.51,0.3283817524909973,88.93
2,Train,SAM,147,0.23190765699353844,92.2775,0.3503303956031799,87.98,0.3412835455417633,88.46
2,Train,SAM,148,0.23692503730995587,92.0075,0.36203651142120363,87.6,0.3497363139152527,87.96
2,Train,SAM,149,0.23012218831446224,92.2575,0.4196178943157196,86.14,0.414910235118866,86.22
2,Train,SAM,150,0.23624622826568617,91.9875,0.3769082787513733,87.11,0.3622636748313904,87.18
2,Train,SAM,151,0.23185700812516882,92.295,0.393255655670166,86.62,0.3858436414241791,86.55
2,Train,SAM,152,0.23635093165567508,91.99,0.37969981060028074,86.82,0.36615792870521546,87.7
2,Train,SAM,153,0.23153268652982986,92.2675,0.4483502107620239,84.93,0.4479531090259552,84.5
2,Train,SAM,154,0.23160215790945882,92.2425,0.44294179286956786,85.12,0.4226604681015015,85.71
2,Train,SAM,155,0.23178902508827826,92.1875,0.40054753894805906,86.72,0.3735084188461304,87.42
2,Train,SAM,156,0.23796089641011942,92.06,0.39816878452301024,86.25,0.37836246664822104,87.04
2,Train,SAM,157,0.23012369456953896,92.205,0.40120149459838866,86.65,0.38096151721477506,86.9
2,Train,SAM,158,0.23798086498968138,92.06,0.3927200626373291,86.68,0.3774718789100647,87.52
2,Train,SAM,159,0.23269025657694942,92.245,0.3532917748451233,88.04,0.3493176033973694,88.32
2,Train,SAM,160,0.23117779730893553,92.2925,0.36952591972351073,87.47,0.36736065360307696,87.71
2,Train,SAM,161,0.23225966345863983,92.305,0.39194264345169066,86.87,0.3860371186256409,87.38
2,Train,SAM,162,0.2345945003409736,92.12,0.398095486831665,86.67,0.3849383592605591,87.46
2,Train,SAM,163,0.2330189191590483,92.3,0.3821475824356079,87.03,0.3578395848751068,87.87
2,Train,SAM,164,0.23244465216280172,92.24,0.3301875249862671,88.91,0.31889979767799376,89.07
2,Train,SAM,165,0.23188684909298016,92.1575,0.38595348138809205,86.92,0.3537845638990402,87.97
2,Train,SAM,166,0.23121214369996287,92.3525,0.3815762169837952,86.87,0.3586026560306549,87.31
2,Train,SAM,167,0.23291319246871023,92.2175,0.3785513042449951,87.19,0.37961386218070986,87.06
2,Train,SAM,168,0.23228208515971613,92.2875,0.361234077835083,87.74,0.33722213106155396,88.64
2,Train,SAM,169,0.23561206731362083,92.1675,0.3624765594482422,87.73,0.3497888028860092,88.16
2,Train,SAM,170,0.2310044750237998,92.3925,0.3757432403564453,87.2,0.3668309924125671,87.51
2,Train,SAM,171,0.23029984764683362,92.3225,0.40351236934661866,86.17,0.38013558712005613,86.66
2,Train,SAM,172,0.22811634776691278,92.345,0.37098850784301757,87.3,0.3555490134716034,87.93
2,Train,SAM,173,0.23415907410482248,92.1425,0.3606621134757996,87.99,0.3476469770908356,88.04
2,Train,SAM,174,0.23360452272545415,92.07,0.4065098906517029,86.41,0.3916285807609558,87.11
2,Train,SAM,175,0.2334859249071953,92.2375,0.34621334390640257,88.29,0.3266652472794056,89.03
2,Train,SAM,176,0.2313262820481873,92.12,0.3703702082633972,87.55,0.33499602172374726,88.53
2,Train,SAM,177,0.2327178276289766,92.155,0.3793303098678589,87.2,0.3613390662193298,87.98
2,Train,SAM,178,0.2285284227408921,92.47,0.3836083882331848,87.07,0.3775929862976074,87.55
2,Train,SAM,179,0.2310581211322032,92.195,0.35861558446884156,87.87,0.34220327410697937,88.46
2,Train,SAM,180,0.23292696899689805,92.3275,0.3891316032886505,86.51,0.36664915742874143,87.54
2,Train,SAM,181,0.23320947730312713,92.1375,0.4337316487312317,85.78,0.42431464219093323,85.68
2,Train,SAM,182,0.23496092325106216,92.13,0.4334763352394104,85.35,0.4165586256980896,85.65
2,Train,SAM,183,0.22980054003742936,92.305,0.3849262289047241,87.0,0.3758782748222351,87.53
2,Train,SAM,184,0.22783388328342774,92.3775,0.47856328506469725,83.65,0.46117822341918946,84.45
2,Train,SAM,185,0.23433004060206702,92.1475,0.3538744125366211,88.11,0.34746757287979124,88.33
2,Train,SAM,186,0.22864807273347537,92.2475,0.3884600076675415,86.63,0.38027059898376464,86.81
2,Train,SAM,187,0.229250144844238,92.395,0.3600785656929016,87.49,0.34441996641159056,88.53
2,Train,SAM,188,0.22358897885385032,92.635,0.34982751054763794,88.06,0.3324680600643158,88.36
2,Train,SAM,189,0.22821803152942047,92.4525,0.37082749538421633,87.11,0.3737014326572418,87.52
2,Train,SAM,190,0.23534331834925631,92.145,0.33998014936447146,88.35,0.3437591012001038,88.18
2,Train,SAM,191,0.2292918396976809,92.255,0.4217948884963989,85.89,0.39578615045547483,86.69
2,Train,SAM,192,0.23101086112352226,92.1025,0.3773949676513672,87.12,0.3534098608493805,88.13
2,Train,SAM,193,0.23057960809324496,92.18,0.3607866590499878,87.85,0.3633294340133667,87.6
2,Train,SAM,194,0.23515107746893604,92.1875,0.3455976942062378,88.38,0.3378737727999687,88.72
2,Train,SAM,195,0.22596040810830295,92.525,0.4668700325012207,84.28,0.4513006175994873,85.04
2,Train,SAM,196,0.2264059543752442,92.425,0.39896475658416747,86.14,0.3725664216995239,87.62
2,Train,SAM,197,0.23122129006126818,92.23,0.3650807594299316,87.87,0.341932328748703,88.47
2,Train,SAM,198,0.23183333135831852,92.21,0.5568326205253601,83.12,0.537842303609848,83.37
2,Train,SAM,199,0.23053551115357457,92.2975,0.38716310052871705,86.67,0.3688557685613632,87.47
2,Train,SAM,200,0.22673919211370877,92.35,0.4325688794136047,85.41,0.40482569007873537,86.21
2,Train,SAM,201,0.11654786609660703,96.6025,0.2088589766025543,93.04,0.2015931479692459,93.33
2,Train,SAM,202,0.07676812057820753,97.8275,0.20467243518829345,93.17,0.1852835611343384,93.56
2,Train,SAM,203,0.06431773619149059,98.1375,0.19978493247032167,93.31,0.1828716537952423,93.87
2,Train,SAM,204,0.05519745001396813,98.53,0.19857526679039,93.23,0.1852324245452881,93.83
2,Train,SAM,205,0.048745327090588625,98.7425,0.19093211808204652,93.75,0.17951670513153076,93.94
2,Train,SAM,206,0.04306142473706422,98.8825,0.19715979595184327,93.39,0.17717577905654908,94.02
2,Train,SAM,207,0.038506639511369095,99.04,0.20116535077095032,93.53,0.17604777188301085,94.22
2,Train,SAM,208,0.03511697954286973,99.1425,0.18834625339508057,93.78,0.17645369272232056,94.1
2,Train,SAM,209,0.031005658307514443,99.37,0.19442583782672881,93.47,0.17819634232521056,94.15
2,Train,SAM,210,0.027929521847171145,99.4225,0.18326775636672973,93.91,0.1733283718585968,94.33
2,Train,SAM,211,0.025727889448487626,99.5025,0.18763312089443207,93.85,0.1817694594860077,93.92
2,Train,SAM,212,0.025112371911077548,99.515,0.19160480098724364,93.72,0.1735265308380127,94.34
2,Train,SAM,213,0.02319742772377099,99.555,0.1857847289800644,94.09,0.1810175907611847,93.9
2,Train,SAM,214,0.02195639108209469,99.605,0.19451578431129454,93.85,0.17478105654716491,94.5
2,Train,SAM,215,0.018675843063301552,99.695,0.18924281570911408,93.85,0.1742591712474823,94.39
2,Train,SAM,216,0.01735578513237091,99.7525,0.19611947898864746,93.78,0.17598513712882996,94.35
2,Train,SAM,217,0.018343458380609655,99.7,0.19621596298217772,93.71,0.17295100739002228,94.22
2,Train,SAM,218,0.016940127222831496,99.775,0.19242380380630494,93.76,0.1742809796333313,94.35
2,Train,SAM,219,0.015282004768141923,99.8275,0.19371060872077941,94.09,0.17395700039863587,94.31
2,Train,SAM,220,0.014927526209919979,99.84,0.19961477179527282,93.88,0.1742788918495178,94.55
2,Train,SAM,221,0.014835248487040448,99.815,0.1924277750492096,93.75,0.18469330549240112,94.08
2,Train,SAM,222,0.0140262435542973,99.8475,0.1930181411623955,93.9,0.17928098607063295,94.29
2,Train,SAM,223,0.013922484227108022,99.85,0.19689546976089478,93.84,0.1758160129070282,94.21
2,Train,SAM,224,0.01443477416226563,99.8175,0.18992314920425415,93.91,0.1728099799633026,94.4
2,Train,SAM,225,0.012739607632106627,99.8525,0.19386181120872498,93.89,0.17660108814239503,94.29
2,Train,SAM,226,0.01302202955072823,99.8825,0.18599820256233215,94.1,0.17737997715473175,94.37
2,Train,SAM,227,0.01297356333202733,99.8825,0.19056393518447876,93.77,0.17977936096191408,94.32
2,Train,SAM,228,0.012809770582719876,99.8775,0.19304059309959412,93.96,0.1753367850780487,94.31
2,Train,SAM,229,0.012644033465451135,99.8875,0.19388229088783265,94.0,0.16989610438346864,94.39
2,Train,SAM,230,0.01232680818066001,99.9025,0.18254979572296143,94.26,0.1759283344745636,94.24
2,Train,SAM,231,0.011853141425260769,99.92,0.19184429244995116,93.77,0.17227908973693848,94.42
2,Train,SAM,232,0.011502308327668962,99.9075,0.19731959211826325,93.75,0.1782946086406708,94.23
2,Train,SAM,233,0.011413125629974203,99.9225,0.19193444972038268,93.98,0.17878461089134215,94.31
2,Train,SAM,234,0.01210918537409494,99.8925,0.19671400508880615,93.63,0.18280105333328248,94.23
2,Train,SAM,235,0.012241261436963996,99.9,0.20033633780479432,93.58,0.1786675518989563,94.2
2,Train,SAM,236,0.011885898727804612,99.91,0.18966367931365966,93.95,0.17572529776096343,94.48
2,Train,SAM,237,0.011595838131924597,99.9125,0.19178358812332152,94.14,0.17960949149131775,94.13
2,Train,SAM,238,0.012330865176519552,99.8975,0.198785391163826,93.73,0.1798489715576172,94.35
2,Train,SAM,239,0.01267038697091202,99.89,0.19506326899528503,93.68,0.17828928737640382,94.4
2,Train,SAM,240,0.011821426236228392,99.9175,0.19056308040618897,93.76,0.17904002759456636,94.2
2,Train,SAM,241,0.011537535163684012,99.9225,0.19882116136550904,93.8,0.176790096282959,94.33
2,Train,SAM,242,0.012637522130365522,99.9,0.18611155626773834,94.05,0.17540810313224792,94.39
2,Train,SAM,243,0.0121271981182285,99.9075,0.19813358969688416,93.69,0.17958371925354005,94.56
2,Train,SAM,244,0.012329864462230581,99.9625,0.1926775197505951,93.74,0.17543389091491698,94.31
2,Train,SAM,245,0.012377735703421858,99.9175,0.20107757620811462,93.54,0.17492845993041992,94.45
2,Train,SAM,246,0.01201662662090918,99.93,0.19016686959266663,93.83,0.17449816179275512,94.17
2,Train,SAM,247,0.012114022656108815,99.925,0.1890497182369232,93.8,0.17028027925491332,94.34
2,Train,SAM,248,0.012110602857467656,99.915,0.19779081797599793,93.81,0.18775564165115358,93.94
2,Train,SAM,249,0.013603128894520835,99.8675,0.18627317357063294,93.92,0.17544151039123534,94.48
2,Train,SAM,250,0.012404899879064138,99.925,0.19255292122364046,93.84,0.18090217671394349,94.36
2,Train,SAM,251,0.012890187844919701,99.915,0.18767842097282408,93.82,0.1778455271244049,94.36
2,Train,SAM,252,0.012505434175280812,99.92,0.188280162024498,93.78,0.17777181425094604,94.15
2,Train,SAM,253,0.012384391181504193,99.93,0.1865041311740875,93.7,0.18239070959091186,94.12
2,Train,SAM,254,0.012580374969889561,99.9175,0.1895201481819153,93.76,0.17956799354553224,94.28
2,Train,SAM,255,0.013378731528529154,99.91,0.1867411250114441,94.01,0.1783135320663452,94.01
2,Train,SAM,256,0.013521330270428246,99.915,0.1965974030971527,93.72,0.1745731204032898,94.22
2,Train,SAM,257,0.013139094383762286,99.9175,0.1899026626110077,93.83,0.17173012447357178,94.21
2,Train,SAM,258,0.01210056209323791,99.9525,0.19411073279380797,93.64,0.18420361742973326,94.11
2,Train,SAM,259,0.013990811762599328,99.895,0.1901707173347473,93.83,0.17804164526462554,94.03
2,Train,SAM,260,0.013848917970892053,99.895,0.19363386673927308,93.65,0.17860212924480437,94.21
2,Train,SAM,261,0.013667768548828915,99.9025,0.19256838722229003,93.95,0.18135472919940948,94.07
2,Train,SAM,262,0.01361928829631676,99.905,0.19183540134429933,93.85,0.17675631518363952,94.35
2,Train,SAM,263,0.013113667428219756,99.9275,0.1978065592765808,93.66,0.18456010222435,94.16
2,Train,SAM,264,0.013443222087912095,99.9125,0.2001065990447998,93.48,0.18580432529449462,94.16
2,Train,SAM,265,0.013560243022327606,99.9,0.19073285512924196,93.84,0.17163751063346863,94.32
2,Train,SAM,266,0.01353918233166297,99.9,0.18554186635017395,93.86,0.17930380110740662,94.05
2,Train,SAM,267,0.013113069465568367,99.9,0.19435085997581483,93.74,0.1808804988384247,94.11
2,Train,SAM,268,0.013564378853304127,99.9175,0.19466149301528932,93.64,0.18352965035438537,93.91
2,Train,SAM,269,0.013614186893601101,99.9175,0.19707633357048035,93.78,0.180408953332901,94.08
2,Train,SAM,270,0.013824515618955174,99.8975,0.188040886592865,93.89,0.17905789475440978,94.42
2,Train,SAM,271,0.013733950449516788,99.9125,0.18657949154376985,93.97,0.18127945704460144,93.88
2,Train,SAM,272,0.01405047885061929,99.92,0.19518070697784423,93.39,0.18041732354164122,94.0
2,Train,SAM,273,0.013779005309501395,99.9125,0.1924247658252716,93.55,0.18140915131568908,93.74
2,Train,SAM,274,0.014462746810703612,99.9025,0.19920058798789977,93.35,0.19086277923583983,93.86
2,Train,SAM,275,0.013892730384077222,99.91,0.1946491651058197,93.6,0.18356328415870665,94.0
2,Train,SAM,276,0.013968388383357098,99.9075,0.19323601303100585,93.53,0.18511013035774232,93.73
2,Train,SAM,277,0.014097172438134305,99.9075,0.1898989461183548,93.94,0.1759292804002762,94.28
2,Train,SAM,278,0.01337882505057338,99.9225,0.200906050491333,93.38,0.18795491499900818,93.58
2,Train,SAM,279,0.013743138147559696,99.89,0.19055783467292786,93.81,0.18410353422164916,93.99
2,Train,SAM,280,0.015069778786954311,99.89,0.1909887416124344,93.68,0.18013446323871612,93.94
2,Train,SAM,281,0.014461524573306496,99.93,0.18797004265785217,93.77,0.17630887804031373,94.04
2,Train,SAM,282,0.015055983153264077,99.9075,0.1944275975704193,93.77,0.188358362865448,93.84
2,Train,SAM,283,0.01410820526323808,99.9075,0.20035092010498046,93.9,0.19018123950958252,93.95
2,Train,SAM,284,0.012846091744332268,99.895,0.19374357132911682,93.65,0.19166085579395295,93.69
2,Train,SAM,285,0.01380301054311208,99.915,0.18993991785049438,93.91,0.18284216210842133,94.13
2,Train,SAM,286,0.013961466344686362,99.9175,0.19546367058753966,93.77,0.18497929377555847,94.01
2,Train,SAM,287,0.01376434844344283,99.9225,0.19106596236228943,93.65,0.18049822607040406,94.11
2,Train,SAM,288,0.014235885938802085,99.9125,0.19244372091293335,93.74,0.1869295847415924,93.9
2,Train,SAM,289,0.014269310369575842,99.8775,0.1945435170173645,93.54,0.18865712513923644,93.91
2,Train,SAM,290,0.014849020793034245,99.8925,0.19770864601135255,93.44,0.18164107127189635,94.0
2,Train,SAM,291,0.013417526541021876,99.91,0.1942461049556732,93.79,0.1845288327932358,94.21
2,Train,SAM,292,0.013684462580365686,99.905,0.1962298864841461,93.73,0.17751754026412964,94.33
2,Train,SAM,293,0.014246436783645195,99.9,0.1945235402584076,93.61,0.1856956114768982,93.9
2,Train,SAM,294,0.013755322878841108,99.9425,0.19370432362556458,93.73,0.17929465618133544,94.09
2,Train,SAM,295,0.01430573666426606,99.8925,0.19157873058319091,93.78,0.17657826414108277,94.3
2,Train,SAM,296,0.01325394112033585,99.935,0.2043895607948303,93.61,0.19029808983802796,93.87
2,Train,SAM,297,0.013917896191413981,99.9125,0.1933713440656662,93.72,0.17553900215625762,94.1
2,Train,SAM,298,0.013760841329590962,99.915,0.19571436023712158,93.64,0.1810703821182251,94.26
2,Train,SAM,299,0.013592433840476762,99.925,0.2016207712173462,93.51,0.18831331856250763,93.89
2,Train,SAM,300,0.014392703723983644,99.9075,0.18838470602035523,93.81,0.18246086995601654,94.09
2,Train,SAM,301,0.009187436857507728,99.975,0.16960010209083556,94.36,0.16311069655418395,94.7
2,Train,SAM,302,0.006638614444460827,99.9925,0.16795335521698,94.63,0.1552171489238739,94.87
2,Train,SAM,303,0.005897073490997425,99.9925,0.16687567846775056,94.61,0.15216267595291139,94.89
2,Train,SAM,304,0.005343433444242413,99.9975,0.1651074308156967,94.68,0.1570360199689865,94.98
2,Train,SAM,305,0.004902276366699142,99.995,0.16942184882164002,94.61,0.1552569088459015,94.85
2,Train,SAM,306,0.004478747425333094,100.0,0.1673591793179512,94.74,0.15489564251899718,95.02
2,Train,SAM,307,0.00423536312575943,99.9975,0.16547904994487764,94.68,0.15393211648464203,94.98
2,Train,SAM,308,0.004056931606467111,100.0,0.16416633732318878,94.75,0.1580803901195526,95.16
2,Train,SAM,309,0.0037760303546183595,100.0,0.16024583587646485,94.81,0.15488275747299193,95.07
2,Train,SAM,310,0.0037185846911237455,100.0,0.1702741715669632,94.41,0.1534085572719574,95.15
2,Train,SAM,311,0.0033834909271901123,100.0,0.16588972511291503,94.67,0.1545519808292389,95.09
2,Train,SAM,312,0.003290459391297981,100.0,0.16550272459983825,94.91,0.1523839106321335,95.15
2,Train,SAM,313,0.003279346798266918,99.9975,0.16602901518344879,94.66,0.15711876657009125,95.1
2,Train,SAM,314,0.003173987880295601,100.0,0.16838355791568757,94.7,0.15412261047363282,95.14
2,Train,SAM,315,0.003054137742622925,100.0,0.16445533467531204,94.98,0.15335523481369018,95.06
2,Train,SAM,316,0.003061453401581191,100.0,0.1655886859536171,94.72,0.15987203402519226,95.08
2,Train,SAM,317,0.0028659146172723498,100.0,0.1654967045068741,94.94,0.15520350713729858,95.13
2,Train,SAM,318,0.002876887720944092,99.9975,0.16297113646268846,94.89,0.15382594627141952,95.18
2,Train,SAM,319,0.0027590786618665575,99.9975,0.16367224506139755,94.95,0.1564289535999298,95.15
2,Train,SAM,320,0.0027351355594478714,100.0,0.1666154781103134,94.64,0.1544372715473175,95.25
2,Train,SAM,321,0.002745689918694738,99.9975,0.1657173807024956,94.7,0.15605855624675752,95.15
2,Train,SAM,322,0.0026697094244257616,100.0,0.16501301527023315,94.96,0.15195294101238252,95.3
2,Train,SAM,323,0.002557878869365508,100.0,0.16597656359672547,94.88,0.14951825871467592,95.31
2,Train,SAM,324,0.0025325914407476257,100.0,0.16606874831914903,94.85,0.15356043281555176,95.16
2,Train,SAM,325,0.0024819759080728023,100.0,0.16836924283504487,94.86,0.15609634650945664,95.19
2,Train,SAM,326,0.0024978226179423664,100.0,0.17224813660383226,94.68,0.15876476944684983,94.93
2,Train,SAM,327,0.0023441367020931676,100.0,0.16640710561275482,94.95,0.1549567368745804,95.19
2,Train,SAM,328,0.0023193782308516793,100.0,0.16761857318878173,94.83,0.15491383539438247,95.23
2,Train,SAM,329,0.0022772976067869334,100.0,0.16306943491697312,95.0,0.1537476599931717,95.19
2,Train,SAM,330,0.0022970479329119616,100.0,0.16528345894813537,94.87,0.15267463462352754,95.49
2,Train,SAM,331,0.0022540585195181518,100.0,0.16906608399152756,94.53,0.15674452650547027,95.24
2,Train,SAM,332,0.002222174902434666,100.0,0.16595266531705857,94.96,0.15366010835170746,95.21
2,Train,SAM,333,0.0022033743259791557,100.0,0.16850003991127013,94.72,0.1549122333288193,95.17
2,Train,SAM,334,0.0021692994801988143,100.0,0.1656909859061241,94.87,0.156222680580616,94.98
2,Train,SAM,335,0.0021515721540761213,100.0,0.16978902229070664,94.76,0.1519628358602524,95.16
2,Train,SAM,336,0.0021352260983504424,100.0,0.16770480053424835,94.87,0.15719330919981003,95.27
2,Train,SAM,337,0.0020856607888346188,100.0,0.16847268269062043,94.99,0.16095591926574707,94.94
2,Train,SAM,338,0.0021578679322458495,100.0,0.16228351119756698,95.0,0.1555152079343796,95.31
2,Train,SAM,339,0.00216160584375048,99.995,0.16280922303199769,94.95,0.15968921134471895,95.02
2,Train,SAM,340,0.0020282146321556056,100.0,0.16817554668188095,94.88,0.15399507231712342,95.21
2,Train,SAM,341,0.002074871950160962,99.9975,0.16818076914548874,94.87,0.15360876209735871,95.12
2,Train,SAM,342,0.001985020109098226,100.0,0.16607412127256393,94.94,0.15502742295265198,95.38
2,Train,SAM,343,0.001960078854643451,100.0,0.16891519478559494,94.89,0.15640365599393843,95.23
2,Train,SAM,344,0.0019349972211633818,100.0,0.16789306126832962,94.85,0.1557342431306839,95.11
2,Train,SAM,345,0.0019007994374557852,100.0,0.16709118198156356,94.92,0.15558208582401276,95.2
2,Train,SAM,346,0.0019417150703351053,100.0,0.16574844961166382,95.03,0.15554606754779815,95.14
2,Train,SAM,347,0.0019079803733881146,100.0,0.16251074686050415,94.94,0.15449474177360534,95.18
2,Train,SAM,348,0.0019216711841934261,100.0,0.16983554548025132,94.85,0.149757430934906,95.25
2,Train,SAM,349,0.0019230702791523677,100.0,0.16237637639045716,95.01,0.15273954050540925,95.2
2,Train,SAM,350,0.0018477460306982835,100.0,0.16876435014009475,94.85,0.15723644633293152,95.1
2,Train,SAM,351,0.0018399910801968065,100.0,0.17026108456850053,94.97,0.1536480858206749,95.34
2,Train,SAM,352,0.0018348272238224268,100.0,0.16255401740074157,94.87,0.15311787717342376,95.04
2,Train,SAM,353,0.0018378127152070451,100.0,0.16827314323186873,94.79,0.15254877765178682,95.26
2,Train,SAM,354,0.001850750922528914,100.0,0.16591779923439026,94.97,0.15494866876602173,95.22
2,Train,SAM,355,0.0017945678888287501,100.0,0.1646761796116829,95.0,0.1562076338529587,95.23
2,Train,SAM,356,0.0018346260592621117,100.0,0.16685580303668976,94.92,0.15459798052310944,95.1
2,Train,SAM,357,0.001801194678530835,100.0,0.16721144256591797,94.97,0.15182901583909988,95.2
2,Train,SAM,358,0.0017523291348197018,100.0,0.16353296647071838,94.97,0.15375563051700591,95.29
2,Train,SAM,359,0.0017313606722411303,100.0,0.1727009094119072,94.94,0.14969230962991714,95.49
2,Train,SAM,360,0.0017112516318284238,100.0,0.167802980864048,94.7,0.15745945234298706,95.33
2,Train,SAM,361,0.0017231962526032623,100.0,0.16331818298101425,95.04,0.15608119217157365,95.29
2,Train,SAM,362,0.0016653533785428388,100.0,0.17002541126012802,94.85,0.1528395955324173,95.29
2,Train,SAM,363,0.0016950375509088317,100.0,0.16754649242162706,94.9,0.157767862200737,95.23
2,Train,SAM,364,0.001687106449891941,100.0,0.16446596437692643,94.87,0.1601951221227646,95.24
2,Train,SAM,365,0.0017000206849558618,100.0,0.16824053494930266,94.97,0.15863100863695145,95.17
2,Train,SAM,366,0.0016265493165255307,100.0,0.1677222137451172,95.05,0.15497575483322143,95.32
2,Train,SAM,367,0.0016426068705360825,100.0,0.1680138221859932,95.05,0.15540630164146424,95.28
2,Train,SAM,368,0.0016523182433776963,99.9975,0.1672529212653637,94.87,0.15143589599132537,95.22
2,Train,SAM,369,0.0016603085893792467,100.0,0.17444089764356613,94.75,0.15617872076034545,95.26
2,Train,SAM,370,0.0016854553105541692,100.0,0.16953617342710495,94.78,0.15688667180538177,95.36
2,Train,SAM,371,0.0016490616809618406,100.0,0.16713164184093476,94.91,0.14980578887462617,95.33
2,Train,SAM,372,0.0016189468619131004,100.0,0.16533580365777015,94.94,0.1592747942328453,95.29
2,Train,SAM,373,0.0016403835577021438,100.0,0.16754583300352097,94.9,0.15427687218785285,95.26
2,Train,SAM,374,0.0016228716084793115,100.0,0.16888314206004143,94.78,0.15788298481702803,95.16
2,Train,SAM,375,0.0016136299874544287,100.0,0.16848381908535956,94.81,0.15290402026176453,95.33
2,Train,SAM,376,0.0016370116373726402,100.0,0.16697613822817803,94.82,0.15696882207393648,95.17
2,Train,SAM,377,0.0015853211735955442,100.0,0.1638272249698639,94.86,0.15722612016201018,95.13
2,Train,SAM,378,0.001550821603064577,100.0,0.16859570412635802,94.87,0.15962021484375,95.23
2,Train,SAM,379,0.0015535816232623242,100.0,0.16539687848091125,94.94,0.15536808574199676,95.16
2,Train,SAM,380,0.0015057046777202775,100.0,0.1635756071805954,95.15,0.15435798156261443,95.18
2,Train,SAM,381,0.0015446023192456045,100.0,0.16717688624858856,95.08,0.15514518809318542,95.21
2,Train,SAM,382,0.001521308241730419,100.0,0.17221390756368637,94.94,0.1598678593158722,95.06
2,Train,SAM,383,0.0015488644926466594,100.0,0.1621207275032997,95.0,0.1582887191057205,95.26
2,Train,SAM,384,0.0015342677753722182,100.0,0.17037711186408996,95.04,0.1585220628261566,95.38
2,Train_Extra,SAM,1,0.6863040515145781,76.725,0.6795692756652832,77.89,0.6733540124893188,78.0
2,Train_Extra,SAM,2,0.45828920555190916,84.3375,0.5842358318328857,79.7,0.5694108835220337,80.42
2,Train_Extra,SAM,3,0.37705662037237003,87.3175,0.4825169548988342,83.33,0.46992470111846923,83.59
2,Train_Extra,SAM,4,0.3376391627632391,88.67,0.5006612193107605,83.3,0.48129538707733155,83.91
2,Train_Extra,SAM,5,0.3097329031164273,89.5025,0.48917531394958497,83.92,0.4852965329170227,84.0
2,Train_Extra,SAM,6,0.2918253063489073,90.1575,0.4285753324508667,85.72,0.4338001515388489,85.55
2,Train_Extra,SAM,7,0.2817119548495966,90.5675,0.42562342581748963,85.47,0.4120294082641602,85.76
2,Train_Extra,SAM,8,0.2728284184639446,90.9325,0.4863139000892639,83.79,0.4823372406005859,83.8
2,Train_Extra,SAM,9,0.27391120501029226,90.855,0.4391610733032227,85.4,0.41831975765228274,85.69
2,Train_Extra,SAM,10,0.27112978292158996,90.83,0.4100337106704712,86.36,0.3874888150215149,86.72
2,Train_Extra,SAM,11,0.25477714022508446,91.43,0.4515349573135376,84.75,0.432937490272522,85.88
2,Train_Extra,SAM,12,0.2570606145424584,91.3675,0.4533736166000366,85.0,0.4324552395820618,85.56
2,Train_Extra,SAM,13,0.25715689932385954,91.5125,0.424403511428833,85.39,0.4000063398361206,86.33
2,Train_Extra,SAM,14,0.2557685941267318,91.31,0.38402835941314695,86.94,0.37181690142154694,87.69
2,Train_Extra,SAM,15,0.2538343391860255,91.565,0.4197766445159912,86.22,0.4148434780597687,86.24
2,Train_Extra,SAM,16,0.24795321746470447,91.7125,0.36562874517440797,87.69,0.35914592254161837,87.96
2,Train_Extra,SAM,17,0.2438325511095242,91.815,0.4479500660896301,85.38,0.45790615711212157,85.07
2,Train_Extra,SAM,18,0.24423542754433025,91.78,0.3870058981895447,86.63,0.3711740037918091,87.57
2,Train_Extra,SAM,19,0.24360760506063986,91.9925,0.4047340772628784,86.59,0.3744427117824554,87.24
2,Train_Extra,SAM,20,0.24742924424406057,91.7475,0.43800947322845457,85.2,0.41836051435470584,86.14
2,Train_Extra,SAM,21,0.2437815485290064,91.9075,0.43345706558227537,85.07,0.4187288136959076,85.69
2,Train_Extra,SAM,22,0.24307327065319298,91.995,0.5217326635360717,83.31,0.5050805154323578,83.56
2,Train_Extra,SAM,23,0.24726604046627357,91.7175,0.42460560960769655,85.54,0.41081146504878996,85.94
2,Train_Extra,SAM,24,0.2446549585023627,91.8625,0.3607691431045532,88.16,0.34543032574653626,88.35
2,Train_Extra,SAM,25,0.242904358659499,91.8975,0.38842096452713015,87.08,0.3695647566795349,87.44
2,Train_Extra,SAM,26,0.12890449115119804,96.0325,0.22710927467346192,92.22,0.2142884358406067,92.61
2,Train_Extra,SAM,27,0.08704206602760968,97.4125,0.2070932601451874,93.02,0.2058671012878418,92.6
2,Train_Extra,SAM,28,0.07424124310049005,97.8875,0.20222632930278778,93.3,0.19948601837158203,93.11
2,Train_Extra,SAM,29,0.0626170402601028,98.245,0.20480619893074037,93.32,0.19683978142738343,93.32
2,Train_Extra,SAM,30,0.05472025757554335,98.5,0.21319217195510864,93.21,0.19464217772483824,93.4
2,Train_Extra,SAM,31,0.047709694340491826,98.79,0.2031777952671051,93.32,0.19322131514549257,93.74
2,Train_Extra,SAM,32,0.04273693738713527,98.95,0.2027399856567383,93.35,0.19185329337120055,93.48
2,Train_Extra,SAM,33,0.038591476913077384,99.08,0.20433834991455077,93.37,0.19404017539024354,93.34
2,Train_Extra,SAM,34,0.0358455421658941,99.14,0.2040141697883606,93.33,0.19078618301153183,93.5
2,Train_Extra,SAM,35,0.03198320312669483,99.335,0.20458566613197327,93.31,0.19708360295295715,93.33
2,Train_Extra,SAM,36,0.02910533481048414,99.3975,0.20767092761993408,93.22,0.19653949162960052,93.62
2,Train_Extra,SAM,37,0.028243578171518187,99.4125,0.20576460199356078,93.29,0.19270191044807433,93.79
2,Train_Extra,SAM,38,0.023750747951229636,99.5525,0.20044333157539368,93.45,0.18388697648048402,93.99
2,Train_Extra,SAM,39,0.020798778399444235,99.675,0.20053850543498994,93.73,0.18151653776168825,93.86
2,Train_Extra,SAM,40,0.02063841263230997,99.695,0.20025116896629333,93.54,0.18383197424411774,93.92
2,Train_Extra,SAM,41,0.020547155191163763,99.6625,0.1892947961807251,93.93,0.18353216590881347,93.98
2,Train_Extra,SAM,42,0.018837643943477075,99.7625,0.19341567194461823,93.75,0.18640158710479737,93.89
2,Train_Extra,SAM,43,0.019099724209739474,99.705,0.19339432690143585,93.87,0.18583560733795165,93.94
2,Train_Extra,SAM,44,0.018394529572524392,99.7625,0.18902652373313905,94.0,0.18639552149772645,93.76
2,Train_Extra,SAM,45,0.01821759936456292,99.725,0.19576058320999146,93.76,0.1796570158481598,94.24
2,Train_Extra,SAM,46,0.01719671473972285,99.7525,0.18434488830566406,94.18,0.181022629737854,94.12
2,Train_Extra,SAM,47,0.017676446103333188,99.73,0.19636788430213928,93.7,0.18478895502090453,93.76
2,Train_Extra,SAM,48,0.016340366163002416,99.82,0.19561817736625672,93.84,0.18407209129333496,94.02
2,Train_Extra,SAM,49,0.016636874138440092,99.7525,0.19196422190666199,93.58,0.17865561165809632,94.01
2,Train_Extra,SAM,50,0.016853493746941367,99.7625,0.19821794395446776,93.7,0.18549234981536866,93.98
3,Train,SAM,1,1.8141253028814786,32.12,1.5993005584716797,40.61,1.5919780015945435,39.95
3,Train,SAM,2,1.4241574732259439,47.2325,1.3630563520431518,49.64,1.3509897438049316,51.2
3,Train,SAM,3,1.1663364533799143,57.6875,1.1877531990051269,58.55,1.181092158126831,58.1
3,Train,SAM,4,0.966892083993735,65.535,0.9190679159164429,67.45,0.9274738790512085,66.98
3,Train,SAM,5,0.8417954062120602,70.3275,0.806798240852356,71.84,0.7978494406700134,71.8
3,Train,SAM,6,0.7203931932251293,74.605,0.8705516920089722,69.62,0.8676018020629883,70.27
3,Train,SAM,7,0.6369159781513885,77.865,0.7111984313011169,74.94,0.7314645844459534,74.76
3,Train,SAM,8,0.5826745207507771,79.785,0.6384821966171265,78.3,0.6165455712318421,78.5
3,Train,SAM,9,0.5444772949043554,81.3775,0.5781394959449768,80.53,0.5735500439167023,80.02
3,Train,SAM,10,0.5051587610579908,82.7975,0.5992712044715881,79.26,0.6063726729393005,78.91
3,Train,SAM,11,0.4890156005518124,83.1,0.5316019723892212,82.01,0.5302362057685852,81.75
3,Train,SAM,12,0.46250051478989207,84.0975,0.5506641936302185,81.03,0.553392144870758,80.92
3,Train,SAM,13,0.44157082289933397,84.93,0.5441307538986206,81.26,0.5497560235500336,81.3
3,Train,SAM,14,0.4325759191863453,85.3125,0.6579126453399659,77.64,0.6813060892105103,77.35
3,Train,SAM,15,0.4265427984559117,85.5675,0.5043035365104676,82.75,0.506627686214447,82.99
3,Train,SAM,16,0.4159866522866697,85.895,0.6168223447799682,79.31,0.6158691997051239,79.21
3,Train,SAM,17,0.39221226892913114,86.5625,0.5232554454803466,82.68,0.5417177268981933,81.59
3,Train,SAM,18,0.39066162952980676,86.8725,0.4615699071884155,84.62,0.4670097941875458,84.45
3,Train,SAM,19,0.37051040738725816,87.4025,0.5994694473266602,79.89,0.6004705694198609,79.89
3,Train,SAM,20,0.3635616677637679,87.6,0.4948772096633911,83.34,0.49228160001039506,83.67
3,Train,SAM,21,0.3656841257033637,87.58,0.4744137361526489,83.94,0.4691244397163391,84.06
3,Train,SAM,22,0.3648986724999766,87.7175,0.48944501094818116,83.77,0.49100418176651,83.55
3,Train,SAM,23,0.34810431339679815,88.085,0.5224784507751464,82.41,0.5247959704399109,82.34
3,Train,SAM,24,0.3451293314131685,88.1225,0.4743143712043762,84.07,0.49289722709655764,83.35
3,Train,SAM,25,0.3376894141919316,88.69,0.4451873094558716,84.86,0.4697701929092407,84.17
3,Train,SAM,26,0.33665053198893613,88.73,0.43137214822769165,85.84,0.4504886966705322,85.35
3,Train,SAM,27,0.33341108771939626,88.7475,0.48434639554023745,83.55,0.4836193712234497,83.45
3,Train,SAM,28,0.328713201438657,88.8,0.41472000675201415,86.3,0.41955725049972536,85.59
3,Train,SAM,29,0.32566410769669774,89.0775,0.46988968124389646,84.06,0.45994994564056396,84.45
3,Train,SAM,30,0.3220778839371075,89.0075,0.5696294828414917,81.02,0.5896572406768799,80.82
3,Train,SAM,31,0.31769797167838953,89.225,0.504655835723877,82.86,0.497459863781929,82.98
3,Train,SAM,32,0.30852014535722644,89.4225,0.41917306966781614,85.8,0.4188903196811676,86.0
3,Train,SAM,33,0.3069280890134958,89.7425,0.4850538604259491,84.08,0.483563778924942,84.0
3,Train,SAM,34,0.3122283914409126,89.4325,0.5606861037254334,81.71,0.556831369972229,81.57
3,Train,SAM,35,0.308009715173572,89.6525,0.37057782497406005,87.52,0.3760469653129578,87.46
3,Train,SAM,36,0.3006213234541134,89.7925,0.40800186920166015,86.13,0.4125219451546669,85.99
3,Train,SAM,37,0.2998151733471563,89.9425,0.45234539551734926,84.04,0.4511343214273453,84.54
3,Train,SAM,38,0.29531675629531995,89.985,0.4942508120059967,83.38,0.4783197885990143,83.63
3,Train,SAM,39,0.29769210431712884,89.925,0.4429648958683014,84.92,0.43319483757019045,85.21
3,Train,SAM,40,0.29254357083536947,90.0425,0.37903703413009643,87.23,0.38338140293359757,87.24
3,Train,SAM,41,0.2923838245316435,90.1225,0.4678679070472717,84.63,0.48517674555778506,83.74
3,Train,SAM,42,0.28861716051642505,90.2825,0.4388757166862488,84.8,0.44395945205688475,84.58
3,Train,SAM,43,0.2933703067774971,90.1825,0.46277828679084776,84.5,0.4614674778699875,84.61
3,Train,SAM,44,0.2934668101727391,90.0675,0.3972773062705994,86.47,0.4031659943580627,86.3
3,Train,SAM,45,0.27845913709733433,90.6075,0.41108423156738283,86.53,0.4112356433868408,86.25
3,Train,SAM,46,0.28164828999545244,90.555,0.42155848245620725,85.94,0.4143005266189575,86.42
3,Train,SAM,47,0.2870416020909056,90.325,0.39879172797203066,86.47,0.4122339195251465,85.8
3,Train,SAM,48,0.2834213696920072,90.52,0.41614436960220336,85.79,0.4301552000522614,85.62
3,Train,SAM,49,0.27894754050829157,90.6325,0.38594943900108336,87.11,0.40301747713088987,86.96
3,Train,SAM,50,0.2831466362689631,90.36,0.4315177580356598,85.34,0.43755618386268613,84.89
3,Train,SAM,51,0.27952971278478544,90.415,0.3972589762687683,86.39,0.41504985885620116,85.89
3,Train,SAM,52,0.28462593585919266,90.475,0.46103514461517336,85.05,0.47906296644210816,84.07
3,Train,SAM,53,0.2738051577545583,90.8375,0.4309045751571655,85.17,0.44748892726898193,84.71
3,Train,SAM,54,0.27274779780223346,90.9225,0.4075658905982971,86.37,0.4005813846349716,86.33
3,Train,SAM,55,0.2736295564010882,90.8575,0.4191194583892822,85.82,0.4239415362596512,85.67
3,Train,SAM,56,0.2767171969714637,90.7675,0.3502325979709625,87.88,0.36612324142456054,87.78
3,Train,SAM,57,0.27256466695866266,90.8025,0.3653554279327393,87.81,0.3745337175130844,87.34
3,Train,SAM,58,0.2741246717139936,90.78,0.3846097624063492,87.23,0.3869438179016113,87.16
3,Train,SAM,59,0.2706733982974348,90.9425,0.4112161988735199,86.33,0.4303224235057831,85.05
3,Train,SAM,60,0.2766370827111954,90.715,0.3752368191242218,87.26,0.38709251506328585,86.95
3,Train,SAM,61,0.26570711906154315,91.13,0.3898197000026703,86.97,0.4065685977935791,86.75
3,Train,SAM,62,0.2692270542200381,91.0375,0.36740549030303954,87.95,0.35731014671325684,87.92
3,Train,SAM,63,0.266886011218301,91.0325,0.3448344424247742,88.34,0.36495049419403075,87.66
3,Train,SAM,64,0.26487612786194004,90.9675,0.46780248782634737,84.85,0.46187850217819215,85.03
3,Train,SAM,65,0.2634560376786576,91.1075,0.40693957948684695,86.19,0.4092955229282379,86.08
3,Train,SAM,66,0.267505372484652,90.9875,0.3523885338783264,88.05,0.35906862950325014,87.88
3,Train,SAM,67,0.2653934569261706,91.1525,0.4043536424636841,85.79,0.39694922862052917,86.02
3,Train,SAM,68,0.2684095633772615,91.0825,0.42023736429214475,85.5,0.40890884363651275,86.31
3,Train,SAM,69,0.2675800181615848,90.955,0.41707973594665526,86.0,0.41830230741500857,85.78
3,Train,SAM,70,0.2720638574026644,90.9775,0.35599356250762937,88.26,0.36588856353759763,87.69
3,Train,SAM,71,0.2607891506280381,91.335,0.3981109654903412,86.09,0.4192634108543396,85.71
3,Train,SAM,72,0.259304874335615,91.3075,0.3460162672996521,88.1,0.353321741437912,87.71
3,Train,SAM,73,0.2674067457453511,91.0675,0.374523709821701,87.56,0.3873818911075592,86.89
3,Train,SAM,74,0.25915574077695325,91.1875,0.39068516664505004,86.77,0.393756342959404,86.64
3,Train,SAM,75,0.26124921741005713,91.3225,0.348247114944458,88.41,0.36500183148384097,87.43
3,Train,SAM,76,0.2608680627502192,91.2825,0.3793108456134796,87.16,0.3956442614078522,86.58
3,Train,SAM,77,0.2632437940603628,91.1075,0.38702398853302,87.07,0.3996272665023804,86.46
3,Train,SAM,78,0.2614038898445928,91.205,0.3598757344245911,88.05,0.37401732823848727,87.57
3,Train,SAM,79,0.2631013774024412,91.0975,0.3712184580087662,87.29,0.3834562301635742,87.18
3,Train,SAM,80,0.2585168944570584,91.4,0.4041175539970398,86.33,0.41210992538928987,86.11
3,Train,SAM,81,0.25491669069463835,91.3325,0.3543413430213928,88.21,0.35624032611846923,88.27
3,Train,SAM,82,0.2547995305527894,91.505,0.3869843810081482,86.77,0.4009471328496933,86.33
3,Train,SAM,83,0.25407925824197336,91.565,0.3760714686870575,87.17,0.3833927571773529,86.95
3,Train,SAM,84,0.2577894462135653,91.4375,0.4066150531768799,86.24,0.4089843137264252,86.24
3,Train,SAM,85,0.25835261234460166,91.4225,0.4450130846977234,85.04,0.45388583068847654,84.64
3,Train,SAM,86,0.25441824497220616,91.4625,0.34675718646049497,88.37,0.3542254313468933,88.13
3,Train,SAM,87,0.2591188852779401,91.37,0.3915481047153473,87.04,0.38482157089710234,87.11
3,Train,SAM,88,0.25226022841069645,91.61,0.38251186127662656,87.16,0.393023020362854,86.77
3,Train,SAM,89,0.2532738295797342,91.5225,0.43738944339752195,85.41,0.4294123457431793,85.42
3,Train,SAM,90,0.255277951732992,91.5625,0.3828158626079559,87.11,0.38065671863555905,87.04
3,Train,SAM,91,0.2560793009048072,91.46,0.43399042901992796,85.46,0.4443051197052002,85.21
3,Train,SAM,92,0.256737972219912,91.4075,0.4398083065032959,85.71,0.4438584211349487,84.76
3,Train,SAM,93,0.2556325778984033,91.3,0.380369695186615,87.45,0.38130974283218383,87.07
3,Train,SAM,94,0.24585399179222484,91.675,0.5569670238494873,81.7,0.555199613571167,81.93
3,Train,SAM,95,0.25106512700406886,91.555,0.3903554131031036,86.76,0.39184065947532654,86.62
3,Train,SAM,96,0.2496811873948993,91.66,0.42877878494262694,85.87,0.4234694224834442,85.94
3,Train,SAM,97,0.24649300497656051,91.61,0.36552795696258544,87.5,0.3824029732704163,87.12
3,Train,SAM,98,0.253850293021423,91.51,0.3704772614479065,87.31,0.3751824891090393,87.03
3,Train,SAM,99,0.2527051098382892,91.4925,0.40946189432144164,86.17,0.42102913589477536,85.88
3,Train,SAM,100,0.24977902496775117,91.725,0.431986452960968,85.01,0.42608046164512636,85.37
3,Train,SAM,101,0.251182946272361,91.5375,0.3890679530143738,86.77,0.3858681393623352,87.5
3,Train,SAM,102,0.24515688440765435,91.8625,0.45799621868133544,84.67,0.468423425579071,84.3
3,Train,SAM,103,0.24376005805528964,91.895,0.36460971145629884,87.7,0.3758080640554428,87.22
3,Train,SAM,104,0.24862069962695002,91.66,0.3991359775066376,86.22,0.41056518325805663,86.2
3,Train,SAM,105,0.24486718241113442,91.83,0.39103286800384524,87.05,0.40232879762649537,86.39
3,Train,SAM,106,0.2524617518575047,91.525,0.3923838098526001,86.75,0.3983829144001007,86.49
3,Train,SAM,107,0.24785980813133832,91.5725,0.4481624828338623,85.06,0.45271647453308106,84.59
3,Train,SAM,108,0.2496871396946831,91.6175,0.4258262811660767,85.78,0.42154344987869263,85.93
3,Train,SAM,109,0.2525052925268301,91.4725,0.42710364999771117,85.6,0.44106389122009276,84.88
3,Train,SAM,110,0.24475055823501307,91.87,0.3963752995491028,86.44,0.39544815773963926,86.32
3,Train,SAM,111,0.2446338982580188,91.89,0.40267069272994993,86.57,0.4002529203414917,86.43
3,Train,SAM,112,0.24605274445618303,91.77,0.4717147108078003,83.95,0.48034362354278565,83.98
3,Train,SAM,113,0.24476005855840616,91.8325,0.432817488861084,85.31,0.45762324991226194,84.73
3,Train,SAM,114,0.2564754426574555,91.3825,0.497143347120285,84.44,0.49406606378555296,83.96
3,Train,SAM,115,0.24797446921039312,91.795,0.34542798433303834,88.46,0.36113407683372495,88.09
3,Train,SAM,116,0.24500090117081286,91.815,0.4041413390159607,86.04,0.40303524293899534,86.13
3,Train,SAM,117,0.24209180141028505,91.96,0.34378648958206176,88.45,0.3563129981994629,88.0
3,Train,SAM,118,0.25064300583859983,91.7375,0.4064270270347595,85.94,0.4027063804626465,86.07
3,Train,SAM,119,0.23884787541418412,92.15,0.4155477777481079,85.97,0.4275244340896606,85.72
3,Train,SAM,120,0.2446095307414143,91.905,0.41989592485427857,85.89,0.4246181882381439,86.25
3,Train,SAM,121,0.24577260707704404,91.7225,0.3787063370704651,87.18,0.38625979127883914,86.87
3,Train,SAM,122,0.24256221266885916,91.7525,0.3855007911682129,86.85,0.3908830111503601,86.89
3,Train,SAM,123,0.24102404937386132,91.8975,0.37133161306381224,87.46,0.37816171922683717,87.35
3,Train,SAM,124,0.2467019775281318,91.695,0.36907027883529664,88.1,0.3711061175107956,87.36
3,Train,SAM,125,0.24833679777650405,91.7475,0.35046488275527954,87.99,0.34886188974380494,88.02
3,Train,SAM,126,0.24561129953152835,91.8125,0.3723190316200256,87.5,0.37120689694881437,87.21
3,Train,SAM,127,0.24437235045832947,91.9575,0.41986549220085145,86.04,0.4296044065475464,85.31
3,Train,SAM,128,0.24710422899490728,91.755,0.3691482340812683,87.76,0.3772572614192963,86.96
3,Train,SAM,129,0.23981418398717722,92.135,0.38245091152191163,87.35,0.40081388440132143,86.18
3,Train,SAM,130,0.24474244188672056,91.7725,0.3541722321033478,88.2,0.35963797879219056,88.16
3,Train,SAM,131,0.24557859253007383,91.7625,0.37012867221832274,87.86,0.3798581236362457,86.85
3,Train,SAM,132,0.2488593750725539,91.77,0.3761681106567383,87.05,0.3929457187414169,87.16
3,Train,SAM,133,0.2397788051075448,91.8975,0.34739502596855165,88.0,0.3525628640174866,88.19
3,Train,SAM,134,0.2422090495546786,91.885,0.3698124126911163,87.41,0.3814375214576721,87.14
3,Train,SAM,135,0.24938679388917673,91.7175,0.3445519861698151,88.56,0.3520438444137573,88.21
3,Train,SAM,136,0.2416526275797012,91.905,0.388865066242218,86.6,0.38491140820980074,86.65
3,Train,SAM,137,0.2373949604483839,92.1275,0.36161894521713256,88.01,0.36660896644592283,87.47
3,Train,SAM,138,0.24658254586374417,91.7,0.44855965127944947,85.08,0.44285087695121766,85.2
3,Train,SAM,139,0.240695170843944,91.9825,0.36487458086013796,87.43,0.36926403703689575,87.26
3,Train,SAM,140,0.24354965694415304,91.755,0.383913174533844,86.98,0.3966078618764877,86.78
3,Train,SAM,141,0.23699286377753692,91.955,0.40745621151924133,86.02,0.40227419135570525,85.91
3,Train,SAM,142,0.24179359077931212,91.8325,0.34720526819229125,87.91,0.3469908124446869,88.0
3,Train,SAM,143,0.24407722074955035,91.705,0.3472866770744324,88.25,0.34197894909381865,88.47
3,Train,SAM,144,0.23860810644710406,92.065,0.3678725128173828,87.66,0.3858319386482239,87.06
3,Train,SAM,145,0.24169750837757945,91.91,0.3734543927192688,86.95,0.3690059814453125,87.45
3,Train,SAM,146,0.24334904023062306,91.8625,0.3242387600898743,88.86,0.3300877411365509,89.09
3,Train,SAM,147,0.23679751214889672,91.94,0.41820409274101256,86.25,0.4209669639587402,86.22
3,Train,SAM,148,0.23992014881044912,92.0675,0.39971512308120727,86.5,0.40718237767219545,86.47
3,Train,SAM,149,0.237296488457404,92.0525,0.3380550135612488,88.82,0.34580234117507935,88.26
3,Train,SAM,150,0.23686967683009827,92.15,0.40556454305648804,86.3,0.4140888609409332,85.95
3,Train,SAM,151,0.24198330529391193,91.875,0.3576164258003235,88.22,0.36645842592716216,87.65
3,Train,SAM,152,0.23713908827723787,91.97,0.3770434480190277,87.21,0.3707800593852997,87.23
3,Train,SAM,153,0.23954004218307928,92.025,0.4428235888004303,85.06,0.46346104564666746,84.77
3,Train,SAM,154,0.2390808662572227,91.9725,0.42719100689888,85.7,0.4528110151052475,84.78
3,Train,SAM,155,0.2422266125250548,91.81,0.4521101643562317,84.7,0.44760876412391665,84.68
3,Train,SAM,156,0.2388054280521009,91.9875,0.3525794467449188,88.17,0.364938098859787,87.79
3,Train,SAM,157,0.23856150954009625,92.08,0.43711321001052855,85.45,0.4484023943901062,85.0
3,Train,SAM,158,0.23493582976702304,92.2125,0.41238231296539307,86.49,0.42491931080818174,85.71
3,Train,SAM,159,0.24085850442369905,91.97,0.3268533398628235,88.88,0.32815684027671815,88.69
3,Train,SAM,160,0.23259420954762175,92.2325,0.38311891593933106,87.13,0.4006287829875946,86.65
3,Train,SAM,161,0.2372920407702367,92.11,0.3254716531276703,88.89,0.3237732060432434,89.29
3,Train,SAM,162,0.2421697835429027,91.83,0.4059934936523438,86.16,0.4123807719707489,86.45
3,Train,SAM,163,0.24297248050808526,91.9025,0.33411199426651,88.66,0.34261675342321396,88.52
3,Train,SAM,164,0.23642183573672565,92.015,0.34624980936050415,88.23,0.35904108810424806,87.61
3,Train,SAM,165,0.23695667373677032,92.0125,0.3556055959701538,87.87,0.37425405883789065,87.59
3,Train,SAM,166,0.2351240867052596,92.135,0.38139043622016905,86.92,0.39143375725746155,86.89
3,Train,SAM,167,0.2376218920174879,92.03,0.3795416527271271,87.42,0.38376076068878173,87.4
3,Train,SAM,168,0.23903491390874973,92.14,0.43341162586212156,85.25,0.4316527159690857,85.14
3,Train,SAM,169,0.23833041795240806,92.0,0.43972427587509155,84.66,0.4435704227685928,85.02
3,Train,SAM,170,0.23284511634716973,92.185,0.44874010057449343,84.73,0.4632123710870743,84.61
3,Train,SAM,171,0.23498432064494387,92.0825,0.34132560076713564,88.26,0.33492153029441835,88.34
3,Train,SAM,172,0.2328986093497124,92.285,0.3596819122314453,88.02,0.364747191286087,87.86
3,Train,SAM,173,0.23647600743241204,92.0625,0.3750077488899231,87.29,0.37395804495811463,87.54
3,Train,SAM,174,0.23241838324850742,92.21,0.39688241844177247,86.25,0.39040111541748046,86.72
3,Train,SAM,175,0.23386980597965254,92.2925,0.36709093284606936,87.73,0.3704070653438568,87.57
3,Train,SAM,176,0.23956349503974944,92.0,0.44292373304367066,85.27,0.44233719601631166,85.22
3,Train,SAM,177,0.2383117700299135,92.04,0.3798362727165222,86.93,0.38017042093276976,87.01
3,Train,SAM,178,0.2369056546840424,92.2025,0.3549834318161011,88.24,0.3581045051574707,87.96
3,Train,SAM,179,0.23639089221390672,92.1175,0.34595757656097414,88.49,0.36073652753829955,87.67
3,Train,SAM,180,0.2308275507042964,92.4375,0.34016130599975586,88.74,0.33289060792922975,88.48
3,Train,SAM,181,0.23873274166363115,92.0275,0.4040230878829956,86.84,0.41333273839950563,86.59
3,Train,SAM,182,0.23285955895250215,92.2,0.3750312189102173,87.56,0.37639529786109927,87.48
3,Train,SAM,183,0.23510961922498558,92.13,0.37907712869644167,86.8,0.38642449731826783,86.76
3,Train,SAM,184,0.23584156466749148,92.1,0.33164049892425534,88.85,0.3403569111824036,88.48
3,Train,SAM,185,0.2330910043832593,92.205,0.3581383273601532,87.72,0.35834745082855224,88.03
3,Train,SAM,186,0.23440742345092397,92.275,0.42659613366127014,85.71,0.4223451642036438,86.25
3,Train,SAM,187,0.23724966731886513,91.945,0.37833757638931276,87.23,0.3867576473355293,86.67
3,Train,SAM,188,0.23318235107218496,92.0175,0.4187731394290924,86.23,0.4290988545894623,85.45
3,Train,SAM,189,0.22930007873061367,92.415,0.3124979944229126,89.2,0.3188808829307556,89.02
3,Train,SAM,190,0.23821479370133183,91.935,0.4710365594863892,84.3,0.4763589859008789,84.26
3,Train,SAM,191,0.22996513609783337,92.27,0.37833539276123046,87.6,0.3711654144287109,87.65
3,Train,SAM,192,0.22967615609351819,92.4325,0.3858559844493866,86.88,0.3966285385608673,86.74
3,Train,SAM,193,0.23109378039646453,92.2875,0.416986714220047,85.84,0.4229329493522644,85.99
3,Train,SAM,194,0.23657807079366983,92.0075,0.40513511991500856,86.46,0.3977871866941452,86.92
3,Train,SAM,195,0.2286703567059276,92.345,0.45074819803237914,84.63,0.4529067591667175,84.42
3,Train,SAM,196,0.23005930403360544,92.245,0.38561793203353883,87.09,0.38480879034996035,86.99
3,Train,SAM,197,0.23492512506798816,92.1475,0.3449781720161438,88.49,0.363604071187973,87.98
3,Train,SAM,198,0.2329647634594966,92.2575,0.4709335871696472,84.29,0.480189680480957,84.11
3,Train,SAM,199,0.23750863369470968,91.9625,0.41764753675460814,86.13,0.4132775586128235,86.45
3,Train,SAM,200,0.2280647455455777,92.3375,0.3591297439098358,87.56,0.36348317024707794,87.41
3,Train,SAM,201,0.11950076571383035,96.4525,0.1915336975812912,93.65,0.19538153965473176,93.03
3,Train,SAM,202,0.07757435956249793,97.7475,0.18407147855758668,93.89,0.18302175681591035,93.72
3,Train,SAM,203,0.06412456275079959,98.1325,0.17804179816246032,93.96,0.178759010720253,93.86
3,Train,SAM,204,0.05505629562246152,98.435,0.17331351771354675,94.13,0.17751157847344876,93.89
3,Train,SAM,205,0.05022756589618259,98.6575,0.16890801818370818,94.42,0.17453507072925567,94.2
3,Train,SAM,206,0.044026581847224945,98.885,0.1689413101911545,94.33,0.17120845742225646,94.2
3,Train,SAM,207,0.039888992367056425,98.93,0.1670458433151245,94.35,0.1730030401170254,94.14
3,Train,SAM,208,0.035302581670232855,99.1825,0.1750485683321953,94.23,0.1757582952737808,94.14
3,Train,SAM,209,0.031517334502583115,99.3125,0.16888829061985017,94.2,0.16776762978732587,94.41
3,Train,SAM,210,0.02859252018961139,99.3725,0.17122087358236313,94.29,0.17148572912216187,94.04
3,Train,SAM,211,0.027042031255416786,99.4425,0.1736889231801033,94.03,0.1736668693780899,94.48
3,Train,SAM,212,0.024724916654665724,99.5725,0.1776717960715294,94.25,0.17792966470718383,94.12
3,Train,SAM,213,0.02357108382353434,99.5775,0.17087527095675467,94.36,0.1783086696922779,94.06
3,Train,SAM,214,0.021476652842169753,99.615,0.17447528913617133,94.23,0.18061197002083063,94.18
3,Train,SAM,215,0.020182004534660247,99.68,0.17273540564775466,94.35,0.16744061973690988,94.61
3,Train,SAM,216,0.019160440809036883,99.7175,0.17043273208141327,94.27,0.1729642878293991,94.53
3,Train,SAM,217,0.01757290779788511,99.7225,0.16773994439840317,94.46,0.16760038044452666,94.73
3,Train,SAM,218,0.017804941864678275,99.725,0.17333835083842278,94.4,0.1751744061768055,94.44
3,Train,SAM,219,0.016647728793799114,99.795,0.1692586151599884,94.35,0.16885432172715664,94.53
3,Train,SAM,220,0.01651399961104408,99.75,0.16644006921052934,94.48,0.1686584657549858,94.44
3,Train,SAM,221,0.014928416099054173,99.825,0.1682308636009693,94.64,0.16803734768629075,94.75
3,Train,SAM,222,0.015754911841782994,99.79,0.1674497957587242,94.54,0.17340452820062638,94.23
3,Train,SAM,223,0.014659423174294896,99.8225,0.1751510881960392,94.27,0.1778659101486206,94.42
3,Train,SAM,224,0.013933767153979681,99.8475,0.17307809522151946,94.39,0.17636143248081207,94.28
3,Train,SAM,225,0.013541261101671205,99.8975,0.16963141348361968,94.29,0.17342816124260427,94.26
3,Train,SAM,226,0.013177472263419875,99.885,0.17092421550750733,94.58,0.17309013495445252,94.38
3,Train,SAM,227,0.013582600718036818,99.8575,0.1686313686132431,94.46,0.17088885437250137,94.75
3,Train,SAM,228,0.013309907355604651,99.88,0.16831956458091735,94.56,0.1664875606060028,94.5
3,Train,SAM,229,0.013672191215256533,99.875,0.17334335619211197,94.44,0.16834860241413116,94.31
3,Train,SAM,230,0.011874638554363395,99.8975,0.17669789060354232,94.22,0.17601374143362045,94.4
3,Train,SAM,231,0.01195921429087774,99.9125,0.17466350827217103,94.36,0.17011593118607998,94.4
3,Train,SAM,232,0.012655651302466663,99.88,0.17398678839206697,94.29,0.17416595214605332,94.21
3,Train,SAM,233,0.012709713188377908,99.8725,0.1687358037829399,94.44,0.17572934794425965,94.31
3,Train,SAM,234,0.012843744399341436,99.895,0.16921778945922852,94.57,0.17147892595529557,94.32
3,Train,SAM,235,0.012667008750021648,99.9125,0.17489117431640624,94.25,0.16683406237661838,94.67
3,Train,SAM,236,0.011957399527015635,99.9075,0.1715031553030014,94.29,0.16984900579452514,94.41
3,Train,SAM,237,0.012378391845467181,99.8875,0.1721114445209503,94.22,0.17667686512470246,94.25
3,Train,SAM,238,0.011695642616397467,99.925,0.17412430000305176,94.24,0.17377733463644982,94.13
3,Train,SAM,239,0.012337517231321943,99.9125,0.17117516046762465,94.42,0.18298509113490583,94.0
3,Train,SAM,240,0.012154541882915428,99.895,0.16692049632668496,94.46,0.1716455327272415,94.38
3,Train,SAM,241,0.012389326939722315,99.9325,0.16990473757982255,94.29,0.178506937623024,94.19
3,Train,SAM,242,0.012635379818419869,99.91,0.16566716420650482,94.55,0.16509011553525924,94.48
3,Train,SAM,243,0.012040965793172296,99.915,0.16915254172682762,94.55,0.17323282375335694,94.24
3,Train,SAM,244,0.011562960713316268,99.9125,0.17067837983369827,94.57,0.170588515406847,94.44
3,Train,SAM,245,0.012611785152266486,99.9025,0.1817680463552475,94.33,0.17951545253396034,94.28
3,Train,SAM,246,0.012907328674742303,99.89,0.17091577101945876,94.32,0.172360160946846,94.24
3,Train,SAM,247,0.01202470776937402,99.9075,0.18149545583724977,94.02,0.17234256356954575,94.46
3,Train,SAM,248,0.01247195806056737,99.895,0.17696251900196075,94.25,0.17677134771347047,94.38
3,Train,SAM,249,0.013115019519655659,99.8975,0.17083499042987824,94.26,0.17117237484157086,94.41
3,Train,SAM,250,0.013310968062093559,99.91,0.17890245063304902,94.17,0.18580402958393097,93.96
3,Train,SAM,251,0.012574175778871622,99.9025,0.17452525100708008,94.42,0.178673183965683,93.88
3,Train,SAM,252,0.013319191946900977,99.915,0.17397725739479064,94.36,0.17657901405096055,94.18
3,Train,SAM,253,0.012869405594413368,99.91,0.1775243370473385,94.41,0.1777144453048706,94.01
3,Train,SAM,254,0.013578914287395941,99.9,0.1735671972513199,94.06,0.17318974760919809,94.09
3,Train,SAM,255,0.012901434505257173,99.9175,0.1725128494143486,94.39,0.17662033040523528,94.25
3,Train,SAM,256,0.014184174870256893,99.8675,0.17145250504016876,94.43,0.17754089453220367,94.12
3,Train,SAM,257,0.012973491495219282,99.9225,0.17661480846405028,94.11,0.17653940364122392,94.26
3,Train,SAM,258,0.014319325527979638,99.9025,0.1765654259443283,94.22,0.181551083111763,94.1
3,Train,SAM,259,0.013522201167127957,99.92,0.17610547363758086,94.15,0.17845615556240083,94.24
3,Train,SAM,260,0.013970102930364136,99.9075,0.17130418462753297,94.44,0.17485803003311157,94.29
3,Train,SAM,261,0.014261489655203618,99.9025,0.18209805263280868,94.17,0.1778127566576004,94.15
3,Train,SAM,262,0.01481094997757064,99.8625,0.1803832286953926,94.2,0.1784968976020813,94.23
3,Train,SAM,263,0.013623838320362586,99.9175,0.1787050771713257,94.32,0.17695640604794025,94.18
3,Train,SAM,264,0.013716719517954432,99.905,0.17871026909351348,94.05,0.17355002448558807,94.4
3,Train,SAM,265,0.014278509750807532,99.8725,0.17758737215995787,94.34,0.17783890850543976,93.99
3,Train,SAM,266,0.01437119342023715,99.9,0.18186397149562836,94.13,0.1839422844350338,93.84
3,Train,SAM,267,0.014276847220992985,99.9075,0.17465548822879792,94.21,0.17540044300556182,94.14
3,Train,SAM,268,0.013994610143867069,99.87,0.17387306017875673,94.16,0.1835896465331316,94.03
3,Train,SAM,269,0.014529074383036683,99.9025,0.17978170232772828,94.09,0.17879972043037415,94.23
3,Train,SAM,270,0.014057465703985372,99.9075,0.18115933799743653,93.99,0.17699768743515015,94.11
3,Train,SAM,271,0.014170681345112884,99.905,0.1810018085539341,94.14,0.17860728738307952,94.07
3,Train,SAM,272,0.01393146648669776,99.8925,0.17116600272655488,94.37,0.17742414317131042,94.18
3,Train,SAM,273,0.013268771652763073,99.9325,0.1810592259645462,94.32,0.18040863809585572,94.0
3,Train,SAM,274,0.014612756288660982,99.92,0.18076479310393334,93.96,0.17704422600269318,94.22
3,Train,SAM,275,0.01426677501198059,99.8975,0.17938866081237792,94.11,0.17990649745464324,94.23
3,Train,SAM,276,0.014272993467688656,99.8775,0.1797213912010193,94.07,0.17990409002304078,94.12
3,Train,SAM,277,0.013811205180522543,99.915,0.1774049892425537,94.19,0.17910579228401183,93.98
3,Train,SAM,278,0.014240110532556194,99.91,0.1716402394771576,94.45,0.17576261930465698,94.07
3,Train,SAM,279,0.013958163617458491,99.8975,0.17365417230129243,94.29,0.16812977006435395,94.44
3,Train,SAM,280,0.014308404747230082,99.9,0.16867738930583,94.54,0.16901385415196418,94.28
3,Train,SAM,281,0.014306881046964051,99.8825,0.18205416615009307,94.11,0.18466247181892395,93.99
3,Train,SAM,282,0.014752774404141659,99.9075,0.1697257388353348,94.32,0.17387725726366043,94.11
3,Train,SAM,283,0.015127569840203364,99.9,0.17909746401309967,94.1,0.17645898594856263,94.14
3,Train,SAM,284,0.014401614277686079,99.8775,0.18203195934295655,94.26,0.17995758304297924,94.0
3,Train,SAM,285,0.014895350025139583,99.885,0.17947143898010254,94.31,0.18257941443324088,94.01
3,Train,SAM,286,0.0138228018113528,99.895,0.17473670697212218,94.13,0.17901289117336272,94.05
3,Train,SAM,287,0.014090139586954547,99.9075,0.18471227915287017,93.91,0.18575443015098572,93.9
3,Train,SAM,288,0.01367462905623709,99.9325,0.17806136356592178,94.11,0.17696006479263304,94.18
3,Train,SAM,289,0.014469859147140869,99.9125,0.1684252247571945,94.51,0.17520989091396333,94.41
3,Train,SAM,290,0.01364994139824146,99.8975,0.18378109750747681,94.1,0.17569070649147034,94.17
3,Train,SAM,291,0.013070087316044317,99.9175,0.1834000478029251,94.24,0.1738338523387909,94.21
3,Train,SAM,292,0.013808213448086486,99.895,0.17125580567121507,94.41,0.1786893946826458,94.12
3,Train,SAM,293,0.014455729080869938,99.865,0.17280905932188034,94.35,0.1774051486968994,94.21
3,Train,SAM,294,0.013964382416833513,99.8875,0.16824783034324645,94.45,0.17248918938636779,94.27
3,Train,SAM,295,0.014703453860629481,99.905,0.1767205731868744,94.3,0.18242472829818726,94.11
3,Train,SAM,296,0.01483437928040854,99.8875,0.17466285910606386,94.13,0.17718134330511093,94.16
3,Train,SAM,297,0.015006194760005314,99.875,0.17613569827079772,94.04,0.17508101910352708,94.15
3,Train,SAM,298,0.014122140830376754,99.9125,0.18094926468133926,94.23,0.1801889217376709,94.02
3,Train,SAM,299,0.014545205413712004,99.91,0.1775443717122078,94.32,0.181412845236063,94.11
3,Train,SAM,300,0.013864759498606093,99.895,0.18045720349252223,94.1,0.17778022228479384,94.19
3,Train,SAM,301,0.00846460248126437,99.9925,0.15344161681532859,94.94,0.15694488755464553,94.81
3,Train,SAM,302,0.006347374745106068,99.9975,0.15162868156433104,95.04,0.14987851634025573,94.99
3,Train,SAM,303,0.005532498047434198,100.0,0.14957597626447677,95.03,0.15055904860496522,95.01
3,Train,SAM,304,0.004991167483065789,99.9975,0.14760130818486214,95.33,0.1457436255812645,95.31
3,Train,SAM,305,0.0045734877570178184,99.9975,0.14982848188877107,95.21,0.14964984891414643,95.16
3,Train,SAM,306,0.0043004099978877905,99.9975,0.15009066686630249,95.14,0.14838519086837768,95.19
3,Train,SAM,307,0.003979287358720939,100.0,0.14777017432451248,95.09,0.14611682221889497,95.06
3,Train,SAM,308,0.0039060929672608074,99.9975,0.14818245795965196,95.31,0.1493977531552315,95.2
3,Train,SAM,309,0.003770887781791508,100.0,0.14525648712813855,95.32,0.14883795090913773,95.2
3,Train,SAM,310,0.003614597697221576,99.9975,0.1495062851905823,95.19,0.149836301445961,95.25
3,Train,SAM,311,0.003443622240832391,99.9975,0.15335766699314118,95.21,0.14862593162059784,95.23
3,Train,SAM,312,0.003343303679687956,99.995,0.14786577579975127,95.15,0.1480109176874161,95.27
3,Train,SAM,313,0.0032846433197567687,99.9975,0.1524617547750473,94.9,0.146983074760437,95.14
3,Train,SAM,314,0.003120880918770719,100.0,0.14980848483145237,95.23,0.14644796175956726,95.11
3,Train,SAM,315,0.0030026792819364766,100.0,0.15051247258484363,95.26,0.14836168366670607,95.22
3,Train,SAM,316,0.0030010853780243103,100.0,0.1478598749935627,95.27,0.14902829782962798,95.14
3,Train,SAM,317,0.0028635414403538925,100.0,0.1501245348215103,95.11,0.14895712478160858,95.2
3,Train,SAM,318,0.002866834048375178,100.0,0.14683926577568054,95.23,0.14540397152900697,95.46
3,Train,SAM,319,0.0027614304153903272,100.0,0.1525697587490082,95.05,0.14510755460262298,95.37
3,Train,SAM,320,0.0026377770181644127,100.0,0.14848047617673873,95.27,0.149991748714447,95.31
3,Train,SAM,321,0.0025387250624162652,100.0,0.1514209832072258,95.06,0.1528214986562729,95.21
3,Train,SAM,322,0.0025665757433026314,100.0,0.1540736230045557,95.15,0.14597144846320154,95.27
3,Train,SAM,323,0.0024990450502328644,100.0,0.152443168091774,95.22,0.153408190202713,95.13
3,Train,SAM,324,0.002475008925277228,100.0,0.1476272576212883,95.3,0.14967802044153214,95.15
3,Train,SAM,325,0.0024056490097855467,100.0,0.15291335740685463,95.06,0.14545909945964813,95.32
3,Train,SAM,326,0.002376213279990152,100.0,0.14531860023140908,95.39,0.1488054229259491,95.33
3,Train,SAM,327,0.0023999913586690404,100.0,0.15069912532567978,95.41,0.1516769481420517,95.11
3,Train,SAM,328,0.002409440038663249,100.0,0.14937696364223957,95.15,0.15000311193466187,95.37
3,Train,SAM,329,0.0023655869195404384,100.0,0.1518111781835556,95.32,0.15295632181167604,95.36
3,Train,SAM,330,0.0023182008300904936,100.0,0.15219617312550546,95.13,0.14833044250011443,95.32
3,Train,SAM,331,0.002268237689623056,100.0,0.14439762378335,95.47,0.1502655200123787,95.08
3,Train,SAM,332,0.002251084346083192,100.0,0.15222362716794013,95.14,0.15171405421495437,95.14
3,Train,SAM,333,0.002158578082074087,100.0,0.15045925788283349,95.24,0.14783192603588105,95.24
3,Train,SAM,334,0.00214358847350263,100.0,0.14779688901901245,95.32,0.1500563523352146,95.34
3,Train,SAM,335,0.002089350111633777,100.0,0.15311322939395905,95.26,0.1500551825761795,95.18
3,Train,SAM,336,0.0021439074079681653,100.0,0.14947446506023407,95.38,0.149143980383873,95.26
3,Train,SAM,337,0.002070024445914803,100.0,0.15313116029500962,95.29,0.1507439412355423,95.37
3,Train,SAM,338,0.002058654792603855,100.0,0.15220465607643127,95.3,0.15288289520740508,95.3
3,Train,SAM,339,0.002044548650983328,100.0,0.15056597009897232,95.06,0.15061816865205765,95.34
3,Train,SAM,340,0.0020717816901937745,99.9975,0.15682998920977115,95.2,0.15241635596752168,95.2
3,Train,SAM,341,0.0019824355963421183,100.0,0.15536288626790046,95.27,0.14482585227489472,95.51
3,Train,SAM,342,0.0019658682778620493,100.0,0.14864972400665283,95.51,0.1441631495475769,95.59
3,Train,SAM,343,0.0019888634504839635,100.0,0.1537479447364807,95.2,0.15096784620285034,95.26
3,Train,SAM,344,0.001919263970856659,100.0,0.15127501921653747,95.35,0.15045244426727294,95.27
3,Train,SAM,345,0.0020140644308691397,99.9975,0.15196818197965622,95.35,0.15082830126285554,95.23
3,Train,SAM,346,0.0019331077897040464,100.0,0.14644388116598128,95.27,0.14558101477622987,95.44
3,Train,SAM,347,0.0019101105439223755,100.0,0.15468053277730942,95.26,0.14858122243881225,95.44
3,Train,SAM,348,0.0018680121975775345,100.0,0.14651882724761964,95.38,0.15087985553741456,95.25
3,Train,SAM,349,0.0018571135227214367,100.0,0.15380239801406861,95.08,0.15001976566314698,95.18
3,Train,SAM,350,0.0019004526395594683,100.0,0.14850494379401208,95.43,0.15219753139019013,95.25
3,Train,SAM,351,0.0018562952795931802,100.0,0.14730798779129983,95.38,0.15349795637130736,95.16
3,Train,SAM,352,0.0018407811084167121,100.0,0.14750332078933714,95.28,0.1511006772518158,95.25
3,Train,SAM,353,0.0018153278407798455,100.0,0.151024539488554,95.2,0.15165468713045122,95.37
3,Train,SAM,354,0.0018792976547157565,99.9975,0.15014732239246367,95.29,0.15048333505392075,95.17
3,Train,SAM,355,0.0017819495182841445,100.0,0.15574201256036757,95.24,0.15138255534172057,95.41
3,Train,SAM,356,0.0018182661549482769,99.9975,0.15214294261932373,95.41,0.14812345243692399,95.45
3,Train,SAM,357,0.001760015434499223,100.0,0.15039588381648064,95.45,0.15081295187473298,95.33
3,Train,SAM,358,0.001747703704515847,100.0,0.15195375291109084,95.45,0.1506272517800331,95.51
3,Train,SAM,359,0.0017625491845960053,99.9975,0.151176478934288,95.29,0.1520423162341118,95.24
3,Train,SAM,360,0.0017429917170026432,100.0,0.15072317221164702,95.33,0.14776476583480835,95.5
3,Train,SAM,361,0.0016975708305091855,100.0,0.15207008177042008,95.37,0.1542942846775055,95.22
3,Train,SAM,362,0.0016979311504356635,100.0,0.1520219479560852,95.28,0.1486041094303131,95.4
3,Train,SAM,363,0.0016942619414518055,100.0,0.15236649022102355,95.56,0.14663178763389587,95.38
3,Train,SAM,364,0.0017104874068972307,100.0,0.1523755576491356,95.33,0.15261166903972626,95.24
3,Train,SAM,365,0.0017171930186986066,99.9975,0.14955722740888597,95.28,0.1479262384414673,95.52
3,Train,SAM,366,0.0017251418650554963,100.0,0.1525314851164818,95.29,0.14940048999786376,95.45
3,Train,SAM,367,0.0017145583476758184,100.0,0.15232670917510988,95.3,0.15026146661043166,95.28
3,Train,SAM,368,0.0016737480163603973,100.0,0.15166141934394836,95.49,0.15206525657176972,95.19
3,Train,SAM,369,0.001634147061710469,100.0,0.1512259947359562,95.42,0.14941603569984435,95.32
3,Train,SAM,370,0.0016534938346802854,100.0,0.15868661595284939,95.34,0.15288495872020721,95.27
3,Train,SAM,371,0.0016317443167880035,100.0,0.15558731054663658,95.12,0.15191791293621063,95.41
3,Train,SAM,372,0.0016194906389971559,100.0,0.15613259152770043,95.15,0.1506099835395813,95.28
3,Train,SAM,373,0.001635726192406715,100.0,0.15166492891907693,95.35,0.14575259246826172,95.49
3,Train,SAM,374,0.0016194316874683712,100.0,0.15234950945675374,95.25,0.15097372925281524,95.35
3,Train,SAM,375,0.001640852547426241,100.0,0.1512133165538311,95.35,0.14778879656791688,95.54
3,Train,SAM,376,0.0015888508935920156,100.0,0.15177644828557968,95.25,0.15131795166134834,95.37
3,Train,SAM,377,0.0016096809569496316,100.0,0.1513150175511837,95.25,0.14886521879434586,95.49
3,Train,SAM,378,0.001574603100560201,100.0,0.1529312558412552,95.27,0.15031647109985352,95.45
3,Train,SAM,379,0.001578118914318756,100.0,0.14979373397231102,95.42,0.1519516762971878,95.45
3,Train,SAM,380,0.0015792899498025688,100.0,0.15306438633799552,95.24,0.1533376820087433,95.3
3,Train,SAM,381,0.0016287049954048932,100.0,0.15209232282340526,95.44,0.15283660130500792,95.26
3,Train,SAM,382,0.0015549230732963965,100.0,0.14944225539565087,95.49,0.1522074656009674,95.46
3,Train,SAM,383,0.001571530918070017,100.0,0.15450572302341462,95.32,0.15000420768260955,95.47
3,Train,SAM,384,0.0015744092679335572,100.0,0.15317166130542756,95.33,0.15356099163293838,95.34
3,Train,SAM,385,0.001549725105744986,100.0,0.14789019405841827,95.46,0.15218905574083327,95.24
3,Train,SAM,386,0.0015188219875972063,100.0,0.15169996136426925,95.15,0.15244200356006624,95.34
3,Train,SAM,387,0.001547078689048513,100.0,0.15055110023021698,95.28,0.1524785748720169,95.52
3,Train,SAM,388,0.0015326697946921848,100.0,0.14597213762626052,95.47,0.14827787802815437,95.6
3,Train,SAM,389,0.0015453533239710255,100.0,0.15599375007748603,95.36,0.14948266458511353,95.43
3,Train,SAM,390,0.001546693238661812,100.0,0.14921667223200202,95.39,0.15630245306491852,95.24
3,Train,SAM,391,0.0015393158937164675,100.0,0.15035228983163834,95.48,0.15021425099372865,95.42
3,Train,SAM,392,0.0015245179609267617,100.0,0.15446144559383393,95.23,0.1503969293832779,95.25
3,Train,SAM,393,0.001506848544917834,100.0,0.1565615316927433,95.17,0.1490563428401947,95.48
3,Train,SAM,394,0.0014873080166836327,100.0,0.15265388111770153,95.34,0.15676473410129546,95.15
3,Train,SAM,395,0.0014682790404334427,100.0,0.1570773196339607,95.03,0.15063440947532653,95.36
3,Train,SAM,396,0.001486697489360032,100.0,0.15246711455583573,95.29,0.15012257491350173,95.32
3,Train,SAM,397,0.0015033352078673559,100.0,0.1527034432590008,95.46,0.1526079813718796,95.35
3,Train,SAM,398,0.0015055089530657036,100.0,0.1510731583595276,95.53,0.15143142116069794,95.35
3,Train,SAM,399,0.0014862510254428076,100.0,0.14588742294311524,95.43,0.14616673653125764,95.6
3,Train,SAM,400,0.001479843636965766,100.0,0.1505650181174278,95.55,0.15113270366191864,95.37
3,Train_Extra,SAM,1,0.7981761133762452,72.6025,0.7458478651046753,74.21,0.7510455215454102,73.64
3,Train_Extra,SAM,2,0.5322410748027765,82.01,0.634519313621521,78.2,0.6279374814033508,78.4
3,Train_Extra,SAM,3,0.45051748569781025,84.8175,0.5869767918586731,80.2,0.5822019740104676,79.82
3,Train_Extra,SAM,4,0.4028089478754769,86.4575,0.5558804368019103,80.63,0.5602401368141174,80.88
3,Train_Extra,SAM,5,0.367154899687051,87.59,0.45542966718673705,85.07,0.44580002126693724,84.99
3,Train_Extra,SAM,6,0.3488045541432719,88.25,0.4689522978305817,84.06,0.4733944885253906,84.16
3,Train_Extra,SAM,7,0.33475498778941915,88.625,0.49806933517456053,83.26,0.4961616572380066,83.33
3,Train_Extra,SAM,8,0.32282857753979133,89.135,0.5246849925994873,82.55,0.538633159160614,82.23
3,Train_Extra,SAM,9,0.31568223404617735,89.32,0.5375404318809509,81.12,0.542998990726471,81.14
3,Train_Extra,SAM,10,0.30281947138972176,89.6575,0.4121161724567413,85.98,0.4140548800587654,85.77
3,Train_Extra,SAM,11,0.2923086587422953,90.265,0.5481008337974549,82.09,0.5751100650310517,81.66
3,Train_Extra,SAM,12,0.287135661267244,90.4325,0.4091536356449127,86.1,0.4042246895313263,85.94
3,Train_Extra,SAM,13,0.2810007082387662,90.5275,0.4133506028175354,86.3,0.40084832220077515,86.63
3,Train_Extra,SAM,14,0.27881896367278725,90.41,0.42943848061561585,85.32,0.4349167604446411,85.0
3,Train_Extra,SAM,15,0.27418096734883307,90.6325,0.43226097843647004,85.46,0.4220473977088928,85.49
3,Train_Extra,SAM,16,0.26888180507448156,91.0,0.3838992626190186,86.8,0.3904152973651886,86.98
3,Train_Extra,SAM,17,0.26483637051650893,91.0275,0.37555483961105346,87.1,0.3795844715118408,87.07
3,Train_Extra,SAM,18,0.26163296903760286,91.2075,0.3811453056573868,86.93,0.39619834299087525,86.86
3,Train_Extra,SAM,19,0.26143398990455907,91.1925,0.4351826247215271,85.34,0.4328968969345093,85.26
3,Train_Extra,SAM,20,0.2672192878997364,91.015,0.4606613983154297,84.96,0.4721776999235153,84.38
3,Train_Extra,SAM,21,0.26257491009399153,91.205,0.4007946335315704,86.21,0.4229759721755981,85.78
3,Train_Extra,SAM,22,0.259702849050109,91.28,0.43832513494491576,84.86,0.442654931640625,85.37
3,Train_Extra,SAM,23,0.26125333298699926,91.0725,0.4143053964138031,85.64,0.4203144982337952,85.47
3,Train_Extra,SAM,24,0.2551691221257749,91.56,0.43487837886810304,85.37,0.45355532536506654,84.53
3,Train_Extra,SAM,25,0.25856221198273927,91.3075,0.4264111557006836,85.44,0.42984468212127686,85.9
3,Train_Extra,SAM,26,0.13821837998712405,95.83,0.21121498827934265,92.61,0.21329265837669373,92.74
3,Train_Extra,SAM,27,0.09591985374879532,97.04,0.20027677086591722,93.07,0.19972741258144378,93.33
3,Train_Extra,SAM,28,0.08037658509450218,97.6125,0.1977129681587219,93.28,0.19991707384586335,93.26
3,Train_Extra,SAM,29,0.07002615169904673,97.95,0.18921529054641723,93.61,0.19468384288549423,93.41
3,Train_Extra,SAM,30,0.06476412928654268,98.1625,0.18772971408367156,93.43,0.1968551345229149,93.44
3,Train_Extra,SAM,31,0.055482168256427156,98.4775,0.187728061324358,93.52,0.1854792581677437,93.71
3,Train_Extra,SAM,32,0.050251966541686566,98.6975,0.19300285478830337,93.48,0.19483185848593712,93.4
3,Train_Extra,SAM,33,0.04628960128290394,98.82,0.18573601503372192,93.92,0.19429521893262863,93.56
3,Train_Extra,SAM,34,0.04103851929521218,98.9875,0.1886993703007698,93.71,0.189993021774292,93.58
3,Train_Extra,SAM,35,0.03783589458694092,99.125,0.1899173241496086,93.75,0.18974176275730134,93.92
3,Train_Extra,SAM,36,0.03489791054409533,99.24,0.18343328638076783,93.95,0.18589206151962281,93.85
3,Train_Extra,SAM,37,0.0312868179723668,99.3475,0.18417869226932526,93.76,0.18821311634778976,93.8
3,Train_Extra,SAM,38,0.026772625527133387,99.5475,0.1845421774506569,93.95,0.1901348407268524,93.75
3,Train_Extra,SAM,39,0.024513900250244063,99.6125,0.1749348114490509,94.03,0.18229896538257598,93.97
3,Train_Extra,SAM,40,0.023380797579527473,99.6625,0.17592252435684205,94.31,0.1825128002166748,94.01
3,Train_Extra,SAM,41,0.022842034493712856,99.615,0.18491558233499528,93.74,0.18384087544679642,93.82
3,Train_Extra,SAM,42,0.021849199811133525,99.645,0.17853157546520232,94.17,0.18375801993608476,94.15
3,Train_Extra,SAM,43,0.02124150007808456,99.635,0.1784124312400818,94.11,0.18336438897848129,93.97
3,Train_Extra,SAM,44,0.020482200401695298,99.675,0.17639281220436095,94.17,0.1800970084309578,94.08
3,Train_Extra,SAM,45,0.020336026784044486,99.6925,0.18100559319853782,94.01,0.1829548907995224,94.04
3,Train_Extra,SAM,46,0.020535583200212867,99.665,0.18584676079750062,93.84,0.18620208790302276,93.93
3,Train_Extra,SAM,47,0.01925082012159994,99.72,0.1832364325761795,93.92,0.1812172873750329,93.89
3,Train_Extra,SAM,48,0.019643586765701018,99.6925,0.17992690110206605,93.97,0.18168263356685638,94.03
3,Train_Extra,SAM,49,0.018578679540370124,99.7475,0.18419452657699584,94.01,0.1847809442549944,93.88
3,Train_Extra,SAM,50,0.019213415462130935,99.705,0.1784367661356926,94.06,0.18608471097946166,93.92
4,Train,SAM,1,1.7099548772501107,36.1975,1.4269229412078857,47.21,1.4199430816650391,47.54
4,Train,SAM,2,1.3188519900599227,51.21,1.1959869565963746,56.45,1.1953067380905151,55.78
4,Train,SAM,3,1.071190133071936,61.3425,1.0352047427177429,62.85,1.0320953746795654,63.18
4,Train,SAM,4,0.9010818261688891,67.955,0.9293893352508545,67.5,0.9258451935768127,67.34
4,Train,SAM,5,0.7676079810236971,72.9775,0.7858512063503266,72.26,0.7863010174751282,72.68
4,Train,SAM,6,0.6832251601135388,76.3825,0.7123948328971863,75.21,0.7128481046676636,74.86
4,Train,SAM,7,0.6076258257174263,79.11,0.6827761476516724,76.2,0.6860185379981995,76.75
4,Train,SAM,8,0.566807619584635,80.4825,0.6881144472122193,75.58,0.7000150073051452,75.53
4,Train,SAM,9,0.5242107217304242,82.085,0.6336761936187744,78.05,0.6350495679855347,77.87
4,Train,SAM,10,0.5114525173799679,82.4275,0.6183232895374298,79.08,0.6254138292312622,78.3
4,Train,SAM,11,0.47951939692512485,83.755,0.5725093335151672,80.23,0.5782892140388489,80.12
4,Train,SAM,12,0.46595556229448165,84.2275,0.5217361534118652,82.35,0.5227314580917358,82.43
4,Train,SAM,13,0.44713737932256997,84.8225,0.47567772402763364,83.75,0.4900877145767212,83.32
4,Train,SAM,14,0.43304893364921543,85.2725,0.5149400068759918,82.3,0.5207895338058471,82.47
4,Train,SAM,15,0.41627567511397046,85.9475,0.5509581425666809,81.77,0.5658693422317504,81.09
4,Train,SAM,16,0.4074588946926708,86.0875,0.4735288512706757,83.63,0.48054112710952757,83.51
4,Train,SAM,17,0.395409830842917,86.7225,0.44375137619972227,84.52,0.4508359052181244,84.32
4,Train,SAM,18,0.3923625037216912,86.8,0.4914185610294342,82.9,0.5020494779109955,82.4
4,Train,SAM,19,0.37707176918800644,87.34,0.43911125173568727,85.07,0.4595591356277466,84.69
4,Train,SAM,20,0.3651845392803795,87.5975,0.48810746841430663,83.19,0.4932555344581604,83.27
4,Train,SAM,21,0.36313209956446396,87.5375,0.4859265897274017,83.35,0.4854389332771301,83.12
4,Train,SAM,22,0.3653598164502805,87.66,0.48773440725803374,83.21,0.49891703729629516,82.97
4,Train,SAM,23,0.35342790719609674,88.1225,0.4503818387031555,84.65,0.47129104652404785,83.88
4,Train,SAM,24,0.34304661087144295,88.575,0.40535431489944457,86.4,0.41682894468307496,85.7
4,Train,SAM,25,0.34159512384631,88.5675,0.6266200757980347,79.18,0.6383842562675476,78.3
4,Train,SAM,26,0.33745729213895886,88.43,0.4222679679393768,85.59,0.443368696975708,85.09
4,Train,SAM,27,0.32952615713920835,88.8475,0.48686253516674044,83.53,0.4953159405708313,83.13
4,Train,SAM,28,0.32465969340298506,89.14,0.44716158194541933,84.96,0.46222484321594237,84.15
4,Train,SAM,29,0.3213413842855551,89.13,0.5154251482963562,82.44,0.5403581441402435,82.14
4,Train,SAM,30,0.3160035680182064,89.2325,0.4447975933551788,84.63,0.4545726444721222,84.39
4,Train,SAM,31,0.31303672011667927,89.44,0.400107923412323,86.4,0.40426472148895265,86.5
4,Train,SAM,32,0.30454908063807806,89.655,0.48766812438964846,83.3,0.5024341294288636,83.1
4,Train,SAM,33,0.3122700550876106,89.3825,0.41777847833633425,85.82,0.4227150324821472,85.53
4,Train,SAM,34,0.3054856065744028,89.7625,0.3622526014328003,87.86,0.39044206094741823,86.92
4,Train,SAM,35,0.3045689277945997,89.585,0.40960967209339144,86.03,0.42027843146324156,85.62
4,Train,SAM,36,0.29728557055179305,89.955,0.4427704361915588,84.94,0.4617050427913666,84.25
4,Train,SAM,37,0.29674151070868243,89.95,0.5015049023628235,82.64,0.5094416865348816,81.88
4,Train,SAM,38,0.29544449523805427,90.135,0.5280670912742614,82.94,0.5283833733558655,82.92
4,Train,SAM,39,0.300804412688691,89.755,0.4305460395336151,85.4,0.43325199275016785,85.44
4,Train,SAM,40,0.29349799501819734,90.21,0.4172906368255615,86.16,0.42389750447273256,85.71
4,Train,SAM,41,0.28700367311319225,90.285,0.4026668755054474,86.13,0.41184838070869445,85.92
4,Train,SAM,42,0.2927789257738156,90.2175,0.5465473723888398,82.44,0.5572793475151062,81.83
4,Train,SAM,43,0.2898710757589188,90.39,0.41033435773849486,86.21,0.4081227824687958,85.83
4,Train,SAM,44,0.28992571650793,90.34,0.3723147930622101,87.22,0.3831549913406372,86.87
4,Train,SAM,45,0.2860281415069446,90.345,0.38122656025886537,87.19,0.39927604603767397,86.29
4,Train,SAM,46,0.2857219374503571,90.3225,0.42793922057151795,85.62,0.4399761950969696,84.9
4,Train,SAM,47,0.283103704309692,90.505,0.35198193278312684,88.29,0.3621050591468811,87.63
4,Train,SAM,48,0.2826433863978797,90.475,0.42740111429691313,85.74,0.4380734325885773,85.33
4,Train,SAM,49,0.28244168742205766,90.5725,0.4399418812274933,85.29,0.4446198805809021,84.81
4,Train,SAM,50,0.2790983852963097,90.61,0.3841835444688797,87.04,0.38736474361419676,86.64
4,Train,SAM,51,0.2757390515682415,90.575,0.44764889571666716,84.96,0.46043825492858886,84.12
4,Train,SAM,52,0.27815963523075604,90.6675,0.37034365892410276,87.54,0.3799470827579498,87.18
4,Train,SAM,53,0.27988563949307693,90.67,0.408738703918457,85.88,0.4170595308303833,85.39
4,Train,SAM,54,0.2754528425848141,90.8275,0.40733461368083956,86.24,0.4279262502670288,85.62
4,Train,SAM,55,0.27544658121685633,90.7125,0.3882757581233978,86.74,0.40312167645692826,85.98
4,Train,SAM,56,0.2682933645507398,90.9325,0.4479194136619568,84.77,0.4570105607748032,84.95
4,Train,SAM,57,0.2753659755753252,90.87,0.3567765252828598,88.0,0.36945383450984953,87.64
4,Train,SAM,58,0.26949679256437686,91.03,0.3433742269039154,88.12,0.35256010398864746,87.79
4,Train,SAM,59,0.2718365241925176,90.9075,0.3584890397071838,87.84,0.3670735074996948,87.49
4,Train,SAM,60,0.2698907903112923,90.8725,0.34535577573776244,88.56,0.36021421790122987,87.89
4,Train,SAM,61,0.26767965122914544,90.8725,0.43469580368995664,85.75,0.45860448875427245,84.78
4,Train,SAM,62,0.26656581209109614,91.21,0.38135986285209655,87.3,0.4068368360996246,86.31
4,Train,SAM,63,0.26966630807890296,90.995,0.35539728462696074,88.01,0.36825208463668824,87.5
4,Train,SAM,64,0.2664004866593181,91.0875,0.3380521019458771,88.49,0.34685196843147276,88.3
4,Train,SAM,65,0.26392273171641195,91.2325,0.41402873554229735,86.05,0.4333153374671936,85.47
4,Train,SAM,66,0.2648455801244361,91.1225,0.3891650480747223,86.68,0.3947532903671265,86.75
4,Train,SAM,67,0.2621396929739763,91.32,0.4317741047859192,85.62,0.437205606508255,85.16
4,Train,SAM,68,0.262338987030922,91.1325,0.3717434712648392,87.23,0.38441798214912415,87.05
4,Train,SAM,69,0.2693204245152184,90.9275,0.3851442995548248,87.25,0.40473803367614747,86.71
4,Train,SAM,70,0.26119867995524176,91.385,0.35953093711137774,88.12,0.3497956479549408,88.0
4,Train,SAM,71,0.2566319101820358,91.385,0.4111924202919006,85.97,0.41325589394569395,85.95
4,Train,SAM,72,0.2626427615793368,91.1425,0.4856301742315292,83.9,0.5020440445899963,83.53
4,Train,SAM,73,0.26085317644257894,91.2775,0.4781936305999756,84.31,0.5056758771896362,83.34
4,Train,SAM,74,0.25840021179506956,91.3375,0.4066543698310852,85.84,0.4124108853816986,85.74
4,Train,SAM,75,0.25804440186808286,91.365,0.44551747660636903,85.35,0.4506577721595764,84.77
4,Train,SAM,76,0.2581681118558009,91.35,0.4442637933731079,84.73,0.45890447034835813,84.42
4,Train,SAM,77,0.2566910267066651,91.4725,0.3288330807209015,88.98,0.3403617139339447,88.58
4,Train,SAM,78,0.25559472314085063,91.27,0.3836565807342529,86.8,0.40631878004074096,86.32
4,Train,SAM,79,0.2542495189811856,91.3975,0.3860575557231903,86.81,0.39405159921646116,86.55
4,Train,SAM,80,0.2594563595165079,91.37,0.3501950353145599,88.2,0.37071387157440183,87.52
4,Train,SAM,81,0.25817702470210413,91.3875,0.45637201509475706,84.88,0.4784816738128662,83.71
4,Train,SAM,82,0.2565892606783218,91.4375,0.43640489988327025,85.26,0.4466009546279907,85.13
4,Train,SAM,83,0.25665510643404515,91.4025,0.35224063611030576,88.03,0.3729300277709961,87.36
4,Train,SAM,84,0.25983997479604837,91.2375,0.3653396769523621,87.78,0.3809928839683533,87.33
4,Train,SAM,85,0.2501200999790868,91.5925,0.38882669590711594,87.34,0.41435610218048097,86.45
4,Train,SAM,86,0.25558973501284665,91.455,0.4047783755779266,86.28,0.4022376782894134,85.87
4,Train,SAM,87,0.2512451255092987,91.675,0.3701438881158829,87.39,0.38327608251571654,86.8
4,Train,SAM,88,0.2530902844315139,91.545,0.4590909034729004,84.44,0.46772034254074096,84.49
4,Train,SAM,89,0.24913800267365793,91.685,0.42167336192131044,85.97,0.42557390756607055,85.51
4,Train,SAM,90,0.25079251621097043,91.6025,0.42959388761520384,85.76,0.45245242204666136,85.09
4,Train,SAM,91,0.2504789673101407,91.65,0.3384518213748932,88.77,0.3560983647346497,88.23
4,Train,SAM,92,0.25413035670408424,91.535,0.3414366049289703,88.69,0.35319013633728025,88.03
4,Train,SAM,93,0.25093744559505116,91.555,0.4354066104888916,85.34,0.4402209949016571,84.91
4,Train,SAM,94,0.2422076366103876,91.835,0.40927586631774904,85.9,0.42617845416069033,85.55
4,Train,SAM,95,0.2625340778654376,91.1675,0.3399792762994766,88.38,0.3474729271888733,88.48
4,Train,SAM,96,0.24996960384491534,91.59,0.3571725528240204,87.9,0.3690052642822266,87.35
4,Train,SAM,97,0.24902621378152134,91.49,0.35432287788391115,88.17,0.3650767820596695,87.52
4,Train,SAM,98,0.24819341773232714,91.54,0.41959409809112547,85.42,0.4228286732673645,85.45
4,Train,SAM,99,0.2559197992562486,91.335,0.3554552049636841,87.86,0.36469023854732513,87.83
4,Train,SAM,100,0.24924202506153728,91.7175,0.4144520047187805,85.93,0.4446437442779541,85.05
4,Train,SAM,101,0.2443127987769465,91.85,0.38569203250408174,86.72,0.4104062057256699,85.86
4,Train,SAM,102,0.25360865188768494,91.565,0.40606021690368654,86.62,0.41546057691574095,86.04
4,Train,SAM,103,0.24769609128705228,91.685,0.3279309338927269,89.01,0.33702402124404907,88.63
4,Train,SAM,104,0.24907572143755782,91.6225,0.38643325046300886,87.25,0.3889237189292908,87.13
4,Train,SAM,105,0.24897445902561607,91.635,0.40826300921440123,85.93,0.4236316421508789,85.58
4,Train,SAM,106,0.2508363221257259,91.4925,0.3497519186258316,88.45,0.3605527283668518,87.93
4,Train,SAM,107,0.24566729523884223,91.7,0.39915062477588653,86.53,0.40605321445465087,86.24
4,Train,SAM,108,0.24849989779364948,91.7375,0.3601621801018715,88.03,0.3834174193382263,87.28
4,Train,SAM,109,0.2416266046059779,91.87,0.33682502360343936,88.25,0.34800863325595854,88.34
4,Train,SAM,110,0.2490335490566473,91.715,0.4061038929462433,86.03,0.4280713618278503,85.51
4,Train,SAM,111,0.24519530295754394,91.735,0.37468237745761873,87.06,0.38555590708255766,86.7
4,Train,SAM,112,0.24235582008910256,91.995,0.35083254716396334,88.09,0.34971485385894774,87.95
4,Train,SAM,113,0.24726457446337508,91.74,0.33724446632862093,88.34,0.3497838347434998,88.33
4,Train,SAM,114,0.2493014986665485,91.57,0.34357951164245604,88.14,0.3421954280376434,88.36
4,Train,SAM,115,0.24804532977814872,91.71,0.36937975935935974,87.67,0.3718813052654266,87.37
4,Train,SAM,116,0.24058849064591595,92.03,0.3757863445520401,87.36,0.392773419713974,86.59
4,Train,SAM,117,0.25071105199119154,91.6175,0.35517819216251373,88.01,0.37545374779701235,87.28
4,Train,SAM,118,0.2464759278887758,91.7,0.3128484824180603,89.62,0.32465097374916074,89.16
4,Train,SAM,119,0.24168023448020887,91.9125,0.3678464770555496,87.26,0.38630516319274905,87.14
4,Train,SAM,120,0.24477927341533545,91.735,0.3664115657329559,87.63,0.3678625886917114,87.3
4,Train,SAM,121,0.2377946842402315,92.1,0.38584897339344026,86.95,0.39599123711586,86.39
4,Train,SAM,122,0.2426526917579075,91.8025,0.3663552893638611,87.24,0.3768713712930679,86.98
4,Train,SAM,123,0.24229243654793445,91.915,0.3711136420726776,86.96,0.38758277130126956,86.79
4,Train,SAM,124,0.2484544901706921,91.5775,0.4233107136249542,85.44,0.4221720972061157,85.52
4,Train,SAM,125,0.24308898507025295,91.91,0.322157524394989,88.84,0.3379991027832031,88.81
4,Train,SAM,126,0.2479319440813872,91.495,0.3820273509979248,87.18,0.41093221745491026,86.1
4,Train,SAM,127,0.24472351381763482,91.87,0.32396047015190127,89.47,0.3408906484365463,88.15
4,Train,SAM,128,0.2397988023230443,91.9875,0.36478774049282076,88.0,0.38085299663543704,87.49
4,Train,SAM,129,0.2421681769787313,91.89,0.3076492363452911,89.64,0.3240469289302826,89.0
4,Train,SAM,130,0.24321894211986195,91.97,0.3627602928161621,87.82,0.3822071765422821,87.18
4,Train,SAM,131,0.23768918663739397,92.0025,0.3311242465496063,89.0,0.3463712019920349,88.24
4,Train,SAM,132,0.2459550724861721,91.7,0.3892548835277557,86.52,0.3942639087677002,86.46
4,Train,SAM,133,0.23967807109173114,91.8825,0.34709744181632995,88.68,0.38543827075958254,86.88
4,Train,SAM,134,0.23901071594641232,92.04,0.36009809455871583,87.59,0.3656058789730072,87.57
4,Train,SAM,135,0.2417876512859576,91.9225,0.4395153227806091,84.93,0.4595371488571167,84.57
4,Train,SAM,136,0.24261603352075187,91.9525,0.35085440621376035,87.91,0.36982055201530456,87.44
4,Train,SAM,137,0.24031371442368998,91.905,0.5190898096561432,82.61,0.5262025935649872,82.07
4,Train,SAM,138,0.23862900792028957,91.98,0.3421183783531189,88.15,0.3610296280384064,87.69
4,Train,SAM,139,0.244574943622842,91.725,0.3855668225288391,87.28,0.39573940447568895,86.77
4,Train,SAM,140,0.23897573863641142,92.0075,0.35616531682014463,87.89,0.35706836156845095,87.82
4,Train,SAM,141,0.24049780553522201,91.9675,0.38231304438114166,86.69,0.38741099350452424,86.54
4,Train,SAM,142,0.24052432591256243,91.9475,0.4669339973449707,84.54,0.49021277208328246,83.85
4,Train,SAM,143,0.24350224523403394,91.8375,0.34304299960136414,88.48,0.3523904029369354,88.21
4,Train,SAM,144,0.242096534623696,91.8225,0.3406811224460602,88.28,0.3565600389480591,87.8
4,Train,SAM,145,0.2369261406147823,92.1925,0.4147362308740616,86.02,0.43471641716957093,85.27
4,Train,SAM,146,0.24608186077766905,91.8575,0.32741388122439385,89.04,0.34563526153564456,88.42
4,Train,SAM,147,0.24191945962631664,91.92,0.40553092279434205,85.95,0.4297114511489868,85.4
4,Train,SAM,148,0.23966392634299616,91.935,0.34198948945999147,88.71,0.34972879815101626,87.87
4,Train,SAM,149,0.23897625017946902,91.95,0.35634171962738037,87.9,0.3575821370124817,87.69
4,Train,SAM,150,0.23870345800162884,91.8775,0.416770410323143,85.45,0.4287099019050598,85.62
4,Train,SAM,151,0.24091910254269744,91.995,0.361069349193573,87.76,0.39048101851940153,86.72
4,Train,SAM,152,0.24397200824448856,91.7675,0.3374909278154373,88.44,0.35276562147140506,88.16
4,Train,SAM,153,0.23922958046483536,92.04,0.41757004470825193,86.15,0.4283217402458191,85.9
4,Train,SAM,154,0.23686863477237688,92.0075,0.3383496354341507,88.36,0.35200458984375,88.46
4,Train,SAM,155,0.23635651890081338,92.27,0.4443416424751282,84.96,0.4668865160942078,84.6
4,Train,SAM,156,0.24173205160199643,91.84,0.42452789821624753,85.44,0.4517738687038422,84.82
4,Train,SAM,157,0.23575366738314826,92.0425,0.3648398089528084,87.64,0.375542422914505,87.2
4,Train,SAM,158,0.2319329246259726,92.2975,0.3251498768925667,88.99,0.33472157125473023,88.69
4,Train,SAM,159,0.23659439184985603,92.1475,0.3741713238120079,87.41,0.3804696818828583,86.93
4,Train,SAM,160,0.24004508395450183,91.93,0.34322911262512207,88.62,0.34409266624450685,88.28
4,Train,SAM,161,0.24084880955207844,91.995,0.36667178794145583,87.48,0.38592504658699034,86.92
4,Train,SAM,162,0.2364339567601871,92.135,0.34564934930801394,88.26,0.36057764530181885,87.6
4,Train,SAM,163,0.2309146101196734,92.29,0.4314985902309418,85.39,0.44722144145965576,84.7
4,Train,SAM,164,0.24398360977443262,91.7975,0.3335426812827587,88.91,0.34139587588310244,88.88
4,Train,SAM,165,0.23618501741379594,92.2275,0.39200698499679565,86.59,0.39802325603961947,86.15
4,Train,SAM,166,0.23988161409815278,91.94,0.34085322486162184,88.63,0.3494249502658844,88.05
4,Train,SAM,167,0.23939428735560123,92.0175,0.36751937408447266,87.56,0.3810074479579926,87.23
4,Train,SAM,168,0.2337718167767738,92.11,0.3902614787101746,86.49,0.4111604467868805,86.31
4,Train,SAM,169,0.23683396276955407,92.0325,0.38876455397605897,87.04,0.3912277414560318,86.95
4,Train,SAM,170,0.2356333505278959,92.075,0.3896239354610443,87.03,0.3807983870506287,87.56
4,Train,SAM,171,0.24051159244185438,91.985,0.34123941650390627,88.68,0.35026788387298585,88.33
4,Train,SAM,172,0.2388746393041108,92.0925,0.36565476689338683,87.41,0.3790595711946487,87.39
4,Train,SAM,173,0.23667799648099813,92.08,0.32587994520664215,89.19,0.33571779203414914,88.92
4,Train,SAM,174,0.23164606825136147,92.3275,0.4374725215435028,85.53,0.484801593375206,83.76
4,Train,SAM,175,0.23036958758061687,92.285,0.3619198839664459,87.65,0.3712946566104889,87.5
4,Train,SAM,176,0.23529724733898053,92.17,0.35389216310977933,88.35,0.3713507712364197,87.98
4,Train,SAM,177,0.23649112163736416,92.075,0.3498735692501068,88.46,0.35288129472732543,87.68
4,Train,SAM,178,0.2342149604100008,92.23,0.35854137029647826,88.14,0.38366540460586546,87.02
4,Train,SAM,179,0.236051666422393,92.3,0.3004331962585449,89.73,0.32395241537094116,89.4
4,Train,SAM,180,0.23935977181497092,92.03,0.3672788630962372,87.49,0.37974150955677033,87.02
4,Train,SAM,181,0.23682176576445277,92.0925,0.4342760719537735,85.86,0.4359643666267395,85.73
4,Train,SAM,182,0.23311961073273668,92.22,0.3697447082042694,87.12,0.3744603988647461,87.07
4,Train,SAM,183,0.23311372482167264,92.2925,0.35119188332557677,88.1,0.3675352926254272,87.7
4,Train,SAM,184,0.23429989624328126,91.9925,0.3415431314945221,88.22,0.3705131962776184,87.49
4,Train,SAM,185,0.23211362427130294,92.265,0.3708642104625702,87.55,0.3730040701389313,87.23
4,Train,SAM,186,0.2329323183947478,92.1925,0.3393742568731308,88.34,0.3515141656398773,88.31
4,Train,SAM,187,0.2371353285428815,91.99,0.34810591945648195,88.07,0.3588292642116547,88.07
4,Train,SAM,188,0.23287365097588245,92.165,0.4140694051742554,85.6,0.4253764796733856,85.39
4,Train,SAM,189,0.22878764591182763,92.35,0.32355661680698394,88.84,0.3340970676898956,88.45
4,Train,SAM,190,0.22883154485172358,92.34,0.3296686456203461,88.68,0.34773011565208434,88.26
4,Train,SAM,191,0.2348627600664148,92.175,0.4118797990322113,86.31,0.4348280448436737,85.23
4,Train,SAM,192,0.23426105891363308,92.085,0.3531723575115204,87.88,0.36715623960495,87.34
4,Train,SAM,193,0.2348530993532068,92.0775,0.36237435212135316,87.73,0.3593414807319641,87.82
4,Train,SAM,194,0.23502687481455148,92.185,0.44460875208377837,84.97,0.4536300930023193,84.7
4,Train,SAM,195,0.23466725502246485,92.155,0.3548775619506836,87.93,0.3626621856212616,87.53
4,Train,SAM,196,0.2371827872178425,92.0925,0.3417882257461548,88.13,0.35988221254348757,87.63
4,Train,SAM,197,0.22905157592159492,92.35,0.38403157639503477,87.1,0.40025878427028655,86.48
4,Train,SAM,198,0.23672748133302116,92.1725,0.3377368845939636,88.54,0.355304939365387,88.02
4,Train,SAM,199,0.23357155188299217,92.135,0.3427856786966324,88.38,0.3389360896110535,88.52
4,Train,SAM,200,0.2337802450973005,92.255,0.34511522769927977,88.16,0.35527643265724185,88.18
4,Train,SAM,201,0.2324005729331376,92.21,0.37925858446359634,87.06,0.38176519241333007,87.08
4,Train,SAM,202,0.23947684366862995,92.05,0.35766541182994843,87.71,0.37099568409919736,87.29
4,Train,SAM,203,0.22774589118866112,92.4075,0.34244600083827975,88.06,0.3493326188325882,88.05
4,Train,SAM,204,0.22819084747911642,92.3825,0.32864778714179993,88.47,0.34556959228515627,88.6
4,Train,SAM,205,0.23564541575531608,92.05,0.36456879613399507,87.72,0.38839852056503293,86.93
4,Train,SAM,206,0.23159950138471377,92.34,0.34160282871723174,88.31,0.35917885193824767,87.76
4,Train,SAM,207,0.232124585432176,92.3325,0.32582207415103914,89.0,0.33827608270645143,88.37
4,Train,SAM,208,0.22927778668868276,92.275,0.328449050962925,88.74,0.3391692990064621,88.36
4,Train,SAM,209,0.23086646125434687,92.3975,0.407125591135025,86.4,0.41070844306945803,86.61
4,Train,SAM,210,0.23495224687142874,92.125,0.3591526948928833,87.81,0.36073928861618043,87.78
4,Train,SAM,211,0.23331806601617283,92.12,0.37699326868057254,87.23,0.39078634741306306,86.38
4,Train,SAM,212,0.2311271879905329,92.335,0.36190563690662386,87.9,0.3585232072353363,87.69
4,Train,SAM,213,0.2371745743928626,92.085,0.3655054503917694,87.62,0.3746965400695801,87.19
4,Train,SAM,214,0.22974589402778461,92.205,0.341294562458992,88.42,0.34363179721832277,88.56
4,Train,SAM,215,0.22640440544000448,92.4425,0.3242909296393394,88.72,0.33818760063648223,88.75
4,Train,SAM,216,0.23704732345125545,92.115,0.3387000183820725,88.54,0.3483971135616302,88.22
4,Train,SAM,217,0.2267371016664627,92.3225,0.3591850920200348,87.93,0.3854942234516144,87.25
4,Train,SAM,218,0.23028721115269218,92.28,0.3259047001838684,89.01,0.34716055307388305,88.25
4,Train,SAM,219,0.2310134137924106,92.27,0.3115613066673279,89.26,0.33188085799217226,88.72
4,Train,SAM,220,0.2288880405334619,92.335,0.4397010811328888,85.12,0.45587205703258515,84.88
4,Train,SAM,221,0.2406162855010063,92.1125,0.32752800769805906,88.9,0.3449625008106232,88.47
4,Train,SAM,222,0.2298417748829808,92.2225,0.34309199948310853,88.4,0.36098878059387207,87.96
4,Train,SAM,223,0.22473626714735367,92.5925,0.38407219920158386,87.06,0.38193759241104125,87.17
4,Train,SAM,224,0.23182153754150525,92.195,0.3636611256480217,87.54,0.36421366510391234,87.69
4,Train,SAM,225,0.22870546772171513,92.4,0.4123009503364563,86.2,0.4215034200668335,86.14
4,Train,SAM,226,0.23030309933728685,92.235,0.32161900153160095,88.81,0.31986330099105836,89.27
4,Train,SAM,227,0.22730718407863246,92.4975,0.3859707315802574,86.79,0.3886725902080536,87.06
4,Train,SAM,228,0.2380984623354083,92.0,0.52044509973526,83.12,0.5282761697769165,82.29
4,Train,SAM,229,0.22798891575001298,92.4075,0.34977839567661284,88.18,0.34890573735237124,88.22
4,Train,SAM,230,0.24078616028586133,91.9275,0.3513317762374878,88.43,0.3698353157043457,87.65
4,Train,SAM,231,0.22846582534309393,92.4375,0.4077875209569931,86.0,0.40882624158859254,85.91
4,Train,SAM,232,0.23083713905403788,92.26,0.40808997855186463,86.16,0.42015817124843596,85.95
4,Train,SAM,233,0.23287880537323297,92.125,0.34249234628677366,87.97,0.3445497935295105,87.8
4,Train,SAM,234,0.23165366781976657,92.2275,0.40909177083969117,86.4,0.4315223961830139,85.89
4,Train,SAM,235,0.22999573832217116,92.3075,0.37438060973882675,87.54,0.39641932401657104,86.86
4,Train,SAM,236,0.23059254096815,92.3075,0.340202804517746,88.14,0.34792079685926436,88.04
4,Train,SAM,237,0.23131358028410343,92.335,0.30607195825576783,89.76,0.3195781418800354,88.97
4,Train,SAM,238,0.2331464404400926,92.225,0.5282099375963211,82.52,0.5133003840446472,82.9
4,Train,SAM,239,0.23212712584212183,92.265,0.40145429075956346,86.26,0.40641773567199707,86.12
4,Train,SAM,240,0.22815042408034444,92.33,0.3293427960038185,88.76,0.3455703989982605,88.54
4,Train,SAM,241,0.2284521993023519,92.425,0.4196875252723694,85.59,0.4438927669048309,85.18
4,Train,SAM,242,0.22841379222588037,92.3975,0.3195570093870163,88.91,0.33031602110862734,88.85
4,Train,SAM,243,0.23015996368643574,92.3425,0.34811226749420165,88.26,0.35279885263442995,88.43
4,Train,SAM,244,0.23402851060651741,92.21,0.35347270855903623,87.87,0.3480288477420807,87.88
4,Train,SAM,245,0.22675668905242183,92.4125,0.358094016122818,87.6,0.36676617107391357,87.67
4,Train,SAM,246,0.2288107867010485,92.3525,0.35260502462387083,87.78,0.3581851078033447,87.83
4,Train,SAM,247,0.22986443809712656,92.45,0.39166469382047653,87.01,0.3893406674861908,87.02
4,Train,SAM,248,0.23109968475545176,92.1275,0.36768906891345976,87.68,0.3869877479195595,86.93
4,Train,SAM,249,0.22801905894241395,92.23,0.39951015136241913,86.49,0.40357934250831606,86.32
4,Train,SAM,250,0.22809219967347746,92.4325,0.4074081202507019,86.06,0.41556391134262083,85.92
4,Train,SAM,251,0.22950049058888286,92.32,0.3338485544204712,88.94,0.3445496661901474,88.31
4,Train,SAM,252,0.22674678642148027,92.3875,0.35532227971553804,88.18,0.3683409281730652,87.96
4,Train,SAM,253,0.22934744533258505,92.34,0.3568623098790646,87.89,0.3598733953952789,87.66
4,Train,SAM,254,0.22884080051994934,92.14,0.3462721310138702,88.74,0.3432682430744171,88.43
4,Train,SAM,255,0.22655519321798898,92.4825,0.30768196778297424,89.84,0.32785153412818907,89.37
4,Train,SAM,256,0.22970587691179098,92.315,0.3492618792533875,88.28,0.3659052764892578,88.27
4,Train,SAM,257,0.23095116040672356,92.315,0.40966421604156494,86.46,0.4234773376464844,85.93
4,Train,SAM,258,0.23038900157990166,92.355,0.3242498927116394,89.12,0.33794704265594483,88.5
4,Train,SAM,259,0.23013152801000272,92.24,0.39467252287864685,86.85,0.40031466813087463,86.5
4,Train,SAM,260,0.2301230378472767,92.36,0.3817828163266182,87.03,0.37772415266036985,87.08
4,Train,SAM,261,0.2333554980425408,92.155,0.3807020192027092,87.35,0.40261409068107606,87.04
4,Train,SAM,262,0.23050483311422335,92.32,0.37529612312316896,87.9,0.3906062282562256,86.86
4,Train,SAM,263,0.2266067877030982,92.305,0.3623143967151642,87.53,0.36695241675376894,87.34
4,Train,SAM,264,0.2320188752140481,92.185,0.35516479539871215,87.94,0.37068878440856934,87.45
4,Train,SAM,265,0.2282705558374667,92.225,0.3433325545310974,88.27,0.36652737143039704,87.83
4,Train,SAM,266,0.2308267472555843,92.36,0.3510193331003189,88.16,0.35663407793045043,88.07
4,Train,SAM,267,0.2330213092719785,92.2625,0.38903584102392197,86.87,0.3931325632095337,86.59
4,Train,SAM,268,0.22567826866532287,92.445,0.36854827818870545,87.31,0.3869506359577179,86.91
4,Train,SAM,269,0.23226546788939273,92.325,0.34448507165908815,88.67,0.346563795375824,88.42
4,Train,SAM,270,0.23016375917405746,92.3675,0.4051206999540329,86.54,0.4295306952953339,85.59
4,Train,SAM,271,0.23594225928806267,92.1825,0.32933683174848555,89.14,0.3367417459964752,88.32
4,Train,SAM,272,0.2305882327234783,92.365,0.37246727585792544,87.38,0.39092897109985353,86.49
4,Train,SAM,273,0.23055610636743112,92.1675,0.34593044997453687,88.37,0.3648086272716522,88.0
4,Train,SAM,274,0.23081308034376596,92.2925,0.3950433581352234,86.98,0.412376212310791,85.95
4,Train,SAM,275,0.22434791498862136,92.59,0.3462962930202484,88.03,0.3513060851097107,87.98
4,Train,SAM,276,0.2370623928575089,92.0475,0.33620716142654417,88.39,0.3488916025161743,88.0
4,Train,SAM,277,0.23269981526719113,92.31,0.46012063195705416,84.49,0.4738194103240967,84.68
4,Train,SAM,278,0.23323610353584107,92.155,0.4107100282669067,86.41,0.43280040030479433,85.63
4,Train,SAM,279,0.22516926746970167,92.5725,0.38068157554864884,86.94,0.3840787119150162,86.77
4,Train_Extra,SAM,1,0.23084940161472692,92.2025,0.40032685561180115,86.74,0.40794421038627626,85.88
4,Train_Extra,SAM,2,0.23864330722691532,91.9925,0.35985201659202576,87.82,0.3692834208011627,87.88
4,Train_Extra,SAM,3,0.23436476525883324,92.2275,0.33004422364234925,88.87,0.33501297578811645,88.67
4,Train_Extra,SAM,4,0.23871563308345625,92.01,0.33788536856174467,88.72,0.3423929097890854,88.35
4,Train_Extra,SAM,5,0.23266325619654915,92.1675,0.3326786789894104,88.55,0.3423832399368286,88.38
4,Train_Extra,SAM,6,0.23805357477725886,91.89,0.3167115552186966,89.39,0.3356941974163055,88.93
4,Train_Extra,SAM,7,0.23525335608770293,92.1875,0.35512415001392367,88.1,0.3630301811695099,87.49
4,Train_Extra,SAM,8,0.2310936544031,92.1825,0.3353074274778366,88.86,0.3558243019580841,88.27
4,Train_Extra,SAM,9,0.23604093627712597,91.9625,0.33646787145137785,88.43,0.34866183454990385,88.34
4,Train_Extra,SAM,10,0.23274243427827335,92.255,0.3529485454082489,88.27,0.35801483998298644,87.97
4,Train_Extra,SAM,11,0.23205820494852128,92.2575,0.43913020186424256,84.91,0.45947377614974977,84.69
4,Train_Extra,SAM,12,0.2359498246504476,92.175,0.3449998395681381,88.11,0.3557896235466003,87.55
4,Train_Extra,SAM,13,0.2275741802998625,92.3775,0.34088787751197813,88.44,0.33287796308994294,88.54
4,Train_Extra,SAM,14,0.23197612080711144,92.1975,0.3766221395730972,87.05,0.39658982486724853,86.59
4,Train_Extra,SAM,15,0.23369995495096182,92.2575,0.38679336071014403,87.09,0.4081878399848938,86.33
4,Train_Extra,SAM,16,0.23372827846402178,92.4,0.30658279597759247,89.88,0.33821908011436463,88.72
4,Train_Extra,SAM,17,0.23521805435609514,92.11,0.32247747750282285,89.33,0.32268623909950256,89.14
4,Train_Extra,SAM,18,0.23321912801875094,92.12,0.3535777912974358,88.21,0.36125841708183287,87.87
4,Train_Extra,SAM,19,0.2361969449601996,92.1625,0.37057519421577456,87.82,0.3787411539316177,87.33
4,Train_Extra,SAM,20,0.23167081562855754,92.32,0.3701267157316208,87.96,0.38715319520235064,87.03
4,Train_Extra,SAM,21,0.2332475728120286,92.11,0.3815903454303741,87.06,0.38475364117622374,86.81
4,Train_Extra,SAM,22,0.23321244649041575,92.21,0.33166919934749606,88.92,0.33573163504600523,88.74
4,Train_Extra,SAM,23,0.2366991809334237,92.1075,0.3421961654901505,88.17,0.35292195205688476,87.45
4,Train_Extra,SAM,24,0.2363896776264468,92.08,0.3486292055130005,87.81,0.3564591953754425,87.65
4,Train_Extra,SAM,25,0.23364765149431108,92.1875,0.34272852668762205,88.36,0.36292525196075437,87.89
4,Train_Extra,SAM,26,0.22611206558089667,92.4975,0.36519252628087995,87.37,0.38916554260253905,86.91
4,Train_Extra,SAM,27,0.23250458846553065,92.325,0.41513046407699583,86.29,0.43555285143852235,85.67
4,Train_Extra,SAM,28,0.23675509192311345,92.0625,0.37902976310253145,87.19,0.4044348027229309,86.42
4,Train_Extra,SAM,29,0.23275666079296473,92.17,0.35937904324531555,87.61,0.36835949935913087,87.71
4,Train_Extra,SAM,30,0.2349067005676964,92.1875,0.3605394609451294,87.5,0.36470531435012815,87.68
4,Train_Extra,SAM,31,0.22897046342634927,92.375,0.37633680758476257,87.23,0.3863402854919434,86.78
4,Train_Extra,SAM,32,0.2375606685495986,92.205,0.3421690550327301,88.69,0.36202042303085324,87.66
4,Train_Extra,SAM,33,0.23088513117152662,92.2925,0.391750203037262,86.26,0.41494247341156004,85.85
4,Train_Extra,SAM,34,0.23857138286859464,92.035,0.3690923150539398,87.34,0.3818556916117668,87.17
4,Train_Extra,SAM,35,0.230732761323452,92.1425,0.33667180522680284,88.41,0.3470682334899902,88.0
4,Train_Extra,SAM,36,0.22722688698159238,92.38,0.33822228620052336,88.61,0.34660516176223755,88.13
4,Train_Extra,SAM,37,0.23623650511518454,92.12,0.31380113706588747,89.31,0.3424874765396118,88.44
4,Train_Extra,SAM,38,0.22797006832810637,92.36,0.37237680354118347,87.27,0.37415995988845824,87.47
4,Train_Extra,SAM,39,0.23293252874867984,92.24,0.38117670418024063,87.29,0.3828875939369202,86.88
4,Train_Extra,SAM,40,0.238865455428061,92.1075,0.3600351999044418,87.38,0.3777541647911072,87.53
4,Train_Extra,SAM,41,0.2310007565413801,92.29,0.3708185332298279,87.57,0.3982282382249832,86.77
4,Train_Extra,SAM,42,0.23017230877480188,92.2675,0.404047092461586,86.51,0.4188750215291977,85.99
4,Train_Extra,SAM,43,0.22723295422979056,92.415,0.34678082673549654,88.35,0.3690717647075653,87.69
4,Train_Extra,SAM,44,0.23440849271635658,92.045,0.3804640913963318,87.24,0.3898009831428528,87.13
4,Train_Extra,SAM,45,0.2302920761913918,92.2825,0.3339712102174759,88.62,0.3609296144485474,87.85
4,Train_Extra,SAM,46,0.23047373470026083,92.2575,0.3640769432544708,87.49,0.3836496988773346,87.22
4,Train_Extra,SAM,47,0.23240948316102591,92.27,0.3836094092130661,87.14,0.37006122546195985,87.5
4,Train_Extra,SAM,48,0.2346741134842364,92.235,0.3313356700062752,88.9,0.3524535347223282,87.92
4,Train_Extra,SAM,49,0.23714639544010924,92.135,0.3483802952766418,88.22,0.36563103928565976,88.0
4,Train_Extra,SAM,50,0.2275420014803021,92.4175,0.3640507285118103,87.72,0.37302285840511323,87.37
4,Train_Extra,SAM,51,0.23020371980370044,92.2975,0.3354684930562973,88.55,0.3448463594913483,88.47
4,Train_Extra,SAM,52,0.2306183708218721,92.335,0.348968071770668,87.63,0.3537590268611908,87.95
4,Train_Extra,SAM,53,0.23577812123603334,92.2375,0.37523156713247297,87.02,0.376601343536377,87.18
4,Train_Extra,SAM,54,0.23230288827571624,92.255,0.3781107934474945,87.08,0.3699935122013092,87.64
4,Train_Extra,SAM,55,0.23085367646270666,92.1775,0.3845761572599411,86.84,0.39046089320182803,87.05
4,Train_Extra,SAM,56,0.22873910123738236,92.305,0.3496131306529045,88.37,0.3563688193798065,87.79
4,Train_Extra,SAM,57,0.23000400137310972,92.3325,0.4325495923399925,85.49,0.41875662536621094,85.86
4,Train_Extra,SAM,58,0.23414120408959282,92.28,0.31921605234146117,89.31,0.32236117615699766,89.3
4,Train_Extra,SAM,59,0.22914535785540224,92.3275,0.3208770685434341,89.35,0.3375323459148407,88.47
4,Train_Extra,SAM,60,0.22940491039912922,92.3925,0.30256766140460967,89.71,0.31484337615966795,89.34
4,Train_Extra,SAM,61,0.2311328782345921,92.2575,0.356313152551651,88.01,0.3749639524936676,87.02
4,Train_Extra,SAM,62,0.2325770119651438,92.2425,0.36912547080516817,87.48,0.3859062566757202,87.11
4,Train_Extra,SAM,63,0.2285184931640808,92.2875,0.3730645389556885,87.22,0.39681829068660734,86.96
4,Train_Extra,SAM,64,0.23267644489059053,92.2675,0.34859483125209806,88.26,0.3555737067699432,88.28
4,Train_Extra,SAM,65,0.23065204949329454,92.2425,0.33745451288223266,88.85,0.3575976755619049,87.84
4,Train_Extra,SAM,66,0.23315590239180545,92.225,0.41059980432987214,86.1,0.4301202500343323,85.37
4,Train_Extra,SAM,67,0.2269643737247196,92.2725,0.33149399757385256,88.48,0.3490619327068329,87.89
4,Train_Extra,SAM,68,0.23003225635511046,92.4025,0.3347716284990311,88.73,0.35801315250396726,87.72
4,Train_Extra,SAM,69,0.23065040891353314,92.3525,0.31568400844335553,89.58,0.3376213952064514,88.63
4,Train_Extra,SAM,70,0.22951039200583204,92.305,0.36918640060424807,87.18,0.3773798208475113,87.13
4,Train_Extra,SAM,71,0.23292490473380104,92.3075,0.34249748544692993,88.28,0.34814214622974393,87.91
4,Train_Extra,SAM,72,0.2282538806525663,92.3175,0.34669839444756506,88.1,0.3705243000507355,87.22
4,Train_Extra,SAM,73,0.23154940841773067,92.3,0.34303829263448715,88.41,0.35506659898757936,88.02
4,Train_Extra,SAM,74,0.22588623531710225,92.485,0.3673650148868561,87.48,0.3760640742301941,87.45
4,Train_Extra,SAM,75,0.22778693984110895,92.305,0.3373335491657257,88.52,0.35397611360549924,88.07
4,Train_Extra,SAM,76,0.22785017394219725,92.4525,0.3413351334095001,88.61,0.3468325753211975,87.84
4,Train_Extra,SAM,77,0.22321082470706477,92.5125,0.37274737226963045,87.28,0.3849860480308533,86.92
4,Train_Extra,SAM,78,0.23437731127483777,92.095,0.3633284624576569,87.85,0.3789736619949341,87.16
4,Train_Extra,SAM,79,0.2302302284457813,92.3925,0.3694070832490921,87.23,0.37503458743095397,87.43
4,Train_Extra,SAM,80,0.22827351469391832,92.3825,0.39916994767189024,86.7,0.41346503987312316,86.16
4,Train_Extra,SAM,81,0.23041644135412698,92.3275,0.3354784152746201,88.83,0.34448765945434573,88.51
4,Train_Extra,SAM,82,0.23208372285381293,92.1875,0.3456040471315384,88.4,0.36502711663246157,87.79
4,Train_Extra,SAM,83,0.22891835761241638,92.4075,0.30974292786121366,89.76,0.331705290222168,88.81
4,Train_Extra,SAM,84,0.22758921102498667,92.4075,0.36677832612991335,87.67,0.38978278188705445,87.17
4,Train_Extra,SAM,85,0.23688402248266788,92.0375,0.3859891882419586,87.22,0.39187901210784915,86.36
4,Train_Extra,SAM,86,0.2312728776194798,92.2425,0.3281702933549881,89.11,0.35183634684085846,88.31
4,Train_Extra,SAM,87,0.22820372984241755,92.3425,0.3615006100177765,87.64,0.3668792082309723,87.12
4,Train_Extra,SAM,88,0.23155297831700633,92.345,0.3595188719511032,87.74,0.369372869348526,87.69
4,Train_Extra,SAM,89,0.2344623563198236,92.135,0.36577412548065186,87.62,0.3752250897407532,87.16
4,Train_Extra,SAM,90,0.2259747824920252,92.51,0.32929412269592284,88.71,0.3467185946464539,88.31
4,Train_Extra,SAM,91,0.22617048060836883,92.52,0.457004523229599,84.91,0.4664219285011291,85.09
4,Train_Extra,SAM,92,0.23041115551234814,92.35,0.38661168665885925,86.96,0.4006237236022949,86.68
4,Train_Extra,SAM,93,0.229410942941428,92.39,0.3739106805086136,87.7,0.38780134515762327,87.09
4,Train_Extra,SAM,94,0.22580982456668117,92.345,0.36156472492218017,87.79,0.367341027033329,87.56
4,Train_Extra,SAM,95,0.2248945878193782,92.5525,0.3575384998559952,87.68,0.3762386765241623,87.19
4,Train_Extra,SAM,96,0.23246157654938987,92.1725,0.3517768090248108,87.62,0.36664274492263793,87.32
4,Train_Extra,SAM,97,0.2269675630730943,92.3425,0.32867311396598814,89.08,0.34494248871803285,88.52
4,Train_Extra,SAM,98,0.22646979701976044,92.5375,0.39853672618865965,86.09,0.4150663811683655,85.79
4,Train_Extra,SAM,99,0.22637256841880446,92.4775,0.36432595789432526,87.5,0.3830584989309311,86.7
4,Train_Extra,SAM,100,0.23020515683740853,92.285,0.3588945178985596,87.77,0.368312621307373,87.56
4,Train_Extra,SAM,101,0.11927417387215855,96.44,0.1905171804368496,93.36,0.2033555733561516,93.01
4,Train_Extra,SAM,102,0.0761744599884596,97.8375,0.17241476588249208,94.18,0.18544541862010955,93.7
4,Train_Extra,SAM,103,0.06380185181983172,98.1825,0.16820347082614898,94.25,0.18451700508594512,93.68
4,Train_Extra,SAM,104,0.05247457705128688,98.655,0.16922584699392318,94.16,0.1813925040125847,94.0
4,Train_Extra,SAM,105,0.04835124124591343,98.805,0.1654729777663946,94.56,0.17500771898627282,93.84
4,Train_Extra,SAM,106,0.042036628802887166,98.9675,0.16556572871506214,94.39,0.17398769397735594,94.27
4,Train_Extra,SAM,107,0.037324395938255726,99.1025,0.16840140158683062,94.57,0.17146434066295624,94.17
4,Train_Extra,SAM,108,0.03337365936208219,99.2525,0.1571306684345007,94.9,0.17804415923953057,94.01
4,Train_Extra,SAM,109,0.03097305581503259,99.3075,0.16681461903713643,94.43,0.17567068511247635,93.97
4,Train_Extra,SAM,110,0.02718679719536116,99.4225,0.16047906444296242,94.74,0.17320575277805328,94.09
4,Train_Extra,SAM,111,0.025180622093236675,99.51,0.1663143441386521,94.5,0.17159026165008545,94.38
4,Train_Extra,SAM,112,0.023128449314306625,99.5525,0.1611339559495449,94.61,0.17246328482627868,94.07
4,Train_Extra,SAM,113,0.021057607695317497,99.6525,0.16816302626281976,94.65,0.16791652934551238,94.44
4,Train_Extra,SAM,114,0.02104348042003882,99.62,0.16008120089769362,94.74,0.17088126997947692,94.48
4,Train_Extra,SAM,115,0.019334294444943865,99.6675,0.15555848050471396,94.79,0.1669503854036331,94.27
4,Train_Extra,SAM,116,0.018097529165482466,99.7125,0.16312415666803717,94.68,0.17217078900337218,94.09
4,Train_Extra,SAM,117,0.016958444718473825,99.765,0.16093860217630862,94.91,0.17278291162252427,93.96
4,Train_Extra,SAM,118,0.01604483633662184,99.81,0.1616542684972286,94.84,0.1766790033221245,94.23
4,Train_Extra,SAM,119,0.015377682941659285,99.7875,0.1589490178886801,94.78,0.16998546168804168,94.28
4,Train_Extra,SAM,120,0.014801878113144883,99.8425,0.16115705188959836,94.88,0.1722503648042679,94.11
4,Train_Extra,SAM,121,0.014417108234625083,99.8275,0.1642814421672374,94.55,0.1705191648006439,94.28
4,Train_Extra,SAM,122,0.013825096368504028,99.885,0.16190108661651612,94.58,0.18259030995368958,94.15
4,Train_Extra,SAM,123,0.013588382167735705,99.8625,0.1639865653961897,94.66,0.17152715356349946,94.33
4,Train_Extra,SAM,124,0.01252889871811524,99.8925,0.15656486441940068,94.82,0.17039029128551483,94.45
4,Train_Extra,SAM,125,0.012887488260639075,99.8575,0.16036923278495668,94.76,0.1712782581806183,94.34
4,Train_Extra,SAM,126,0.012478544082218846,99.8675,0.14914276860430836,94.98,0.17029185285568238,94.28
4,Train_Extra,SAM,127,0.011251941425190233,99.92,0.15940783386826515,94.86,0.17611032952070235,94.01
4,Train_Extra,SAM,128,0.011972727643819852,99.8925,0.16685614284425973,94.78,0.17244990640878677,94.29
4,Train_Extra,SAM,129,0.012156279682488249,99.9025,0.158746277423203,94.78,0.17689193122386931,93.9
4,Train_Extra,SAM,130,0.011598832446326035,99.91,0.15619209121093153,94.9,0.17725725633502007,94.43
4,Train_Extra,SAM,131,0.012313546993719122,99.8825,0.16090571492388844,94.72,0.17236311244368552,94.02
4,Train_Extra,SAM,132,0.012375528719603492,99.875,0.1573165147766471,94.85,0.16752616220116615,94.38
4,Train_Extra,SAM,133,0.011835356566537255,99.9075,0.15639297921955586,94.75,0.17355644493103028,94.35
4,Train_Extra,SAM,134,0.011271085366219902,99.9175,0.15895186087191104,94.89,0.181476620388031,93.89
4,Train_Extra,SAM,135,0.01141521618805659,99.9075,0.1631530880600214,94.66,0.1713296827316284,94.34
4,Train_Extra,SAM,136,0.011363633145122959,99.92,0.15814601464942096,94.82,0.17560667743682862,94.37
4,Train_Extra,SAM,137,0.011870420350434301,99.935,0.16126226012110711,94.81,0.17314418983459473,94.15
4,Train_Extra,SAM,138,0.012288101798536392,99.8975,0.15929785152971745,94.6,0.17202478966712953,94.36
4,Train_Extra,SAM,139,0.011129057580849137,99.9225,0.16333313024714588,94.6,0.17693955795764923,94.35
4,Train_Extra,SAM,140,0.011963856671326838,99.91,0.16114340837150812,94.58,0.1676172908306122,94.3
4,Train_Extra,SAM,141,0.010988474960406176,99.935,0.16034399856328965,94.82,0.17191353214979171,94.16
4,Train_Extra,SAM,142,0.011275647446876183,99.905,0.16156514341682196,94.56,0.1776615488767624,94.25
4,Train_Extra,SAM,143,0.011890450681443699,99.92,0.15884459601938725,94.69,0.17377443290650846,94.28
4,Train_Extra,SAM,144,0.011602500285477208,99.91,0.15779077192544938,94.79,0.17031687417030333,94.41
4,Train_Extra,SAM,145,0.01143580429499951,99.95,0.15860884827449917,94.62,0.18353259520530701,94.04
4,Train_Extra,SAM,146,0.011868075766681006,99.9275,0.1527297812871635,95.03,0.1740415717124939,94.19
4,Train_Extra,SAM,147,0.012112283763794092,99.89,0.1637314316302538,94.77,0.17794957158565522,94.12
4,Train_Extra,SAM,148,0.011684240511478707,99.935,0.1620865096092224,94.82,0.17579471020698548,94.3
4,Train_Extra,SAM,149,0.012263142860854587,99.895,0.1613987101174891,94.84,0.17147109999656676,94.35
4,Train_Extra,SAM,150,0.012805118066327165,99.9325,0.16566218537390232,94.73,0.175042529463768,94.09
4,Train_Extra,SAM,151,0.009249481737774354,99.9675,0.15433946041762828,95.18,0.16131392625570298,94.78
4,Train_Extra,SAM,152,0.007328678630649472,99.9875,0.1427162547826767,95.44,0.15821364560127257,94.69
4,Train_Extra,SAM,153,0.00641441331155741,99.99,0.14501284044981003,95.16,0.158644677567482,94.78
4,Train_Extra,SAM,154,0.005648656205211679,99.9925,0.14869751385971905,95.11,0.15969241005182266,94.67
4,Train_Extra,SAM,155,0.005504593213710684,100.0,0.14294462844133377,95.41,0.1621795627593994,94.47
4,Train_Extra,SAM,156,0.004982996546029569,99.9975,0.14364482688568533,95.32,0.1576709039926529,94.89
4,Train_Extra,SAM,157,0.004765195084717898,100.0,0.14402914944663645,95.37,0.15826958055496215,94.77
4,Train_Extra,SAM,158,0.004736422200333148,99.995,0.1466558232061565,95.26,0.1579779304742813,94.89
4,Train_Extra,SAM,159,0.004497660371585014,99.995,0.14564719739556312,95.33,0.16045632824897765,94.84
4,Train_Extra,SAM,160,0.004362083075139612,99.9975,0.14881548016108573,95.27,0.15859004240036012,94.95
4,Train_Extra,SAM,161,0.00425527147880306,99.995,0.14602264233827592,95.36,0.16096916983127593,94.82
4,Train_Extra,SAM,162,0.004278931473292553,99.9925,0.15022344935834409,95.26,0.1624880530834198,94.77
4,Train_Extra,SAM,163,0.003987831600269261,99.9975,0.1395010069511831,95.79,0.15754090857505798,94.72
4,Train_Extra,SAM,164,0.003833467332711711,99.9975,0.14557233616113663,95.3,0.15994449348449707,94.83
4,Train_Extra,SAM,165,0.003857226369116967,99.9975,0.14401413071900607,95.26,0.16015705742835998,94.9
4,Train_Extra,SAM,166,0.0036356894800754877,100.0,0.14647645775377752,95.27,0.15845849437713624,94.7
4,Train_Extra,SAM,167,0.0035626111163820228,99.9975,0.1434260900232941,95.47,0.16084728492498399,94.82
4,Train_Extra,SAM,168,0.0035263531340714604,99.9975,0.1457122296065092,95.33,0.16112725504636766,94.83
4,Train_Extra,SAM,169,0.003383832561527602,100.0,0.14417711491137744,95.42,0.15891251962184905,94.81
4,Train_Extra,SAM,170,0.0033363145359526997,99.9975,0.14892682980410754,95.37,0.16105274057388305,94.89
4,Train_Extra,SAM,171,0.003155319586607476,100.0,0.14215724731758236,95.6,0.16041652364730835,94.88
4,Train_Extra,SAM,172,0.0031821408168451427,100.0,0.14487507949098943,95.45,0.15878333811759948,94.83
4,Train_Extra,SAM,173,0.003111497881396796,100.0,0.14558091318011285,95.48,0.1575238116979599,95.0
4,Train_Extra,SAM,174,0.003042604705800835,100.0,0.14283495749533176,95.62,0.16229037997722626,94.72
4,Train_Extra,SAM,175,0.0030033089389381843,100.0,0.1445546200916171,95.34,0.15708559906482697,94.94
4,Train_Extra,SAM,176,0.0030845882569680723,100.0,0.1455042935602367,95.18,0.156941002368927,95.2
4,Train_Extra,SAM,177,0.0029512366857201147,100.0,0.14329522863179445,95.42,0.1593558695077896,94.85
4,Train_Extra,SAM,178,0.0028969814867739335,100.0,0.1437474260300398,95.22,0.15535367093086241,95.2
4,Train_Extra,SAM,179,0.0028900376166969824,99.9975,0.1439268028974533,95.51,0.161440802192688,94.87
4,Train_Extra,SAM,180,0.0028009046540080833,100.0,0.14559847943484783,95.5,0.1555309056043625,94.88
4,Train_Extra,SAM,181,0.0028112458980853517,99.9975,0.1437409854054451,95.54,0.15782805473804473,95.08
4,Train_Extra,SAM,182,0.002809675667768184,99.9975,0.14654837952852248,95.27,0.16485218410491945,94.82
4,Train_Extra,SAM,183,0.0027248003154088513,100.0,0.14398424508869648,95.6,0.15751107678413392,94.82
4,Train_Extra,SAM,184,0.0026626383421567684,100.0,0.1466643444199115,95.61,0.16007224826812744,94.83
4,Train_Extra,SAM,185,0.002674655635475208,99.9975,0.14020213526338338,95.55,0.16236499824523926,94.88
4,Train_Extra,SAM,186,0.0025559769230731094,100.0,0.14280096763074399,95.53,0.16339576466083527,94.85
4,Train_Extra,SAM,187,0.0026513045827022044,100.0,0.14681185304522515,95.37,0.15628469705581666,95.05
4,Train_Extra,SAM,188,0.0025888410684750817,100.0,0.1396068035893142,95.64,0.15642460765838623,94.92
4,Train_Extra,SAM,189,0.0025759943483468777,100.0,0.14678666818998753,95.53,0.1556082804441452,95.09
4,Train_Extra,SAM,190,0.002544025694891906,100.0,0.14199501483142377,95.47,0.16089464428424835,94.93
4,Train_Extra,SAM,191,0.002643205041360384,99.9975,0.14173400776572526,95.38,0.15529446380138398,95.01
4,Train_Extra,SAM,192,0.0025920988586448585,99.9975,0.14319365490525962,95.6,0.15752594170570375,94.93
4,Train_Extra,SAM,193,0.002520748329670213,100.0,0.14295482045393437,95.58,0.16184616785049438,94.76
4,Train_Extra,SAM,194,0.0025353323736677343,100.0,0.1437038100592792,95.7,0.15769589459896088,95.03
4,Train_Extra,SAM,195,0.0024402520478741764,100.0,0.15188074379395694,95.37,0.15944320554733277,94.89
4,Train_Extra,SAM,196,0.0024864253544876467,100.0,0.14497681320272385,95.74,0.1595602592110634,95.04
4,Train_Extra,SAM,197,0.0024448584768171316,100.0,0.14349442870467902,95.38,0.1598569768190384,94.94
4,Train_Extra,SAM,198,0.002384324483320522,100.0,0.1403408949263394,95.45,0.15901537299156188,95.08
4,Train_Extra,SAM,199,0.002484984437789256,100.0,0.14683031218647957,95.49,0.15838553638458253,95.09
4,Train_Extra,SAM,200,0.0023856520077761133,99.9975,0.1436833773702383,95.57,0.15731596825122834,94.91
