Run,Phase,TrainingType,Epoch,Train_loss,Train_acc,Val_loss,Val_acc,Test_loss,Test_acc
2,GurobiEdit,AWP_C10Any_1000,1,0.2198440853161172,93.6525,0.3175773386001587,89.68,0.3057069402694702,90.11
2,GurobiEdit,AWP_C10Any_1000,2,0.22743573199255399,93.34,0.3301489229202271,89.06,0.3134395081758499,89.71
2,GurobiEdit,AWP_C10Any_1000,3,0.21957907573388408,93.56,0.3474754500389099,89.03,0.33990396890640256,89.07
2,GurobiEdit,AWP_C10Any_1000,4,0.21736612561316535,93.79,0.32984262399673464,89.11,0.31572949085235597,89.73
2,GurobiEdit,AWP_C10Any_1000,5,0.21942625378077021,93.58,0.3133971961975098,89.61,0.2978934242963791,90.1
2,GurobiEdit,AWP_C10Any_1000,6,0.22068545515068805,93.4775,0.33756066274642943,88.68,0.3176714452266693,89.73
2,GurobiEdit,AWP_C10Any_1000,7,0.22082386277735042,93.505,0.3463896146774292,88.63,0.334652339553833,89.04
2,GurobiEdit,AWP_C10Any_1000,8,0.21563435060242875,93.825,0.36081005973815916,87.75,0.35257691655158996,88.12
2,GurobiEdit,AWP_C10Any_1000,9,0.21875748942835263,93.655,0.31576089067459107,89.56,0.3047662987232208,89.93
2,GurobiEdit,AWP_C10Any_1000,10,0.21851182931337876,93.6775,0.34598865118026734,88.87,0.3323194273471832,89.45
2,GurobiEdit,AWP_C10Any_1000,11,0.21633440503678003,93.7775,0.3158000190734863,89.52,0.31020809984207154,89.92
2,GurobiEdit,AWP_C10Any_1000,12,0.21632955187616257,93.7675,0.3228187965393066,89.65,0.3184947458267212,89.5
2,GurobiEdit,AWP_C10Any_1000,13,0.21538809929697658,93.7925,0.32920312881469727,89.09,0.308501788187027,89.94
2,GurobiEdit,AWP_C10Any_1000,14,0.21480205176642148,93.815,0.33535461082458495,89.29,0.31336364254951476,89.97
2,GurobiEdit,AWP_C10Any_1000,15,0.21795491138681436,93.7125,0.33157186737060546,89.05,0.3129395422935486,90.03
2,GurobiEdit,AWP_C10Any_1000,16,0.20973148832496363,94.025,0.3529937023162842,87.95,0.344883837223053,88.04
2,GurobiEdit,AWP_C10Any_1000,17,0.21170207251089448,93.8375,0.3156207046508789,89.38,0.30612068660259245,89.98
2,GurobiEdit,AWP_C10Any_1000,18,0.210893835217808,93.9575,0.36096356296539306,88.05,0.35223432369232177,88.27
2,GurobiEdit,AWP_C10Any_1000,19,0.2106838314630353,93.8975,0.3061314147949219,89.86,0.30128361783027646,90.31
2,GurobiEdit,AWP_C10Any_1000,20,0.21212675572393802,93.885,0.31753309211730957,89.21,0.30802679767608643,89.8
2,GurobiEdit,AWP_C10Any_1000,21,0.20878863596497252,93.9225,0.312693145275116,89.58,0.29545287234783174,89.92
2,GurobiEdit,AWP_C10Any_1000,22,0.21433669102553743,93.9225,0.34585631132125855,88.04,0.3319200475215912,88.81
2,GurobiEdit,AWP_C10Any_1000,23,0.2103913283338562,93.985,0.33910848741531374,88.98,0.3306155648708344,88.87
2,GurobiEdit,AWP_C10Any_1000,24,0.2145240235919008,93.85,0.3290081687927246,89.07,0.3109291122198105,89.99
2,GurobiEdit,AWP_C10Any_1000,25,0.20397119164562072,94.09,0.31151636753082274,89.61,0.3002529397726059,89.82
2,GurobiEdit,AWP_C10Any_1000,26,0.2125838785506666,93.84,0.34070916595458983,88.87,0.3324259892463684,89.12
2,GurobiEdit,AWP_C10Any_1000,27,0.20316169065789294,94.2425,0.29819049339294434,90.42,0.2926162443637848,90.55
2,GurobiEdit,AWP_C10Any_1000,28,0.20775233473355015,93.9775,0.3040653148651123,89.96,0.2956364643573761,90.61
2,GurobiEdit,AWP_C10Any_1000,29,0.20999481176701598,93.935,0.36801598777770994,87.56,0.3529049801826477,87.88
2,GurobiEdit,AWP_C10Any_1000,30,0.20874252160802817,93.9,0.3107011381149292,90.01,0.2938694738864899,90.68
2,GurobiEdit,AWP_C10Any_1000,31,0.21220271034648244,93.7625,0.3057631350517273,89.93,0.2989251527309418,90.23
2,GurobiEdit,AWP_C10Any_1000,32,0.20945287538698307,94.0275,0.33812476468086244,88.97,0.3306901829242706,89.32
2,GurobiEdit,AWP_C10Any_1000,33,0.2065546825385322,93.995,0.33855200204849245,88.58,0.3251723747730255,89.28
2,GurobiEdit,AWP_C10Any_1000,34,0.20589653304971445,94.1625,0.33367469844818115,89.15,0.32193024773597717,89.37
2,GurobiEdit,AWP_C10Any_1000,35,0.20476387879147698,94.0825,0.2979751399993896,90.48,0.2859251681804657,91.02
2,GurobiEdit,AWP_C10Any_1000,36,0.2120861668889515,93.8475,0.3135235640525818,89.89,0.30311554465293883,90.51
2,GurobiEdit,AWP_C10Any_1000,37,0.20305483190777202,94.285,0.3180023597717285,89.47,0.3027868773937225,90.39
2,GurobiEdit,AWP_C10Any_1000,38,0.21022901631677493,93.9825,0.35860193672180174,87.8,0.34084619126319887,88.31
2,GurobiEdit,AWP_C10Any_1000,39,0.20622968883179246,94.02,0.33439274616241454,88.84,0.32125610785484315,89.32
2,GurobiEdit,AWP_C10Any_1000,40,0.203435883473474,94.2675,0.3144596245765686,89.71,0.3023695825576782,90.11
2,GurobiEdit,AWP_C10Any_1000,41,0.207321098175483,93.9825,0.32410632333755496,89.4,0.3095927801132202,90.02
2,GurobiEdit,AWP_C10Any_1000,42,0.20584852686419655,94.095,0.32519744663238526,89.44,0.3151701219558716,89.62
2,GurobiEdit,AWP_C10Any_1000,43,0.20552523438922896,94.0575,0.31075869703292847,90.1,0.3013631486415863,90.68
2,GurobiEdit,AWP_C10Any_1000,44,0.20353346515577822,94.2575,0.3452628335952759,88.73,0.3398331293106079,88.85
2,GurobiEdit,AWP_C10Any_1000,45,0.20580464594375592,94.12,0.3075779149055481,90.1,0.30133917717933656,90.38
2,GurobiEdit,AWP_C10Any_1000,46,0.20450338925987768,94.12,0.33448742876052856,89.18,0.3203049378871918,89.72
2,GurobiEdit,AWP_C10Any_1000,47,0.2024267585085223,94.3325,0.30778361291885376,90.13,0.29039468903541565,90.7
2,GurobiEdit,AWP_C10Any_1000,48,0.1997222004178614,94.2925,0.30253785572052,90.07,0.29156623389720915,90.78
2,GurobiEdit,AWP_C10Any_1000,49,0.20223687172602542,94.205,0.35300175657272337,87.86,0.3461798439502716,88.46
2,GurobiEdit,AWP_C10Any_1000,50,0.205015249502735,94.1575,0.3134040083885193,89.71,0.30105408959388735,90.64
2,GurobiEdit,AWP_C10Any_1000,51,0.20213168450056934,94.2675,0.3253676915168762,89.21,0.3218954508304596,89.15
2,GurobiEdit,AWP_C10Any_1000,52,0.20592221079733425,94.045,0.3306884305000305,88.95,0.320599812412262,89.49
2,GurobiEdit,AWP_C10Any_1000,53,0.20335732564663353,94.2425,0.3094710509300232,89.76,0.2941985159397125,90.41
2,GurobiEdit,AWP_C10Any_1000,54,0.19736110576139854,94.37,0.31210956554412844,89.69,0.29479048647880557,90.34
2,GurobiEdit,AWP_C10Any_1000,55,0.19944374296611872,94.3475,0.3065354260444641,89.85,0.290112831735611,90.37
2,GurobiEdit,AWP_C10Any_1000,56,0.20191768513986477,94.155,0.30908143014907835,89.97,0.2926298924446106,90.58
2,GurobiEdit,AWP_C10Any_1000,57,0.19992889263949837,94.2775,0.3825538004875183,86.69,0.36821336903572083,87.29
2,GurobiEdit,AWP_C10Any_1000,58,0.20132591611089798,94.31,0.34979147357940676,88.21,0.3405838782310486,88.46
2,GurobiEdit,AWP_C10Any_1000,59,0.2025238770884447,94.2425,0.3108347911834717,89.93,0.2989936194658279,90.07
2,GurobiEdit,AWP_C10Any_1000,60,0.20245101738471194,94.305,0.4110854221343994,86.57,0.38643310923576357,87.15
3,GurobiEdit,AWP_C10Any_1000,1,0.21665897770240283,93.76,0.32327701892852784,89.33,0.3228090493440628,89.13
3,GurobiEdit,AWP_C10Any_1000,2,0.219805770550673,93.5575,0.3208078701972961,90.04,0.33119225974082944,89.63
3,GurobiEdit,AWP_C10Any_1000,3,0.21415305597047074,93.6975,0.30229067282676697,89.94,0.30598529367446897,89.72
3,GurobiEdit,AWP_C10Any_1000,4,0.21284273680977928,93.8975,0.31677506585121157,89.34,0.31870417723655703,89.36
3,GurobiEdit,AWP_C10Any_1000,5,0.21648406058835526,93.6925,0.2887682345867157,91.1,0.29743215680122376,90.72
3,GurobiEdit,AWP_C10Any_1000,6,0.216192006160276,93.6975,0.32698395109176637,89.25,0.32961544375419616,88.82
3,GurobiEdit,AWP_C10Any_1000,7,0.21333761532276202,93.8075,0.30552534890174865,90.14,0.31241826837062836,89.92
3,GurobiEdit,AWP_C10Any_1000,8,0.21618453691752193,93.8075,0.3256651529788971,89.3,0.32753460903167725,88.84
3,GurobiEdit,AWP_C10Any_1000,9,0.21173864862503716,93.84,0.3546213894844055,88.55,0.3616106247663498,88.53
3,GurobiEdit,AWP_C10Any_1000,10,0.216735302568815,93.6625,0.3132138280391693,89.41,0.31739686608314516,89.56
3,GurobiEdit,AWP_C10Any_1000,11,0.21175461381483382,93.885,0.3113566690444946,90.16,0.31440753331184385,89.64
3,GurobiEdit,AWP_C10Any_1000,12,0.2111502639925518,93.9275,0.2872488926410675,91.09,0.291976913022995,90.64
3,GurobiEdit,AWP_C10Any_1000,13,0.21387169364923106,93.905,0.32319254055023194,89.42,0.3321220699310303,88.91
3,GurobiEdit,AWP_C10Any_1000,14,0.21082372937244348,93.9025,0.2876972297668457,90.58,0.2911842335224152,90.6
3,GurobiEdit,AWP_C10Any_1000,15,0.21277200694853504,93.7675,0.31915302934646606,89.59,0.327956828224659,89.4
3,GurobiEdit,AWP_C10Any_1000,16,0.21078277829165656,93.8875,0.2924297202587128,90.57,0.3050998046875,90.54
3,GurobiEdit,AWP_C10Any_1000,17,0.21358047132960523,93.85,0.2973350109577179,90.38,0.297215190911293,90.27
3,GurobiEdit,AWP_C10Any_1000,18,0.21465373060669,93.7725,0.2935716585159302,90.24,0.29860497262477875,90.35
3,GurobiEdit,AWP_C10Any_1000,19,0.2079729738945778,93.9825,0.3048366226673126,89.85,0.3119536665916443,89.12
3,GurobiEdit,AWP_C10Any_1000,20,0.20706808112395075,93.9325,0.32939324674606324,89.15,0.3361544894695282,88.84
3,GurobiEdit,AWP_C10Any_1000,21,0.2098843572191156,93.88,0.3197800426006317,90.05,0.3274767208337784,89.51
3,GurobiEdit,AWP_C10Any_1000,22,0.21256994160886009,93.9,0.34990357336997985,88.36,0.35183849749565127,88.2
3,GurobiEdit,AWP_C10Any_1000,23,0.20991084769891855,93.9475,0.27765770955085756,91.51,0.2832669684410095,90.98
3,GurobiEdit,AWP_C10Any_1000,24,0.2104373902748949,93.9475,0.3423837453842163,88.94,0.34147258853912354,88.44
3,GurobiEdit,AWP_C10Any_1000,25,0.21156598575198993,93.8675,0.32728452677726744,89.5,0.3224319108247757,89.8
3,GurobiEdit,AWP_C10Any_1000,26,0.20776199670835807,94.045,0.2859537166595459,91.02,0.29579647126197817,90.5
3,GurobiEdit,AWP_C10Any_1000,27,0.20964030154977745,93.9,0.3000870447158813,90.05,0.3120566680192947,89.86
3,GurobiEdit,AWP_C10Any_1000,28,0.20725824143559027,94.09,0.2973157744407654,90.13,0.3034751615524292,89.94
3,GurobiEdit,AWP_C10Any_1000,29,0.21090757218412698,93.845,0.35013618659973145,88.75,0.3444484980583191,89.06
3,GurobiEdit,AWP_C10Any_1000,30,0.21094411154524587,93.85,0.28062561078071596,90.96,0.29133050434589386,90.39
3,GurobiEdit,AWP_C10Any_1000,31,0.20743269980334625,94.035,0.298971501159668,89.8,0.30640160365104674,89.65
3,GurobiEdit,AWP_C10Any_1000,32,0.20702614520971005,94.05,0.3174985769748688,89.65,0.3264707344055176,89.44
3,GurobiEdit,AWP_C10Any_1000,33,0.20966849799830312,94.0625,0.3062247103691101,90.09,0.30736327221393583,90.48
3,GurobiEdit,AWP_C10Any_1000,34,0.20822631393949065,94.0775,0.2835055088043213,90.81,0.2929929079532623,90.34
3,GurobiEdit,AWP_C10Any_1000,35,0.20692423869150514,94.0275,0.2902100477218628,90.62,0.2994576192855835,89.86
3,GurobiEdit,AWP_C10Any_1000,36,0.20589872782889265,94.0425,0.31881240091323854,89.39,0.33357707886695864,88.77
3,GurobiEdit,AWP_C10Any_1000,37,0.20841973884322773,93.9225,0.30309737801551817,90.46,0.303609438085556,90.32
3,GurobiEdit,AWP_C10Any_1000,38,0.20401471681869068,94.1275,0.28316512994766235,90.8,0.2898802524089813,90.56
3,GurobiEdit,AWP_C10Any_1000,39,0.20749976319341232,93.9975,0.3052063916683197,89.8,0.30791636090278623,89.85
3,GurobiEdit,AWP_C10Any_1000,40,0.20423349231100693,94.07,0.3071754370212555,90.0,0.31195328965187075,89.84
3,GurobiEdit,AWP_C10Any_1000,41,0.20356397980603927,94.045,0.30615256054401396,90.07,0.30929670536518095,89.92
3,GurobiEdit,AWP_C10Any_1000,42,0.20576146649666868,94.0775,0.2966733509063721,90.12,0.3093576437950134,89.58
3,GurobiEdit,AWP_C10Any_1000,43,0.20555027191060038,94.0075,0.29968639161586763,90.41,0.3081454691886902,89.92
3,GurobiEdit,AWP_C10Any_1000,44,0.20596046607715254,94.1075,0.30642975473403933,89.61,0.30874380912780763,89.7
3,GurobiEdit,AWP_C10Any_1000,45,0.20783998981451454,93.935,0.3489078495502472,88.93,0.3433075687646866,88.8
3,GurobiEdit,AWP_C10Any_1000,46,0.20189711111136519,94.31,0.3451128870010376,88.3,0.35068783531188963,88.0
3,GurobiEdit,AWP_C10Any_1000,47,0.20724546578459846,94.05,0.3285060698509216,89.52,0.32810786309242246,89.26
3,GurobiEdit,AWP_C10Any_1000,48,0.20804124780165884,93.975,0.281467835521698,91.5,0.2851817119598389,91.05
1,GurobiEdit,AWP_C1Correct_100,1,0.20921601252719618,93.955,0.3395599069595337,88.54,0.3416072759151459,88.51
1,GurobiEdit,AWP_C1Correct_100,2,0.21187710500182436,93.8775,0.2916269240498543,90.33,0.29477571823596954,90.42
1,GurobiEdit,AWP_C1Correct_100,3,0.21006205556586907,94.0075,0.2888097061991692,90.41,0.2936910094261169,90.06
1,GurobiEdit,AWP_C1Correct_100,4,0.20917545282802644,93.91,0.2975497088909149,90.24,0.29791815176010134,90.33
1,GurobiEdit,AWP_C1Correct_100,5,0.20398484275173456,94.1575,0.3253751645088196,89.7,0.3172338958263397,89.88
1,GurobiEdit,AWP_C1Correct_100,6,0.21008130308157338,93.975,0.29893296489715576,90.13,0.29161288723945616,90.46
1,GurobiEdit,AWP_C1Correct_100,7,0.20874785539060356,94.01,0.3446989078998566,88.26,0.3448988914489746,88.42
1,GurobiEdit,AWP_C1Correct_100,8,0.20828118687049268,93.9825,0.2810306969881058,91.05,0.28131062159538267,90.78
1,GurobiEdit,AWP_C1Correct_100,9,0.20703355758525313,94.03,0.2986247452020645,90.07,0.2959373428821564,89.95
1,GurobiEdit,AWP_C1Correct_100,10,0.20947733269141505,94.0025,0.31161573238372803,89.36,0.31298524923324583,89.69
1,GurobiEdit,AWP_C1Correct_100,11,0.20466666333020306,94.1325,0.31201014062166216,89.44,0.3124090418338776,89.79
1,GurobiEdit,AWP_C1Correct_100,12,0.21010439276409607,93.9075,0.3081515340566635,89.82,0.31016918268203736,89.84
1,GurobiEdit,AWP_C1Correct_100,13,0.20736572777215664,94.04,0.31403972244262696,89.34,0.3113398441314697,89.49
1,GurobiEdit,AWP_C1Correct_100,14,0.20764229051506938,94.165,0.2881911697387695,90.52,0.2873408236026764,90.75
1,GurobiEdit,AWP_C1Correct_100,15,0.20669020438632266,94.0925,0.2926006384849548,90.32,0.2964072737455368,90.11
1,GurobiEdit,AWP_C1Correct_100,16,0.2063796991071762,94.035,0.28721960198879243,90.71,0.2932969787597656,90.37
1,GurobiEdit,AWP_C1Correct_100,17,0.20505422432296955,94.1725,0.3166109880924225,89.68,0.3095928791284561,89.96
1,GurobiEdit,AWP_C1Correct_100,18,0.20591670058120173,94.17,0.32360992883443834,89.37,0.3158610321521759,89.65
1,GurobiEdit,AWP_C1Correct_100,19,0.20765190545362405,94.0925,0.3040563950538635,89.94,0.3020535875320435,90.11
1,GurobiEdit,AWP_C1Correct_100,20,0.20445864630964236,94.085,0.312644011425972,89.71,0.3171366417646408,89.76
1,GurobiEdit,AWP_C1Correct_100,21,0.20440129664378426,94.0175,0.28807368936538696,90.59,0.2905075485944748,90.25
1,GurobiEdit,AWP_C1Correct_100,22,0.20184446852237653,94.2225,0.3031974190950394,89.96,0.29443803639411925,90.6
1,GurobiEdit,AWP_C1Correct_100,23,0.2082534553334355,93.96,0.3035999895811081,89.89,0.3035143039703369,90.32
1,GurobiEdit,AWP_C1Correct_100,24,0.2058856298272221,94.0125,0.3133626872062683,89.24,0.30640416731834413,90.01
1,GurobiEdit,AWP_C1Correct_100,25,0.20426986007073436,94.1625,0.2838471069097519,90.29,0.28182795367240904,90.55
1,GurobiEdit,AWP_C1Correct_100,26,0.2065652435341963,94.1075,0.2881616401076317,90.77,0.2922941152572632,90.71
1,GurobiEdit,AWP_C1Correct_100,27,0.2037293648424621,94.2075,0.3112315774679184,89.61,0.3137007423400879,89.86
1,GurobiEdit,AWP_C1Correct_100,28,0.19815963932786124,94.3225,0.3061090078353882,89.71,0.2969433404684067,90.03
1,GurobiEdit,AWP_C1Correct_100,29,0.2018241164402459,94.14,0.3065771399021149,89.48,0.3116593912124634,89.95
1,GurobiEdit,AWP_C1Correct_100,30,0.1994414051500753,94.44,0.3077372085094452,89.86,0.30939246964454653,90.3
1,GurobiEdit,AWP_C1Correct_100,31,0.2004179227799653,94.2325,0.3152438369035721,89.52,0.3165472150325775,89.36
1,GurobiEdit,AWP_C1Correct_100,32,0.20470459952045933,94.085,0.3243031735420227,89.2,0.3187567095041275,89.7
1,GurobiEdit,AWP_C1Correct_100,33,0.19880768037832583,94.345,0.30752036579847336,89.77,0.30879115285873415,89.94
2,GurobiEdit,AWP_C1Correct_100,1,0.2256971135402259,93.4575,0.351575704574585,88.4,0.3404672184944153,88.92
2,GurobiEdit,AWP_C1Correct_100,2,0.22040869186099726,93.4825,0.3291340940475464,89.18,0.31207318444252014,89.83
2,GurobiEdit,AWP_C1Correct_100,3,0.22190330805965125,93.49,0.37329987258911135,87.46,0.3518522385597229,88.08
2,GurobiEdit,AWP_C1Correct_100,4,0.21792330968970308,93.7375,0.30931095628738403,89.64,0.303350687122345,89.79
2,GurobiEdit,AWP_C1Correct_100,5,0.22172240136911314,93.435,0.3379879857063293,88.85,0.31788796939849856,89.84
2,GurobiEdit,AWP_C1Correct_100,6,0.22367466169709976,93.52,0.3256526901245117,89.45,0.3104816360473633,90.19
2,GurobiEdit,AWP_C1Correct_100,7,0.21647930228576873,93.7075,0.3879530014038086,86.67,0.3692832036972046,87.04
2,GurobiEdit,AWP_C1Correct_100,8,0.2190139629779913,93.5475,0.3334872790336609,88.75,0.3163127498149872,89.6
2,GurobiEdit,AWP_C1Correct_100,9,0.21664123460888482,93.715,0.340369229888916,88.71,0.3271349934577942,89.19
2,GurobiEdit,AWP_C1Correct_100,10,0.21631442269863793,93.6675,0.3467826874732971,88.69,0.32953914856910704,89.34
2,GurobiEdit,AWP_C1Correct_100,11,0.214512330941118,93.865,0.3109947730064392,89.77,0.30005467495918275,90.37
2,GurobiEdit,AWP_C1Correct_100,12,0.21464773910209395,93.79,0.3102436343193054,89.57,0.30362428317070006,89.73
2,GurobiEdit,AWP_C1Correct_100,13,0.221574276447677,93.6,0.33423454608917236,88.8,0.31835249156951906,88.91
2,GurobiEdit,AWP_C1Correct_100,14,0.21517281286632672,93.9075,0.3501794548034668,88.35,0.34368428354263303,88.16
2,GurobiEdit,AWP_C1Correct_100,15,0.2144346327874988,93.8025,0.3290793029785156,89.26,0.3123041615962982,89.87
2,GurobiEdit,AWP_C1Correct_100,16,0.21496960435050744,93.8375,0.30911253652572634,89.57,0.3094297392845154,89.91
2,GurobiEdit,AWP_C1Correct_100,17,0.2187226582973148,93.7,0.3161248857498169,89.87,0.3093207220554352,90.09
2,GurobiEdit,AWP_C1Correct_100,18,0.2094894053218083,93.925,0.30312256174087526,89.95,0.2937330914497375,90.84
2,GurobiEdit,AWP_C1Correct_100,19,0.2138259465130754,93.8425,0.3065480330467224,90.19,0.291652717590332,90.74
2,GurobiEdit,AWP_C1Correct_100,20,0.2113877243746203,93.9175,0.3382906858444214,88.27,0.3195563871383667,89.07
2,GurobiEdit,AWP_C1Correct_100,21,0.2112131966902806,93.995,0.35512125511169434,87.89,0.3337673216819763,88.48
2,GurobiEdit,AWP_C1Correct_100,22,0.20784444233384758,94.105,0.33152840309143067,88.93,0.32415159091949464,89.27
2,GurobiEdit,AWP_C1Correct_100,23,0.21151534015663898,93.8875,0.31364072494506834,89.91,0.2975835802555084,90.56
2,GurobiEdit,AWP_C1Correct_100,24,0.21546059004224527,93.83,0.34364521980285645,88.95,0.3302058005332947,89.48
2,GurobiEdit,AWP_C1Correct_100,25,0.21048959749289595,93.9125,0.34412271003723144,88.68,0.3304537129402161,89.08
2,GurobiEdit,AWP_C1Correct_100,26,0.2067047202596649,94.1125,0.327632061958313,88.99,0.30417207164764404,89.96
2,GurobiEdit,AWP_C1Correct_100,27,0.21165754203312695,93.8675,0.3206201949119568,89.61,0.31791688470840457,89.61
2,GurobiEdit,AWP_C1Correct_100,28,0.21279822356594255,93.845,0.34287566356658933,88.62,0.3251520255565643,89.29
2,GurobiEdit,AWP_C1Correct_100,29,0.21132033534895497,93.7125,0.3045916932106018,89.94,0.2941674721240997,90.6
2,GurobiEdit,AWP_C1Correct_100,30,0.20904593376781994,93.895,0.31798545846939086,89.74,0.30381319127082823,90.12
2,GurobiEdit,AWP_C1Correct_100,31,0.20901982588604234,93.9675,0.3169250646591186,89.68,0.30168744287490845,90.26
2,GurobiEdit,AWP_C1Correct_100,32,0.20968705775162663,93.9825,0.3181033960342407,89.72,0.31760956180095673,89.59
2,GurobiEdit,AWP_C1Correct_100,33,0.20740945382525747,94.0775,0.3961405905723572,87.1,0.3741424152851105,87.75
2,GurobiEdit,AWP_C1Correct_100,34,0.20956663504100073,93.985,0.3130598628997803,89.58,0.30109990067481995,90.01
2,GurobiEdit,AWP_C1Correct_100,35,0.20777834402010464,94.065,0.3084185499191284,89.75,0.2925310966014862,90.14
2,GurobiEdit,AWP_C1Correct_100,36,0.20733290172803898,93.945,0.3079263470649719,89.92,0.3003335990428925,90.28
2,GurobiEdit,AWP_C1Correct_100,37,0.20422302574490586,93.9475,0.3266866152763367,89.2,0.3120242959022522,89.77
2,GurobiEdit,AWP_C1Correct_100,38,0.2080651388381617,94.145,0.3455317328453064,88.56,0.33179104809761045,88.91
2,GurobiEdit,AWP_C1Correct_100,39,0.20937531784224434,93.96,0.3426430924415588,88.75,0.3344039889335632,89.14
2,GurobiEdit,AWP_C1Correct_100,40,0.20220644593524476,94.275,0.30100809173583987,89.89,0.2904243792295456,90.69
2,GurobiEdit,AWP_C1Correct_100,41,0.20529845049872567,94.1225,0.3845047504425049,86.77,0.3589572597026825,87.67
2,GurobiEdit,AWP_C1Correct_100,42,0.20491529617922755,94.11,0.34854921951293943,88.64,0.3371685086250305,88.68
2,GurobiEdit,AWP_C1Correct_100,43,0.20468452925118394,94.11,0.3123916494369507,89.52,0.3018105426311493,90.41
2,GurobiEdit,AWP_C1Correct_100,44,0.20637887540145422,94.085,0.2980896993637085,90.43,0.28639669370651244,90.5
2,GurobiEdit,AWP_C1Correct_100,45,0.20319182844683767,94.2525,0.3030974639892578,90.05,0.2981873108148575,90.18
2,GurobiEdit,AWP_C1Correct_100,46,0.20183426032241542,94.275,0.3783664842605591,87.22,0.3614611904144287,87.98
2,GurobiEdit,AWP_C1Correct_100,47,0.20336388146724946,94.1675,0.3752158844947815,87.83,0.37425452933311465,87.84
2,GurobiEdit,AWP_C1Correct_100,48,0.20382339262162535,94.2275,0.3537980372428894,88.43,0.33982055163383484,88.65
2,GurobiEdit,AWP_C1Correct_100,49,0.2078765782114035,94.0825,0.3168073629379273,89.61,0.3009516904830933,89.98
2,GurobiEdit,AWP_C1Correct_100,50,0.20578150591625574,94.165,0.34838289041519166,88.26,0.3353344951629639,88.8
2,GurobiEdit,AWP_C1Correct_100,51,0.19923630252052038,94.4075,0.29184162464141844,90.54,0.2782089954853058,90.99
2,GurobiEdit,AWP_C1Correct_100,52,0.20289583673206762,94.2325,0.2995689519882202,90.37,0.2845699523448944,90.86
2,GurobiEdit,AWP_C1Correct_100,53,0.19797962085126689,94.2825,0.29941684284210207,90.33,0.2818219717979431,91.17
2,GurobiEdit,AWP_C1Correct_100,54,0.20632450149272577,94.09,0.3211907788276672,89.77,0.3005705073356628,90.24
2,GurobiEdit,AWP_C1Correct_100,55,0.2023549147973807,94.2225,0.32125670318603516,89.51,0.29736078169345853,90.29
2,GurobiEdit,AWP_C1Correct_100,56,0.20243558808923148,94.2625,0.3295875509262085,88.77,0.3211852250099182,89.16
2,GurobiEdit,AWP_C1Correct_100,57,0.20072988668284097,94.2875,0.3445932325363159,87.98,0.3355168059825897,88.25
2,GurobiEdit,AWP_C1Correct_100,58,0.19905692707901945,94.2575,0.3285392667770386,88.99,0.31209792716503143,89.74
2,GurobiEdit,AWP_C1Correct_100,59,0.20292016330618448,94.08,0.351400705909729,88.25,0.3392242865085602,88.51
2,GurobiEdit,AWP_C1Correct_100,60,0.20120846991912245,94.25,0.3325589073181152,89.03,0.31743425989151003,89.47
2,GurobiEdit,AWP_C1Correct_100,61,0.19676923199583546,94.4,0.3821835569381714,87.39,0.37199596815109254,87.67
2,GurobiEdit,AWP_C1Correct_100,62,0.1997330782655329,94.33,0.31207435846328735,89.91,0.29517566866874695,90.48
2,GurobiEdit,AWP_C1Correct_100,63,0.20166695189361755,94.2525,0.32927452125549317,89.07,0.31016049070358276,90.05
2,GurobiEdit,AWP_C1Correct_100,64,0.2020303384897808,94.1325,0.3192860153198242,89.68,0.3038701856136322,90.27
2,GurobiEdit,AWP_C1Correct_100,65,0.20469885812209437,94.0925,0.29692128286361696,90.26,0.2829782228469849,90.99
2,GurobiEdit,AWP_C1Correct_100,66,0.19956955566002538,94.2875,0.3091535671234131,89.5,0.2950765453338623,90.19
2,GurobiEdit,AWP_C1Correct_100,67,0.2022506008847072,94.19,0.3418353467941284,88.52,0.33311168794631957,88.66
2,GurobiEdit,AWP_C1Correct_100,68,0.19800274933393772,94.3425,0.31678716850280764,89.49,0.3049272354602814,89.97
2,GurobiEdit,AWP_C1Correct_100,69,0.19702031468145384,94.355,0.34648849334716797,88.67,0.33092646868228914,89.3
2,GurobiEdit,AWP_C1Correct_100,70,0.19702063205714423,94.4175,0.34024723024368286,88.78,0.31647903842926023,89.47
2,GurobiEdit,AWP_C1Correct_100,71,0.2004588176124393,94.42,0.34647043533325195,88.52,0.3358563180208206,89.16
2,GurobiEdit,AWP_C1Correct_100,72,0.197609730683767,94.2725,0.328373753452301,88.78,0.3101800620555878,89.71
2,GurobiEdit,AWP_C1Correct_100,73,0.20015543268416255,94.2925,0.3158165798187256,89.57,0.2999701385259628,90.05
2,GurobiEdit,AWP_C1Correct_100,74,0.19854168396312208,94.4575,0.33173801565170286,89.28,0.31990397057533265,89.49
2,GurobiEdit,AWP_C1Correct_100,75,0.19665251641323012,94.4725,0.32406894912719725,89.58,0.30907455234527587,90.14
2,GurobiEdit,AWP_C1Correct_100,76,0.19893397238498298,94.3475,0.32495341248512266,89.57,0.3134856077194214,89.54
3,GurobiEdit,AWP_C1Correct_100,1,0.21774898281398292,93.67,0.30134695477485657,90.34,0.3106439615249634,90.1
3,GurobiEdit,AWP_C1Correct_100,2,0.2141480587494259,93.79,0.2810819883823395,90.84,0.288667115521431,90.5
3,GurobiEdit,AWP_C1Correct_100,3,0.21505997508478622,93.815,0.2883899767875671,91.13,0.3005811230659485,90.32
3,GurobiEdit,AWP_C1Correct_100,4,0.21203668967793926,93.8825,0.36835250773429873,87.54,0.36916424205303194,87.55
3,GurobiEdit,AWP_C1Correct_100,5,0.21800203135790536,93.65,0.33344532737731936,89.1,0.3341839512348175,89.16
3,GurobiEdit,AWP_C1Correct_100,6,0.21738046938523697,93.6425,0.30339872102737425,90.58,0.3068847857475281,89.99
3,GurobiEdit,AWP_C1Correct_100,7,0.21263135434053956,93.905,0.3207647566318512,89.03,0.32882672333717344,88.91
3,GurobiEdit,AWP_C1Correct_100,8,0.2177679484216169,93.6825,0.27682068247795105,91.07,0.2811678732156754,90.69
3,GurobiEdit,AWP_C1Correct_100,9,0.2196146037441473,93.6575,0.3221969038486481,89.94,0.3276558859348297,89.54
3,GurobiEdit,AWP_C1Correct_100,10,0.21452032027248377,93.7325,0.30153675603866575,90.14,0.31678047814369203,89.67
3,GurobiEdit,AWP_C1Correct_100,11,0.21398483559536857,93.7825,0.30221257944107055,90.01,0.2996980048894882,90.19
3,GurobiEdit,AWP_C1Correct_100,12,0.21086605733480698,93.9675,0.30331403222084047,90.33,0.3083957130908966,90.02
3,GurobiEdit,AWP_C1Correct_100,13,0.21701950489427335,93.62,0.2918334819793701,90.78,0.2990723790645599,90.77
3,GurobiEdit,AWP_C1Correct_100,14,0.21385342792009773,93.6925,0.32474562768936155,89.4,0.33116872034072875,89.38
3,GurobiEdit,AWP_C1Correct_100,15,0.21316978368705836,93.86,0.3407941923141479,89.1,0.3383360436916351,89.04
3,GurobiEdit,AWP_C1Correct_100,16,0.2135887706098846,93.7625,0.3193010950088501,89.67,0.32408986902236936,89.46
3,GurobiEdit,AWP_C1Correct_100,17,0.2172608513849231,93.7,0.3064963237285614,90.22,0.3131790747880936,90.15
3,GurobiEdit,AWP_C1Correct_100,18,0.20769663024158141,93.9975,0.3049483721256256,89.9,0.3081108208179474,89.78
3,GurobiEdit,AWP_C1Correct_100,19,0.2124920370289312,93.825,0.35234201259613035,87.86,0.35835956132411956,87.38
3,GurobiEdit,AWP_C1Correct_100,20,0.2086167771357317,94.03,0.3150833979606628,90.13,0.3159504412651062,89.8
3,GurobiEdit,AWP_C1Correct_100,21,0.2118257864500387,94.0,0.32073318209648133,89.7,0.32322290337085724,89.43
3,GurobiEdit,AWP_C1Correct_100,22,0.2112862185215036,93.9075,0.3153684967517853,89.8,0.31088464674949645,89.9
3,GurobiEdit,AWP_C1Correct_100,23,0.20858831863148145,93.945,0.2863533648252487,91.44,0.2939291886806488,90.9
3,GurobiEdit,AWP_C1Correct_100,24,0.2114221210630176,93.88,0.29269448947906496,90.59,0.2987743696689606,90.32
3,GurobiEdit,AWP_C1Correct_100,25,0.20877379121871803,94.135,0.29035261573791504,90.38,0.29252586722373963,90.26
3,GurobiEdit,AWP_C1Correct_100,26,0.2101706353048928,93.87,0.2856600800514221,90.7,0.28993582911491395,90.27
3,GurobiEdit,AWP_C1Correct_100,27,0.21041326522351073,93.8025,0.31107490940093996,90.29,0.30921358671188354,90.11
3,GurobiEdit,AWP_C1Correct_100,28,0.21089797826430287,93.87,0.2828061743736267,90.65,0.29169286296367647,90.43
3,GurobiEdit,AWP_C1Correct_100,29,0.2042466720310263,94.155,0.3128889081954956,89.59,0.31931941022872923,89.44
3,GurobiEdit,AWP_C1Correct_100,30,0.20644805235222888,94.1125,0.28604695892333987,90.54,0.28833074342012405,90.46
3,GurobiEdit,AWP_C1Correct_100,31,0.21158084773217528,93.9325,0.32644704246520995,89.22,0.33050888028144837,89.08
3,GurobiEdit,AWP_C1Correct_100,32,0.21099505675867342,93.9075,0.28838438038825986,90.86,0.29510788135528565,90.69
3,GurobiEdit,AWP_C1Correct_100,33,0.20668721672730705,93.9925,0.32896205701828,89.12,0.3263576520442963,89.17
1,GurobiEdit,AWP_C1Any_100,1,0.20736525169671916,94.04,0.3463845481157303,88.42,0.3408258878707886,88.15
1,GurobiEdit,AWP_C1Any_100,2,0.20849276250734117,93.9525,0.3172374641895294,89.23,0.31690490322113035,89.41
1,GurobiEdit,AWP_C1Any_100,3,0.21044751592337513,94.0425,0.2981953495979309,89.97,0.29526828060150145,90.11
1,GurobiEdit,AWP_C1Any_100,4,0.21254072745387165,93.88,0.31512283239364625,89.6,0.31469058985710147,89.76
1,GurobiEdit,AWP_C1Any_100,5,0.2150582262692741,93.6925,0.32774393873214724,89.6,0.3335164417743683,89.24
1,GurobiEdit,AWP_C1Any_100,6,0.20785040434557028,94.005,0.30114845685958863,90.38,0.3010283556222916,90.65
1,GurobiEdit,AWP_C1Any_100,7,0.20467156078963997,94.1975,0.37850819939374925,87.31,0.37952326683998105,87.02
1,GurobiEdit,AWP_C1Any_100,8,0.21122046836172811,93.8375,0.30364478282928464,89.93,0.29637339119911194,90.47
1,GurobiEdit,AWP_C1Any_100,9,0.212843406005218,93.8725,0.29368656108379365,90.61,0.2947871636390686,90.34
1,GurobiEdit,AWP_C1Any_100,10,0.20518600112333085,94.095,0.277036184489727,91.19,0.27337261500358584,91.01
1,GurobiEdit,AWP_C1Any_100,11,0.2051070189942567,94.02,0.3035031558394432,90.05,0.304999347114563,89.88
1,GurobiEdit,AWP_C1Any_100,12,0.20460180735911804,94.12,0.30919773988723753,89.74,0.3140010936975479,89.68
1,GurobiEdit,AWP_C1Any_100,13,0.2109982184470652,93.9,0.3301550002336502,89.27,0.33678958921432495,88.64
1,GurobiEdit,AWP_C1Any_100,14,0.20655549408052676,94.1425,0.31813113782405855,89.31,0.3229026268005371,89.5
1,GurobiEdit,AWP_C1Any_100,15,0.20542600034429623,94.0625,0.2847068427801132,90.64,0.29499111733436584,90.18
1,GurobiEdit,AWP_C1Any_100,16,0.2123771771169699,93.9025,0.3231079556584358,89.49,0.33626311988830565,88.96
1,GurobiEdit,AWP_C1Any_100,17,0.20225927574089922,94.3325,0.31589484295845033,89.39,0.31008661406040194,89.48
1,GurobiEdit,AWP_C1Any_100,18,0.20135868350252176,94.255,0.3101463012933731,89.36,0.3078452336788178,89.66
1,GurobiEdit,AWP_C1Any_100,19,0.20718886577092802,94.04,0.2775876709461212,91.18,0.27630137095451357,90.86
1,GurobiEdit,AWP_C1Any_100,20,0.20336691161599785,94.09,0.27318634557724,90.98,0.27578473159074784,90.8
1,GurobiEdit,AWP_C1Any_100,21,0.2040828786576137,94.2525,0.3468985550403595,88.34,0.34444130516052246,88.51
1,GurobiEdit,AWP_C1Any_100,22,0.20594764317567357,94.0775,0.30173739790916443,89.97,0.30631109864711764,89.68
1,GurobiEdit,AWP_C1Any_100,23,0.2026578173422204,94.145,0.3197362467288971,89.61,0.3187316792011261,89.37
1,GurobiEdit,AWP_C1Any_100,24,0.20344177635904317,94.19,0.3084524889588356,89.9,0.29920550293922427,90.05
1,GurobiEdit,AWP_C1Any_100,25,0.2033954934237864,94.15,0.30913584923744203,90.04,0.31290624108314513,89.58
1,GurobiEdit,AWP_C1Any_100,26,0.20159799648454776,94.2675,0.3312242329120636,88.86,0.353177600479126,88.41
1,GurobiEdit,AWP_C1Any_100,27,0.20933490741652802,94.025,0.3098213350534439,89.88,0.3018194189071655,90.13
1,GurobiEdit,AWP_C1Any_100,28,0.20270079281478645,94.1925,0.3139420488357544,90.01,0.3187718620300293,89.68
1,GurobiEdit,AWP_C1Any_100,29,0.20250896652476094,94.2975,0.3352146710634232,88.85,0.33312799217700956,89.4
1,GurobiEdit,AWP_C1Any_100,30,0.20434436118736055,94.2,0.3401029082775116,88.61,0.34216503019332883,88.66
1,GurobiEdit,AWP_C1Any_100,31,0.19933257956569567,94.335,0.33765566782951356,89.23,0.33776628093719485,88.89
1,GurobiEdit,AWP_C1Any_100,32,0.20771523160389818,94.0575,0.28744473094940187,90.65,0.28851210215091705,90.64
1,GurobiEdit,AWP_C1Any_100,33,0.20181771967643367,94.1725,0.33006809787750246,89.26,0.32742896834611895,88.98
1,GurobiEdit,AWP_C1Any_100,34,0.20164806643328348,94.2225,0.3142522999048233,89.74,0.3101527920722961,89.91
1,GurobiEdit,AWP_C1Any_100,35,0.20257060472576763,94.275,0.3048109488725662,89.83,0.3151631272315979,89.54
1,GurobiEdit,AWP_C1Any_100,36,0.20005377753378864,94.2775,0.28315562863349913,91.03,0.28427601528167723,90.93
1,GurobiEdit,AWP_C1Any_100,37,0.20382477340702052,94.2025,0.2783460930109024,90.86,0.2841842284202576,90.73
1,GurobiEdit,AWP_C1Any_100,38,0.2031428721813729,94.215,0.33032592549324036,88.61,0.33603988633155824,88.63
1,GurobiEdit,AWP_C1Any_100,39,0.20218535386525785,94.2225,0.3358310518503189,89.01,0.3348736878156662,88.57
1,GurobiEdit,AWP_C1Any_100,40,0.1992199989839103,94.3125,0.31165735163688657,89.77,0.3037125542640686,90.28
1,GurobiEdit,AWP_C1Any_100,41,0.202586565250025,94.1675,0.29770008788108826,90.43,0.29421833302974704,90.01
1,GurobiEdit,AWP_C1Any_100,42,0.20224196266252012,94.3,0.3111424537062645,89.67,0.3114551863193512,89.78
1,GurobiEdit,AWP_C1Any_100,43,0.20029853360531047,94.18,0.2767896544933319,91.19,0.2746795997142792,91.05
1,GurobiEdit,AWP_C1Any_100,44,0.1971467788131854,94.4625,0.322096372961998,89.66,0.31635264291763304,89.64
1,GurobiEdit,AWP_C1Any_100,45,0.20110284984587862,94.205,0.29459212973117826,90.77,0.29537766597270965,90.52
2,GurobiEdit,AWP_C1Any_100,1,0.2209949898072325,93.565,0.3225161958694458,89.32,0.30841834614276886,89.89
2,GurobiEdit,AWP_C1Any_100,2,0.22110770297602725,93.5225,0.33440467147827146,88.81,0.31678364226818084,89.54
2,GurobiEdit,AWP_C1Any_100,3,0.22401051680310466,93.3325,0.33827220458984375,88.94,0.33523239336013794,89.33
2,GurobiEdit,AWP_C1Any_100,4,0.22368914733965176,93.47,0.3246694511413574,89.33,0.31648432450294495,89.83
2,GurobiEdit,AWP_C1Any_100,5,0.21558358594061086,93.8275,0.3731078670501709,87.33,0.3587733591556549,87.6
2,GurobiEdit,AWP_C1Any_100,6,0.22093569599211024,93.48,0.31479165935516357,89.76,0.30935040578842166,89.76
2,GurobiEdit,AWP_C1Any_100,7,0.2238296374154929,93.4775,0.3186465538978577,89.75,0.3098787978172302,90.1
2,GurobiEdit,AWP_C1Any_100,8,0.2175365812338579,93.675,0.34536120500564577,88.94,0.33462462940216064,89.21
2,GurobiEdit,AWP_C1Any_100,9,0.215210582834844,93.7925,0.3542181228637695,88.03,0.3390700710773468,88.35
2,GurobiEdit,AWP_C1Any_100,10,0.22104057383994324,93.4925,0.30931516313552854,89.79,0.2986622832298279,90.24
2,GurobiEdit,AWP_C1Any_100,11,0.21484283481638272,93.855,0.33404932379722596,88.83,0.32379600780010226,89.33
2,GurobiEdit,AWP_C1Any_100,12,0.215278850481533,93.76,0.3525681888580322,88.03,0.33559030661582945,88.72
2,GurobiEdit,AWP_C1Any_100,13,0.2144927496251207,93.77,0.31929985313415526,89.41,0.3074582461833954,89.53
2,GurobiEdit,AWP_C1Any_100,14,0.21425254309710604,93.8275,0.34824171085357664,88.82,0.33259375123977664,89.21
2,GurobiEdit,AWP_C1Any_100,15,0.21075670844830643,93.945,0.3321954716682434,89.26,0.3231605341911316,89.24
2,GurobiEdit,AWP_C1Any_100,16,0.21274666257274036,93.905,0.3021615930557251,90.45,0.2949282491445541,90.49
2,GurobiEdit,AWP_C1Any_100,17,0.21699990941503178,93.7225,0.31516373834609984,89.54,0.30344342708587646,90.07
2,GurobiEdit,AWP_C1Any_100,18,0.21293150714506356,93.8375,0.3208944086074829,89.49,0.3107012335777283,89.8
2,GurobiEdit,AWP_C1Any_100,19,0.21767467103255822,93.78,0.30331632680892945,90.29,0.28973956904411313,90.91
2,GurobiEdit,AWP_C1Any_100,20,0.2114374594280895,93.9475,0.32067788295745847,89.29,0.3133616502285004,89.82
2,GurobiEdit,AWP_C1Any_100,21,0.2099954933166123,93.8825,0.34897090759277344,88.51,0.3382118714094162,89.0
2,GurobiEdit,AWP_C1Any_100,22,0.21231429771588634,93.885,0.352842667388916,88.47,0.3421869022846222,88.96
2,GurobiEdit,AWP_C1Any_100,23,0.21097927716688608,93.865,0.34455718336105345,88.05,0.3298365358352661,88.83
2,GurobiEdit,AWP_C1Any_100,24,0.20634678279915555,94.095,0.32269610071182253,89.54,0.30739853172302245,89.78
2,GurobiEdit,AWP_C1Any_100,25,0.21669103945501314,93.79,0.36384781131744387,88.12,0.3605419695854187,88.23
2,GurobiEdit,AWP_C1Any_100,26,0.20573698993498524,94.19,0.33588187351226806,88.98,0.32863760561943056,89.13
2,GurobiEdit,AWP_C1Any_100,27,0.21017318711684535,94.1025,0.3479138039588928,88.31,0.3278531976222992,89.07
2,GurobiEdit,AWP_C1Any_100,28,0.2072426863133717,93.9,0.3759636600494385,87.33,0.3644593137741089,87.56
2,GurobiEdit,AWP_C1Any_100,29,0.20993988111186712,94.0,0.3306830270767212,89.23,0.3257607637405395,89.28
2,GurobiEdit,AWP_C1Any_100,30,0.20787743721811916,94.055,0.3220387761116028,89.08,0.3066001634597778,90.15
2,GurobiEdit,AWP_C1Any_100,31,0.20706293884272012,94.0825,0.3333695384979248,89.22,0.3244387555837631,89.35
2,GurobiEdit,AWP_C1Any_100,32,0.21509317365793373,93.62,0.33334616613388063,88.97,0.31579472703933714,89.44
2,GurobiEdit,AWP_C1Any_100,33,0.20664738999388088,94.12,0.33588925695419314,89.05,0.32288780088424685,89.31
2,GurobiEdit,AWP_C1Any_100,34,0.20742120724706986,94.025,0.30517703914642336,90.16,0.2924981425523758,90.74
2,GurobiEdit,AWP_C1Any_100,35,0.20772818147469632,93.8925,0.33391659364700316,89.09,0.3103345798492432,90.02
2,GurobiEdit,AWP_C1Any_100,36,0.2061264471362193,94.1375,0.3266568211555481,89.2,0.3094339922428131,90.12
2,GurobiEdit,AWP_C1Any_100,37,0.20678652251680818,93.9825,0.33921239700317385,88.42,0.31785392723083494,89.28
2,GurobiEdit,AWP_C1Any_100,38,0.20772494987462656,94.12,0.3422894093513489,88.43,0.32779232349395754,89.12
2,GurobiEdit,AWP_C1Any_100,39,0.20512030680720417,94.1275,0.3504384446144104,88.54,0.34115121681690214,88.64
2,GurobiEdit,AWP_C1Any_100,40,0.20697952511782844,94.125,0.34213802223205564,88.66,0.32537701568603516,89.36
2,GurobiEdit,AWP_C1Any_100,41,0.20547338622732284,93.945,0.33365447177886964,88.64,0.3204018977165222,89.4
3,GurobiEdit,AWP_C1Any_100,1,0.21588974805495229,93.8825,0.3483632025241852,88.62,0.350775288939476,88.17
3,GurobiEdit,AWP_C1Any_100,2,0.21591099782492787,93.805,0.33503758778572085,88.85,0.3351371367931366,89.08
3,GurobiEdit,AWP_C1Any_100,3,0.21878203102194083,93.6525,0.2939383882045746,90.63,0.30098626919984817,90.19
3,GurobiEdit,AWP_C1Any_100,4,0.21472272902917558,93.795,0.3075710755825043,90.11,0.3077349676609039,90.02
3,GurobiEdit,AWP_C1Any_100,5,0.21496147117294823,93.67,0.30903839645385744,90.44,0.3156141025066376,90.23
3,GurobiEdit,AWP_C1Any_100,6,0.21434667120916776,93.8525,0.3169114364862442,89.59,0.3216982050657272,89.16
3,GurobiEdit,AWP_C1Any_100,7,0.21670714068336608,93.825,0.2882303605556488,90.88,0.2976587588787079,90.42
3,GurobiEdit,AWP_C1Any_100,8,0.21064838533774732,93.8975,0.2997492432594299,90.18,0.3221545217752457,89.16
3,GurobiEdit,AWP_C1Any_100,9,0.21615564680328003,93.735,0.3109123824596405,89.84,0.32407983965873716,89.21
3,GurobiEdit,AWP_C1Any_100,10,0.21317525907827262,93.655,0.31823643770217896,89.42,0.3245759325027466,89.21
3,GurobiEdit,AWP_C1Any_100,11,0.21824862938909867,93.63,0.2883636954784393,90.46,0.2919046904563904,90.73
3,GurobiEdit,AWP_C1Any_100,12,0.21290667190814552,93.7775,0.29406777391433714,90.21,0.29209901955127715,90.42
3,GurobiEdit,AWP_C1Any_100,13,0.2128258180408813,93.915,0.32230744256973265,89.43,0.3273240417957306,89.4
3,GurobiEdit,AWP_C1Any_100,14,0.21483266172698512,93.7275,0.29780563778877256,90.19,0.3077759916305542,90.12
3,GurobiEdit,AWP_C1Any_100,15,0.2117569672223478,93.8475,0.30501342811584475,90.0,0.3058703344345093,89.85
3,GurobiEdit,AWP_C1Any_100,16,0.21231910350699776,93.8575,0.29967490911483763,90.46,0.3073579262256622,89.75
3,GurobiEdit,AWP_C1Any_100,17,0.21066418180640895,93.945,0.30915879628658294,89.94,0.3232359611511231,89.66
3,GurobiEdit,AWP_C1Any_100,18,0.21483570125441961,93.7525,0.29453549122810363,90.67,0.30173120799064634,90.45
3,GurobiEdit,AWP_C1Any_100,19,0.21252759819784864,93.8575,0.3060407037258148,89.9,0.31357549476623536,89.74
3,GurobiEdit,AWP_C1Any_100,20,0.21323976620508078,93.785,0.31002972984313965,89.64,0.32620881261825563,88.97
3,GurobiEdit,AWP_C1Any_100,21,0.2098682906728583,93.8525,0.333957705116272,88.64,0.33492215809822085,88.76
3,GurobiEdit,AWP_C1Any_100,22,0.2159095453663756,93.62,0.31379772491455077,89.35,0.31529008357524874,89.53
3,GurobiEdit,AWP_C1Any_100,23,0.20882718660199223,93.9475,0.3469862424850464,88.55,0.344670951461792,88.46
3,GurobiEdit,AWP_C1Any_100,24,0.2112594241627489,93.92,0.3166358689785004,89.87,0.3262896675109863,89.65
3,GurobiEdit,AWP_C1Any_100,25,0.20991108459405625,93.855,0.3268889531135559,89.66,0.3347181784629822,89.28
3,GurobiEdit,AWP_C1Any_100,26,0.20533227158811526,94.1625,0.3009392181396484,90.27,0.3059715352058411,90.11
3,GurobiEdit,AWP_C1Any_100,27,0.2046267356925879,94.175,0.3125554944515228,89.97,0.31178529152870177,90.0
3,GurobiEdit,AWP_C1Any_100,28,0.21259359982067022,93.8625,0.28765944719314573,90.86,0.3009087265491486,89.95
3,GurobiEdit,AWP_C1Any_100,29,0.21378025145957263,93.825,0.2980072850704193,90.52,0.3010102132320404,90.14
3,GurobiEdit,AWP_C1Any_100,30,0.2102728095917275,94.02,0.3085880038261414,89.92,0.3099152235507965,89.92
3,GurobiEdit,AWP_C1Any_100,31,0.20672805281207204,94.0375,0.3111081043720245,89.78,0.31722086305618286,89.39
3,GurobiEdit,AWP_C1Any_100,32,0.2083353170524009,93.9425,0.35027646703720094,88.06,0.3550847249507904,88.05
3,GurobiEdit,AWP_C1Any_100,33,0.20965899698460064,93.8725,0.31721882100105286,89.6,0.31205487685203553,89.95
3,GurobiEdit,AWP_C1Any_100,34,0.2085689415756506,94.0475,0.3291492609977722,88.78,0.32478370027542114,89.35
3,GurobiEdit,AWP_C1Any_100,35,0.20659771102209823,94.0025,0.31665581703186035,89.48,0.31751615633964536,89.27
3,GurobiEdit,AWP_C1Any_100,36,0.20516697848185944,94.135,0.33675500040054324,88.76,0.33909296791553495,88.38
3,GurobiEdit,AWP_C1Any_100,37,0.2054392559983479,94.08,0.3187098260879517,89.61,0.3245341323852539,89.53
3,GurobiEdit,AWP_C1Any_100,38,0.20674593003984457,93.995,0.30448430910110474,90.09,0.313649564743042,89.54
3,GurobiEdit,AWP_C1Any_100,39,0.2083230301166495,93.915,0.2977954954624176,90.92,0.3105862967014313,90.11
3,GurobiEdit,AWP_C1Any_100,40,0.2067772311667284,94.0325,0.3023801071166992,90.46,0.3086474820613861,90.16
3,GurobiEdit,AWP_C1Any_100,41,0.20439826559049254,94.215,0.27897489643096923,91.29,0.278874729013443,91.21
3,GurobiEdit,AWP_C1Any_100,42,0.20511450863684327,94.1325,0.2714250240325928,91.23,0.2798179668188095,91.07
3,GurobiEdit,AWP_C1Any_100,43,0.20894000769708865,93.8375,0.3139983112335205,90.13,0.31130685305595396,90.15
3,GurobiEdit,AWP_C1Any_100,44,0.20475097124378522,94.1675,0.30012690215110777,90.65,0.2970265464544296,90.48
3,GurobiEdit,AWP_C1Any_100,45,0.2050187492046874,94.0975,0.31635858311653137,89.98,0.3178459169626236,89.88
3,GurobiEdit,AWP_C1Any_100,46,0.20588771070535192,94.04,0.30916665306091307,89.96,0.316014287853241,90.04
3,GurobiEdit,AWP_C1Any_100,47,0.2034868337333012,94.13,0.33149269542694093,89.37,0.33596193816661835,88.55
3,GurobiEdit,AWP_C1Any_100,48,0.2022423266221921,94.26,0.28975428171157835,90.8,0.2942860668182373,90.68
3,GurobiEdit,AWP_C1Any_100,49,0.20844030437378075,93.9275,0.30514150524139405,90.34,0.3078294283390045,90.09
3,GurobiEdit,AWP_C1Any_100,50,0.20404875994966434,94.2175,0.32520884838104247,89.51,0.32526611363887786,89.33
3,GurobiEdit,AWP_C1Any_100,51,0.20771638594401148,94.0325,0.2960156709909439,90.33,0.3061494462490082,89.91
3,GurobiEdit,AWP_C1Any_100,52,0.20417228626747863,94.0825,0.3099908197402954,89.6,0.32406855323314665,89.13
3,GurobiEdit,AWP_C1Any_100,53,0.20351149915411068,94.185,0.28448976612091065,90.78,0.29111484122276304,90.68
3,GurobiEdit,AWP_C1Any_100,54,0.2057564695612691,94.07,0.34720535068511965,88.18,0.35386727063655854,88.17
3,GurobiEdit,AWP_C1Any_100,55,0.2050041317844543,94.125,0.3420716111660004,88.36,0.34984426355361936,88.24
3,GurobiEdit,AWP_C1Any_100,56,0.2043436844699299,94.18,0.30369836921691895,90.31,0.30304285769462586,90.02
3,GurobiEdit,AWP_C1Any_100,57,0.20373039609327104,94.205,0.2923624989509582,90.41,0.3023183064818382,90.55
3,GurobiEdit,AWP_C1Any_100,58,0.2016412380594796,94.195,0.3113225572347641,89.72,0.32349274625778196,89.43
3,GurobiEdit,AWP_C1Any_100,59,0.20223648686664172,94.215,0.28768410573005676,90.92,0.2913734325885773,90.32
3,GurobiEdit,AWP_C1Any_100,60,0.20222686316829902,94.19,0.2898114869594574,90.68,0.2839044781208038,90.71
3,GurobiEdit,AWP_C1Any_100,61,0.20184013302238604,94.3125,0.295742720413208,90.4,0.31076076788902285,89.8
3,GurobiEdit,AWP_C1Any_100,62,0.20519838763026002,94.0475,0.2935350773334503,90.35,0.30223952355384825,90.08
3,GurobiEdit,AWP_C1Any_100,63,0.20364344120025635,94.1225,0.30728285772800445,90.35,0.31044303867816925,90.08
3,GurobiEdit,AWP_C1Any_100,64,0.20050797694788192,94.2875,0.3326124963283539,89.32,0.340057358789444,88.83
3,GurobiEdit,AWP_C1Any_100,65,0.20462960476121203,94.16,0.29984355874061586,90.18,0.30711047220230103,90.02
3,GurobiEdit,AWP_C1Any_100,66,0.20330380715025118,94.2075,0.28696534337997437,90.66,0.2944604510307312,90.53
3,GurobiEdit,AWP_C1Any_100,67,0.20074411874381118,94.235,0.30345859146118165,90.17,0.30100616431236266,90.28
1,GurobiEdit,AWP_C1Correct_250,1,0.20834158180049434,93.94,0.299926052069664,90.16,0.30636132202148436,90.09
1,GurobiEdit,AWP_C1Correct_250,2,0.2082485024350139,93.9225,0.2976685788631439,90.7,0.2986267498016357,90.57
1,GurobiEdit,AWP_C1Correct_250,3,0.20815526122768846,93.9675,0.3042466546058655,89.82,0.31436776471138,89.6
1,GurobiEdit,AWP_C1Correct_250,4,0.20998428709590777,93.97,0.3063716248035431,89.97,0.30771621959209444,90.0
1,GurobiEdit,AWP_C1Correct_250,5,0.20934689706697251,93.9225,0.3066698915719986,90.17,0.3093742362499237,90.04
1,GurobiEdit,AWP_C1Correct_250,6,0.20526869835468908,94.1725,0.3131217969059944,89.37,0.31603312549591067,89.33
1,GurobiEdit,AWP_C1Correct_250,7,0.21122829749370917,93.8525,0.3190472965359688,89.2,0.3230341675758362,88.93
1,GurobiEdit,AWP_C1Correct_250,8,0.2088448225071255,94.1,0.29605559984445573,90.07,0.29254253544807435,90.25
1,GurobiEdit,AWP_C1Correct_250,9,0.20875932231021765,94.0175,0.3397925416469574,88.96,0.34117122783660886,88.87
1,GurobiEdit,AWP_C1Correct_250,10,0.20538731657278042,94.1025,0.33869958786964416,88.64,0.33753710577487944,88.37
1,GurobiEdit,AWP_C1Correct_250,11,0.20593670127205194,94.1325,0.30612349946498874,89.86,0.31519854831695554,89.65
1,GurobiEdit,AWP_C1Correct_250,12,0.2083081559013254,94.0425,0.3082020947098732,89.7,0.30631162538528445,89.77
1,GurobiEdit,AWP_C1Correct_250,13,0.20435216565863393,94.2375,0.32606325414180753,89.35,0.32823747968673705,89.02
1,GurobiEdit,AWP_C1Correct_250,14,0.2080668519242122,93.9475,0.30820753002166745,89.82,0.3100383273363113,89.86
1,GurobiEdit,AWP_C1Correct_250,15,0.2076835648272746,94.065,0.2789300983667374,91.05,0.2839397964477539,90.96
1,GurobiEdit,AWP_C1Correct_250,16,0.20645755634140284,94.0125,0.28625453026294706,90.59,0.290094775724411,90.54
1,GurobiEdit,AWP_C1Correct_250,17,0.2053329452586631,94.0125,0.313104817032814,90.17,0.31219643688201903,90.01
1,GurobiEdit,AWP_C1Correct_250,18,0.20448619072524885,94.09,0.29781149986982347,90.34,0.31458778927326203,89.61
1,GurobiEdit,AWP_C1Correct_250,19,0.20473318466077597,94.1775,0.31113680270910266,90.18,0.3132199586868286,89.91
1,GurobiEdit,AWP_C1Correct_250,20,0.20530699512448175,94.1525,0.34480472557544706,88.3,0.3392759024620056,88.63
1,GurobiEdit,AWP_C1Correct_250,21,0.2068519722015713,94.0475,0.314977755689621,89.85,0.30878610260486605,89.85
1,GurobiEdit,AWP_C1Correct_250,22,0.2004918796947589,94.385,0.3097146500825882,89.71,0.3237795432567596,89.39
1,GurobiEdit,AWP_C1Correct_250,23,0.20112302846992358,94.3275,0.28779607887268066,90.44,0.2811964515686035,90.92
1,GurobiEdit,AWP_C1Correct_250,24,0.2043083783346243,94.0725,0.3141883641958237,89.95,0.31779460930824277,89.82
1,GurobiEdit,AWP_C1Correct_250,25,0.2053219170901722,94.0725,0.30780953830480573,89.98,0.31364446058273315,89.51
1,GurobiEdit,AWP_C1Correct_250,26,0.202480612542873,94.2925,0.31286866335868835,89.61,0.31349394943714143,89.6
1,GurobiEdit,AWP_C1Correct_250,27,0.20153899321826502,94.255,0.3301040678977966,89.15,0.32783380589485167,89.55
1,GurobiEdit,AWP_C1Correct_250,28,0.20150822955674638,94.2625,0.2889978286266327,90.38,0.28194388222694394,90.47
1,GurobiEdit,AWP_C1Correct_250,29,0.19984434318904298,94.235,0.2975647255420685,90.4,0.3089173243522644,89.77
1,GurobiEdit,AWP_C1Correct_250,30,0.20140000894522894,94.2025,0.30602986800670623,89.54,0.3041064151287079,90.14
1,GurobiEdit,AWP_C1Correct_250,31,0.20266169699997946,94.2175,0.2830253129005432,91.04,0.28730223426818846,90.67
1,GurobiEdit,AWP_C1Correct_250,32,0.20254854441355594,94.275,0.30775038969516755,89.84,0.3073044818639755,90.09
1,GurobiEdit,AWP_C1Correct_250,33,0.1984084185700828,94.2575,0.30027094621658323,90.15,0.29922400863170623,90.22
1,GurobiEdit,AWP_C1Correct_250,34,0.20253912185708556,94.35,0.3205416134238243,89.51,0.3116093877315521,89.85
1,GurobiEdit,AWP_C1Correct_250,35,0.2023048687952395,94.395,0.35593187704086304,88.1,0.3529972486972809,88.2
1,GurobiEdit,AWP_C1Correct_250,36,0.20415809441107913,94.22,0.2774726212143898,90.86,0.27939233222007753,91.06
1,GurobiEdit,AWP_C1Correct_250,37,0.20329783659297437,94.2475,0.2876017116427422,90.37,0.2879043746471405,90.47
1,GurobiEdit,AWP_C1Correct_250,38,0.1981050784405047,94.4075,0.2981794263124466,90.72,0.29439239625930785,90.54
1,GurobiEdit,AWP_C1Correct_250,39,0.20203322783921854,94.28,0.3449508948802948,88.59,0.3415517008304596,88.53
1,GurobiEdit,AWP_C1Correct_250,40,0.19839905283321588,94.2975,0.2953583916902542,90.59,0.299274524974823,90.49
1,GurobiEdit,AWP_C1Correct_250,41,0.1982208477755705,94.4175,0.3336060326337814,88.86,0.3343958083629608,89.0
1,GurobiEdit,AWP_C1Correct_250,42,0.20274574550005575,94.1525,0.3182294067144394,89.49,0.3147564910411835,89.56
1,GurobiEdit,AWP_C1Correct_250,43,0.19905404089548337,94.28,0.3025746220588684,90.03,0.3095314856767654,89.9
1,GurobiEdit,AWP_C1Correct_250,44,0.20142414689825747,94.33,0.27247518154382705,91.12,0.2848707945346832,90.69
1,GurobiEdit,AWP_C1Correct_250,45,0.2026817058793272,94.2575,0.2934668447971344,90.3,0.2912386352300644,90.38
1,GurobiEdit,AWP_C1Correct_250,46,0.1966391731136904,94.4475,0.3058072435617447,90.04,0.2965345821380615,90.16
1,GurobiEdit,AWP_C1Correct_250,47,0.19669314804739846,94.3575,0.3224514651298523,89.44,0.3231104440689087,89.57
1,GurobiEdit,AWP_C1Correct_250,48,0.19816746391332188,94.2525,0.334864488196373,88.98,0.3281941768169403,89.45
1,GurobiEdit,AWP_C1Correct_250,49,0.19908090228565967,94.3475,0.3092778687238693,90.21,0.3086703414916992,90.42
1,GurobiEdit,AWP_C1Correct_250,50,0.2003989199670359,94.325,0.2929539897799492,90.52,0.2858293675899506,90.69
1,GurobiEdit,AWP_C1Correct_250,51,0.2015489365298527,94.1075,0.3196657902240753,89.12,0.320952135848999,89.19
1,GurobiEdit,AWP_C1Correct_250,52,0.20113942584100242,94.285,0.27032286756038665,91.15,0.26871959811449053,91.18
1,GurobiEdit,AWP_C1Correct_250,53,0.20170098616958806,94.2525,0.2905790019154549,90.47,0.29346929173469544,90.48
1,GurobiEdit,AWP_C1Correct_250,54,0.2011571651497207,94.3,0.3196952264785767,89.15,0.31191829946041105,89.84
1,GurobiEdit,AWP_C1Correct_250,55,0.19976214340890938,94.245,0.28408075284957884,90.79,0.27440990817546845,91.07
1,GurobiEdit,AWP_C1Correct_250,56,0.193357165486287,94.49,0.33165350892543793,89.16,0.33291070756912233,89.12
1,GurobiEdit,AWP_C1Correct_250,57,0.19971095784879722,94.3,0.3208331778049469,89.71,0.31441975955963136,90.01
1,GurobiEdit,AWP_C1Correct_250,58,0.19573386982321359,94.5825,0.3281689988732338,89.47,0.33367738363742827,89.4
1,GurobiEdit,AWP_C1Correct_250,59,0.19851626351047247,94.38,0.30217265286445616,89.93,0.2990586967945099,90.02
1,GurobiEdit,AWP_C1Correct_250,60,0.1967179522203942,94.3975,0.2944721685409546,90.51,0.3055290836572647,89.97
1,GurobiEdit,AWP_C1Correct_250,61,0.19573111341784175,94.41,0.30773372082710265,90.21,0.30586749353408815,89.94
1,GurobiEdit,AWP_C1Correct_250,62,0.2013522832871626,94.17,0.27046331796646117,91.24,0.27257475469112397,91.21
1,GurobiEdit,AWP_C1Correct_250,63,0.19459799708078462,94.5225,0.3094315059661865,89.94,0.3067428520679474,90.21
1,GurobiEdit,AWP_C1Correct_250,64,0.1985956836289491,94.455,0.2887056592702866,90.9,0.28861305465698245,91.08
1,GurobiEdit,AWP_C1Correct_250,65,0.19515530193766084,94.4875,0.30320680953264234,90.14,0.3050132191181183,89.86
1,GurobiEdit,AWP_C1Correct_250,66,0.19125669397199496,94.6375,0.301621676158905,89.94,0.30634107031822205,89.92
1,GurobiEdit,AWP_C1Correct_250,67,0.195157415855426,94.51,0.29640558943748474,90.29,0.2849888369083405,90.65
1,GurobiEdit,AWP_C1Correct_250,68,0.12127773393504916,97.1175,0.19063884788155555,93.71,0.1859035429954529,94.06
1,GurobiEdit,AWP_C1Correct_250,69,0.09254443147978463,97.7975,0.17709194927811622,94.35,0.17525586373805999,94.24
1,GurobiEdit,AWP_C1Correct_250,70,0.08178413105896487,98.165,0.1728966747701168,94.2,0.1719104823589325,94.42
1,GurobiEdit,AWP_C1Correct_250,71,0.07576287441407911,98.385,0.16971651837527751,94.35,0.16639616622924805,94.35
1,GurobiEdit,AWP_C1Correct_250,72,0.07051881393209433,98.5375,0.16721230460703373,94.47,0.16118241140842438,94.7
1,GurobiEdit,AWP_C1Correct_250,73,0.06497876969770121,98.6175,0.16718409677743912,94.4,0.16353831086158752,94.64
1,GurobiEdit,AWP_C1Correct_250,74,0.0608232022283938,98.75,0.16096322800815105,94.74,0.16136552883386612,94.6
1,GurobiEdit,AWP_C1Correct_250,75,0.0574125447712196,98.8675,0.16294671707451344,94.28,0.16103835694789886,94.69
1,GurobiEdit,AWP_C1Correct_250,76,0.05387181378067873,98.98,0.15442490444779397,94.82,0.1542787359237671,94.98
1,GurobiEdit,AWP_C1Correct_250,77,0.0512024196870506,99.01,0.1586967576622963,94.45,0.1551125191926956,94.96
1,GurobiEdit,AWP_C1Correct_250,78,0.04971044551069363,99.0925,0.1578189579486847,94.6,0.1567094295501709,94.79
1,GurobiEdit,AWP_C1Correct_250,79,0.047572001802940335,99.105,0.15374494058787821,94.96,0.1584540985107422,94.72
1,GurobiEdit,AWP_C1Correct_250,80,0.044939763683337755,99.2025,0.15697470233738423,94.62,0.15245220685005187,94.87
1,GurobiEdit,AWP_C1Correct_250,81,0.04209181508674218,99.2775,0.1527294905781746,94.62,0.14941532309055328,95.02
1,GurobiEdit,AWP_C1Correct_250,82,0.04040371024380096,99.3,0.15591962275505067,94.77,0.1560630450963974,94.83
1,GurobiEdit,AWP_C1Correct_250,83,0.04003413272694277,99.305,0.1526544779986143,94.81,0.15320022258758545,95.12
1,GurobiEdit,AWP_C1Correct_250,84,0.03710031849198257,99.42,0.15249142885804176,94.98,0.15193331841230392,94.9
1,GurobiEdit,AWP_C1Correct_250,85,0.03584334602990089,99.4025,0.1514452237933874,94.74,0.15067609956264497,94.97
1,GurobiEdit,AWP_C1Correct_250,86,0.03436593685489588,99.48,0.14835429481714965,95.16,0.14579376071691513,95.01
1,GurobiEdit,AWP_C1Correct_250,87,0.03292582461390252,99.5325,0.1556763788163662,94.9,0.15184921398162843,94.95
1,GurobiEdit,AWP_C1Correct_250,88,0.03282537170873282,99.485,0.1502613410666585,95.03,0.14837709388732911,95.01
1,GurobiEdit,AWP_C1Correct_250,89,0.031436062763079094,99.5175,0.15197443415522574,94.66,0.15180175399780274,94.93
1,GurobiEdit,AWP_C1Correct_250,90,0.02926389119935969,99.5725,0.15214408593773843,94.93,0.1480289123773575,94.97
1,GurobiEdit,AWP_C1Correct_250,91,0.028730425028541028,99.6125,0.1506559844315052,94.9,0.1498011652946472,94.99
1,GurobiEdit,AWP_C1Correct_250,92,0.028171303821876405,99.5775,0.1522522905498743,94.76,0.14811055026054382,94.87
1,GurobiEdit,AWP_C1Correct_250,93,0.02696963571630918,99.655,0.15789422366023065,94.54,0.15489018814563751,94.6
1,GurobiEdit,AWP_C1Correct_250,94,0.026203097989812445,99.6425,0.15430754394829274,94.84,0.1543539409637451,95.0
1,GurobiEdit,AWP_C1Correct_250,95,0.024969872857887335,99.6925,0.1516701572522521,94.62,0.15317649904489516,94.55
1,GurobiEdit,AWP_C1Correct_250,96,0.024890889258930286,99.67,0.1504898143902421,94.82,0.1499229605913162,94.95
1,GurobiEdit,AWP_C1Correct_250,97,0.02397116361417995,99.7325,0.14926525440514088,95.03,0.1563551702260971,94.43
1,GurobiEdit,AWP_C1Correct_250,98,0.023319263692600088,99.71,0.15525325126498937,94.6,0.15297888243198396,94.75
1,GurobiEdit,AWP_C1Correct_250,99,0.023361772275009095,99.695,0.16333981085196136,94.42,0.15714786067008973,94.41
1,GurobiEdit,AWP_C1Correct_250,100,0.022370137232608688,99.7375,0.15271200296878815,95.06,0.15150163037776948,94.83
2,GurobiEdit,AWP_C1Correct_250,1,0.22171753521163623,93.605,0.341348886013031,88.58,0.3291468661785126,89.31
2,GurobiEdit,AWP_C1Correct_250,2,0.22196827117151346,93.5025,0.3325758204460144,89.61,0.32258221578598023,90.06
2,GurobiEdit,AWP_C1Correct_250,3,0.2201546104476094,93.5425,0.3303101723670959,89.36,0.31260118832588196,89.73
2,GurobiEdit,AWP_C1Correct_250,4,0.21586784834678943,93.875,0.31469545402526855,89.75,0.30444058713912964,90.16
2,GurobiEdit,AWP_C1Correct_250,5,0.22243436066487346,93.5525,0.39833014469146727,86.84,0.38551909124851225,87.2
2,GurobiEdit,AWP_C1Correct_250,6,0.22461024174294153,93.3675,0.30112762279510497,89.85,0.2879482543468475,90.6
2,GurobiEdit,AWP_C1Correct_250,7,0.21282727956867065,93.885,0.3526411333084106,88.55,0.3453637924671173,88.5
2,GurobiEdit,AWP_C1Correct_250,8,0.2213260092007847,93.5325,0.3508899844169617,88.3,0.3462981083393097,88.0
2,GurobiEdit,AWP_C1Correct_250,9,0.21275160456903444,93.8825,0.29995772838592527,90.32,0.29527245888710024,90.27
2,GurobiEdit,AWP_C1Correct_250,10,0.21437877661789567,93.84,0.3447349765777588,88.33,0.32640431218147276,89.08
2,GurobiEdit,AWP_C1Correct_250,11,0.21898170320180277,93.775,0.29268190689086915,90.65,0.27937476539611816,90.9
2,GurobiEdit,AWP_C1Correct_250,12,0.21413653020184642,93.775,0.3267067126274109,89.67,0.3218393287658691,89.51
2,GurobiEdit,AWP_C1Correct_250,13,0.21654805329184942,93.7625,0.32024689292907715,89.37,0.3145796284914017,89.72
2,GurobiEdit,AWP_C1Correct_250,14,0.21602714092681963,93.755,0.3241017186164856,89.5,0.3129784918308258,89.41
2,GurobiEdit,AWP_C1Correct_250,15,0.21384063067908485,93.8825,0.3053936538696289,90.42,0.29444675874710086,90.66
2,GurobiEdit,AWP_C1Correct_250,16,0.21002653543465435,93.9775,0.3229493637084961,89.47,0.3117441623687744,89.86
2,GurobiEdit,AWP_C1Correct_250,17,0.2163348845161569,93.69,0.2936005919456482,90.43,0.28682911133766176,90.54
2,GurobiEdit,AWP_C1Correct_250,18,0.20998970873820516,94.0025,0.31825306415557864,89.74,0.30838164501190185,89.86
2,GurobiEdit,AWP_C1Correct_250,19,0.2165266352054029,93.7925,0.3481911347389221,88.61,0.3315713173866272,89.35
2,GurobiEdit,AWP_C1Correct_250,20,0.21194885835384789,93.8225,0.2881064911842346,90.71,0.27507127776145934,91.2
2,GurobiEdit,AWP_C1Correct_250,21,0.20741712670927992,94.0375,0.3798094937324524,87.32,0.3652377899169922,87.6
2,GurobiEdit,AWP_C1Correct_250,22,0.2151599410719003,93.765,0.35952550506591796,88.11,0.33927477684020996,88.65
2,GurobiEdit,AWP_C1Correct_250,23,0.21280029118537142,93.7725,0.3160201292037964,89.65,0.3059363101959229,90.21
2,GurobiEdit,AWP_C1Correct_250,24,0.21136564573350425,93.89,0.3247250331878662,89.17,0.3080291820764542,89.74
2,GurobiEdit,AWP_C1Correct_250,25,0.21008745347634672,94.0875,0.32460130023956296,89.48,0.3082836136341095,89.83
2,GurobiEdit,AWP_C1Correct_250,26,0.2141128817019752,93.7075,0.34629157218933104,89.0,0.33652795181274414,89.2
2,GurobiEdit,AWP_C1Correct_250,27,0.20901689671289425,93.975,0.3591555914878845,87.97,0.3440744050264358,88.46
2,GurobiEdit,AWP_C1Correct_250,28,0.2123901650261955,93.8975,0.3143705972671509,89.78,0.3095327571392059,90.11
2,GurobiEdit,AWP_C1Correct_250,29,0.21128362226790895,93.9475,0.3393310987472534,89.17,0.3252001992940903,89.37
2,GurobiEdit,AWP_C1Correct_250,30,0.208144601874839,94.0,0.32118780517578127,89.21,0.3008689402103424,90.18
2,GurobiEdit,AWP_C1Correct_250,31,0.21331399410201338,93.7475,0.34410165214538574,88.44,0.3256652879238129,89.08
2,GurobiEdit,AWP_C1Correct_250,32,0.20814511472710406,94.015,0.302334374332428,90.17,0.28584632663726806,90.72
2,GurobiEdit,AWP_C1Correct_250,33,0.20802971711173987,94.065,0.3506477283477783,88.32,0.3315990173816681,89.25
2,GurobiEdit,AWP_C1Correct_250,34,0.20652841200558142,93.9375,0.3159536615371704,89.5,0.30902534303665163,89.74
2,GurobiEdit,AWP_C1Correct_250,35,0.20715294671230042,94.115,0.3262778646469116,89.59,0.3202449119567871,90.17
2,GurobiEdit,AWP_C1Correct_250,36,0.2054304596000967,94.11,0.30774428596496584,90.34,0.2963882935523987,90.45
2,GurobiEdit,AWP_C1Correct_250,37,0.20594571154719343,94.075,0.3269161400794983,89.01,0.31206784222126005,89.86
2,GurobiEdit,AWP_C1Correct_250,38,0.20536717724876283,94.16,0.31919092149734496,89.37,0.30131183891296387,90.17
2,GurobiEdit,AWP_C1Correct_250,39,0.21046307340216713,93.78,0.3955885622024536,86.41,0.3864464886665344,86.96
2,GurobiEdit,AWP_C1Correct_250,40,0.21022908677593968,93.83,0.3545336301803589,87.67,0.3400877881526947,88.37
2,GurobiEdit,AWP_C1Correct_250,41,0.2030985593414916,94.1,0.35147149419784546,88.46,0.33484957799911497,88.93
2,GurobiEdit,AWP_C1Correct_250,42,0.20455309222586238,94.1025,0.3151887622833252,89.51,0.31123533411026,89.93
2,GurobiEdit,AWP_C1Correct_250,43,0.20381100749531492,94.145,0.31998919134140014,89.45,0.3014987023353577,90.04
2,GurobiEdit,AWP_C1Correct_250,44,0.21060159452521382,93.96,0.33525869188308716,88.87,0.32393352673053744,89.61
2,GurobiEdit,AWP_C1Correct_250,45,0.20425073559672688,94.15,0.31204797086715697,89.66,0.29939001522064207,90.77
3,GurobiEdit,AWP_C1Correct_250,1,0.21762881028099942,93.6125,0.3388687963962555,88.84,0.3510373186349869,88.26
3,GurobiEdit,AWP_C1Correct_250,2,0.21892494110824962,93.58,0.3133169068813324,89.7,0.31412931394577026,89.7
3,GurobiEdit,AWP_C1Correct_250,3,0.2149645335043962,93.865,0.32124865174293515,90.14,0.3237421487092972,89.74
3,GurobiEdit,AWP_C1Correct_250,4,0.216728613613703,93.5925,0.3192651568174362,89.35,0.3251211269855499,89.23
3,GurobiEdit,AWP_C1Correct_250,5,0.21635023892497102,93.885,0.29500392694473265,90.55,0.30008092651367185,90.53
3,GurobiEdit,AWP_C1Correct_250,6,0.21370142148420834,93.7625,0.3462254075050354,88.44,0.35003517622947694,88.07
3,GurobiEdit,AWP_C1Correct_250,7,0.21580827821748325,93.7525,0.3185248542308807,90.24,0.3207916617512703,89.61
3,GurobiEdit,AWP_C1Correct_250,8,0.21468971874386358,93.84,0.30268791370391845,90.23,0.30276438333988187,90.33
3,GurobiEdit,AWP_C1Correct_250,9,0.21479326876969382,93.7525,0.30370569820404053,90.48,0.3096840976238251,89.91
3,GurobiEdit,AWP_C1Correct_250,10,0.212426438975258,93.85,0.3218837371826172,89.3,0.32645995078086854,89.23
3,GurobiEdit,AWP_C1Correct_250,11,0.21469531296350705,93.735,0.30447771604061125,89.98,0.3042423501253128,89.95
3,GurobiEdit,AWP_C1Correct_250,12,0.21236493195683812,93.8175,0.307668492603302,89.95,0.3164101159095764,89.44
3,GurobiEdit,AWP_C1Correct_250,13,0.21254836503690044,93.9,0.3106801630973816,89.78,0.3114976947069168,89.84
3,GurobiEdit,AWP_C1Correct_250,14,0.2102578627034879,93.955,0.3139663455963135,90.29,0.3202954661846161,89.62
3,GurobiEdit,AWP_C1Correct_250,15,0.21454102791155488,93.725,0.29125762186050413,90.55,0.30196309039592745,90.09
3,GurobiEdit,AWP_C1Correct_250,16,0.2110998790246991,93.9475,0.3216374276161194,89.58,0.3275434108734131,89.04
3,GurobiEdit,AWP_C1Correct_250,17,0.21053851612459737,93.875,0.3068067163467407,90.65,0.31067206416130067,90.04
3,GurobiEdit,AWP_C1Correct_250,18,0.21262282868638968,93.775,0.31261186752319337,90.0,0.32986465187072755,89.56
3,GurobiEdit,AWP_C1Correct_250,19,0.21277500805668176,93.77,0.3142733141422272,89.9,0.31695829544067383,89.47
3,GurobiEdit,AWP_C1Correct_250,20,0.21142091540197214,93.8675,0.3033662020206451,90.17,0.30886564164161684,89.97
3,GurobiEdit,AWP_C1Correct_250,21,0.21332576049688146,93.87,0.287775138425827,91.46,0.2913283308029175,90.92
3,GurobiEdit,AWP_C1Correct_250,22,0.21071856766463087,93.8675,0.3158885120868683,89.63,0.3313776966571808,88.89
3,GurobiEdit,AWP_C1Correct_250,23,0.21081125531524134,93.9,0.3091128479003906,89.95,0.3197291196346283,89.51
3,GurobiEdit,AWP_C1Correct_250,24,0.2118672765910435,93.815,0.35187674808502195,88.41,0.3541595967769623,87.98
3,GurobiEdit,AWP_C1Correct_250,25,0.20607097584980363,94.1275,0.3109558084487915,90.27,0.3182127084970474,89.92
3,GurobiEdit,AWP_C1Correct_250,26,0.21165613282602816,93.9725,0.2857508250713348,90.55,0.29354092845916746,90.26
3,GurobiEdit,AWP_C1Correct_250,27,0.21017862201784365,93.8825,0.32239044904708863,89.96,0.3251465102672577,89.53
3,GurobiEdit,AWP_C1Correct_250,28,0.21034734079632134,93.9775,0.35142434351444246,88.66,0.3687334038734436,88.06
3,GurobiEdit,AWP_C1Correct_250,29,0.2081110451739436,93.915,0.32870235748291016,89.78,0.32772908096313474,89.68
3,GurobiEdit,AWP_C1Correct_250,30,0.20641784829358323,93.975,0.30026480331420896,89.9,0.31050843896865843,89.89
3,GurobiEdit,AWP_C1Correct_250,31,0.20945977500547616,93.9275,0.33260842895507814,89.08,0.3359223869800568,88.96
3,GurobiEdit,AWP_C1Correct_250,32,0.20674904271627007,94.03,0.33378758945465087,88.87,0.3414044158935547,88.56
3,GurobiEdit,AWP_C1Correct_250,33,0.20796503636021965,93.88,0.2929342420578003,90.82,0.29713893246650697,90.55
3,GurobiEdit,AWP_C1Correct_250,34,0.20882685039751828,93.93,0.29120957040786744,90.5,0.3041373255729675,90.15
3,GurobiEdit,AWP_C1Correct_250,35,0.20576864033461378,93.99,0.3006637237548828,89.94,0.3060556125164032,89.9
3,GurobiEdit,AWP_C1Correct_250,36,0.20984046832441142,93.9575,0.32216728048324583,89.87,0.32950851821899413,89.25
3,GurobiEdit,AWP_C1Correct_250,37,0.20701590720742655,94.0725,0.3178970808982849,89.51,0.3261555082798004,89.3
3,GurobiEdit,AWP_C1Correct_250,38,0.20870087878963056,94.0025,0.2995445913314819,90.33,0.3119947153091431,89.73
3,GurobiEdit,AWP_C1Correct_250,39,0.20340786743373535,94.2675,0.2898391154766083,90.85,0.29999734172821046,90.4
3,GurobiEdit,AWP_C1Correct_250,40,0.20285962134028396,94.2225,0.29052435126304627,90.59,0.2915307069778442,90.55
3,GurobiEdit,AWP_C1Correct_250,41,0.20340157457338737,94.1625,0.36048087887763974,88.17,0.373589176607132,88.2
3,GurobiEdit,AWP_C1Correct_250,42,0.2063180488138534,94.0625,0.2918564235687256,90.44,0.28942754380702973,90.58
3,GurobiEdit,AWP_C1Correct_250,43,0.20688913112726456,94.0375,0.31702142267227174,89.87,0.3267939220905304,89.64
3,GurobiEdit,AWP_C1Correct_250,44,0.20368805968056852,94.17,0.30641195373535157,90.26,0.30892861347198486,90.27
3,GurobiEdit,AWP_C1Correct_250,45,0.20901679100034337,93.95,0.27904751391410826,90.83,0.29448051404953,90.36
3,GurobiEdit,AWP_C1Correct_250,46,0.20498028035742788,94.1,0.29505191674232484,90.39,0.29287217915058134,90.43
3,GurobiEdit,AWP_C1Correct_250,47,0.2039199136078548,94.045,0.2923522228717804,90.79,0.2853585764169693,90.87
3,GurobiEdit,AWP_C1Correct_250,48,0.2046296772198936,94.195,0.3097884216308594,89.89,0.31567208857536316,89.55
3,GurobiEdit,AWP_C1Correct_250,49,0.20381508872341425,94.0775,0.32004791560173035,89.67,0.329308767080307,89.0
3,GurobiEdit,AWP_C1Correct_250,50,0.2082021911494648,94.1725,0.2900854331016541,90.43,0.2964001245498657,90.24
3,GurobiEdit,AWP_C1Correct_250,51,0.20563367609017955,94.0275,0.326951096200943,89.66,0.31554556064605715,89.99
3,GurobiEdit,AWP_C1Correct_250,52,0.20345989424294939,94.24,0.31930972266197205,88.95,0.34396441869735717,87.84
3,GurobiEdit,AWP_C1Correct_250,53,0.2048696260720777,94.09,0.27174153146743774,91.3,0.2769872707366943,91.06
3,GurobiEdit,AWP_C1Correct_250,54,0.2004439709856868,94.295,0.30452724356651306,90.16,0.3124617553472519,89.6
3,GurobiEdit,AWP_C1Correct_250,55,0.20139502981505075,94.14,0.3243147262096405,89.63,0.32124091107845304,89.64
3,GurobiEdit,AWP_C1Correct_250,56,0.20410565789134358,94.1025,0.3196814319610596,89.88,0.3216215054512024,89.82
3,GurobiEdit,AWP_C1Correct_250,57,0.20292724340487592,94.25,0.3259372892856598,89.16,0.3431762739896774,88.72
3,GurobiEdit,AWP_C1Correct_250,58,0.20629231734112047,94.12,0.2975778838157654,90.23,0.30222920744419096,90.12
3,GurobiEdit,AWP_C1Correct_250,59,0.20145984258228977,94.2675,0.3298935137748718,89.15,0.34030782072544097,88.89
3,GurobiEdit,AWP_C1Correct_250,60,0.19954467155396366,94.4125,0.3018426574230194,90.37,0.2996375528693199,90.42
3,GurobiEdit,AWP_C1Correct_250,61,0.20336233058010048,94.2,0.3581986964225769,88.03,0.3512159908771515,88.2
3,GurobiEdit,AWP_C1Correct_250,62,0.20436035453701934,94.1125,0.3192565399169922,89.28,0.32917670021057127,88.92
3,GurobiEdit,AWP_C1Correct_250,63,0.2028641318218015,94.0975,0.30209059295654295,90.16,0.3142518099308014,89.95
3,GurobiEdit,AWP_C1Correct_250,64,0.2018729847507736,94.2475,0.2926089726448059,90.47,0.3089796887397766,90.03
3,GurobiEdit,AWP_C1Correct_250,65,0.19973569651381276,94.255,0.2934571933269501,90.61,0.2973916769504547,90.35
3,GurobiEdit,AWP_C1Correct_250,66,0.1980701192451742,94.405,0.2752030997753143,91.12,0.27910612745285035,90.53
3,GurobiEdit,AWP_C1Correct_250,67,0.1996208197249772,94.3325,0.299742807674408,90.33,0.31338511881828307,89.59
3,GurobiEdit,AWP_C1Correct_250,68,0.20255980278832464,94.215,0.34135032920837405,88.03,0.3387808388710022,88.22
3,GurobiEdit,AWP_C1Correct_250,69,0.19912667191637973,94.4025,0.2974782937049866,90.23,0.29952485444545746,90.3
3,GurobiEdit,AWP_C1Correct_250,70,0.20012267205280998,94.24,0.3453848072052002,88.33,0.3516886920928955,88.31
3,GurobiEdit,AWP_C1Correct_250,71,0.20501824068470884,93.9575,0.3176785403251648,89.54,0.315655845451355,89.71
3,GurobiEdit,AWP_C1Correct_250,72,0.19905197468047706,94.28,0.29619112815856935,90.63,0.29453636674880984,90.48
3,GurobiEdit,AWP_C1Correct_250,73,0.12641868003593465,96.915,0.1828412742137909,94.41,0.18759064620733262,94.01
3,GurobiEdit,AWP_C1Correct_250,74,0.09563145592523078,97.7575,0.16655856893062593,94.78,0.18146653294563295,94.04
3,GurobiEdit,AWP_C1Correct_250,75,0.08336428252938456,98.19,0.16880536451339723,94.53,0.16905222831964492,94.61
3,GurobiEdit,AWP_C1Correct_250,76,0.07749589550466583,98.285,0.16202780747413636,94.8,0.16930728187561034,94.47
3,GurobiEdit,AWP_C1Correct_250,77,0.07085777028276326,98.5225,0.1573895502090454,94.84,0.16676814968585968,94.49
3,GurobiEdit,AWP_C1Correct_250,78,0.06915465551324355,98.545,0.16081414577960967,94.83,0.16670155940055847,94.66
3,GurobiEdit,AWP_C1Correct_250,79,0.06354110854597518,98.7075,0.15912359135150908,94.83,0.1645590234220028,94.67
3,GurobiEdit,AWP_C1Correct_250,80,0.05941280315573604,98.84,0.15361174762248994,94.96,0.16350665558576583,94.56
3,GurobiEdit,AWP_C1Correct_250,81,0.056427648154120096,98.9275,0.1527678833246231,95.06,0.15980287892222406,94.76
3,GurobiEdit,AWP_C1Correct_250,82,0.052402717129776656,98.995,0.15221360652446747,95.09,0.16215888924598693,94.42
3,GurobiEdit,AWP_C1Correct_250,83,0.05114599299459412,99.05,0.14824277477264405,95.24,0.15714883952736855,94.68
3,GurobiEdit,AWP_C1Correct_250,84,0.049083855526801494,99.1,0.1508679946422577,95.15,0.15989570063352584,94.55
3,GurobiEdit,AWP_C1Correct_250,85,0.04696798163611954,99.2075,0.15032828991413116,95.1,0.15544089506864547,94.85
3,GurobiEdit,AWP_C1Correct_250,86,0.04402950364417923,99.2875,0.15235283856391907,94.92,0.1605086412847042,94.91
3,GurobiEdit,AWP_C1Correct_250,87,0.04250536147897807,99.265,0.1497729912519455,95.03,0.15668539624214173,94.68
3,GurobiEdit,AWP_C1Correct_250,88,0.04082213475490911,99.305,0.14756469836235048,95.05,0.15176377919912337,94.93
3,GurobiEdit,AWP_C1Correct_250,89,0.038834603423008714,99.38,0.14531961731910706,95.19,0.15277246166467667,95.08
3,GurobiEdit,AWP_C1Correct_250,90,0.03706590036233774,99.405,0.15037042849063872,95.02,0.15851178131699561,94.67
3,GurobiEdit,AWP_C1Correct_250,91,0.036450664277750844,99.425,0.14608173503875732,95.22,0.15035202133357525,94.83
3,GurobiEdit,AWP_C1Correct_250,92,0.034564643949508284,99.4725,0.14776477890014647,95.14,0.14907075681686402,95.05
3,GurobiEdit,AWP_C1Correct_250,93,0.03316356957303925,99.4775,0.14284633002281188,95.26,0.15056810381412505,94.89
3,GurobiEdit,AWP_C1Correct_250,94,0.03183685868276289,99.5475,0.14747615607976913,95.12,0.15428486194610597,94.68
3,GurobiEdit,AWP_C1Correct_250,95,0.03073060673813279,99.6025,0.1453485370159149,95.27,0.14944425095319747,94.85
3,GurobiEdit,AWP_C1Correct_250,96,0.030388421991976878,99.58,0.14862653342485427,95.02,0.15156849505901338,94.93
3,GurobiEdit,AWP_C1Correct_250,97,0.029191667532411435,99.6,0.14781275609731676,95.24,0.1525928483247757,94.86
3,GurobiEdit,AWP_C1Correct_250,98,0.02803954151206123,99.6175,0.1506189500451088,95.07,0.15238747202157973,95.04
3,GurobiEdit,AWP_C1Correct_250,99,0.027295809245100038,99.64,0.15258218359947204,94.94,0.14955080575942994,95.0
3,GurobiEdit,AWP_C1Correct_250,100,0.027153386862371294,99.66,0.14804219999313353,95.1,0.15054197705686093,94.76
1,GurobiEdit,AWP_C1Any_250,1,0.20633514494465563,94.005,0.27224038956165314,90.94,0.27647709841728213,91.0
1,GurobiEdit,AWP_C1Any_250,2,0.20969497231534495,93.92,0.30435499773025515,90.02,0.30506837062835696,89.96
1,GurobiEdit,AWP_C1Any_250,3,0.2108346540897418,93.8175,0.283103369641304,90.95,0.28586088962554934,90.62
1,GurobiEdit,AWP_C1Any_250,4,0.20684810718313193,94.13,0.31484924437999723,89.96,0.3163535277366638,89.48
1,GurobiEdit,AWP_C1Any_250,5,0.21137188841550114,93.855,0.32841726913452146,89.46,0.32817538313865663,89.0
1,GurobiEdit,AWP_C1Any_250,6,0.20630738198661958,94.0925,0.31487724795341493,89.8,0.32118450665473935,89.49
1,GurobiEdit,AWP_C1Any_250,7,0.20847338666550266,93.93,0.3326452207803726,89.25,0.31843391771316526,89.56
1,GurobiEdit,AWP_C1Any_250,8,0.2062365981622245,94.0925,0.3052551445603371,90.12,0.3128315155506134,89.98
1,GurobiEdit,AWP_C1Any_250,9,0.20641429253374807,93.985,0.2951208268404007,90.2,0.2938591908931732,90.31
1,GurobiEdit,AWP_C1Any_250,10,0.20677161654725243,93.9925,0.3891885039806366,87.01,0.3890352146148682,86.95
1,GurobiEdit,AWP_C1Any_250,11,0.20794437913753736,93.8925,0.3172240700483322,89.8,0.3096244278669357,90.16
1,GurobiEdit,AWP_C1Any_250,12,0.201198644388598,94.28,0.34395632920265196,88.44,0.3397797730922699,88.77
1,GurobiEdit,AWP_C1Any_250,13,0.2046983559339191,94.015,0.3046293002128601,89.91,0.30060351355075837,90.03
1,GurobiEdit,AWP_C1Any_250,14,0.20902999178670084,93.965,0.3132305503129959,89.83,0.31000885393619537,90.14
1,GurobiEdit,AWP_C1Any_250,15,0.20783140074711637,93.9925,0.33491472001075745,89.05,0.31688440976142884,89.77
1,GurobiEdit,AWP_C1Any_250,16,0.19920478016138077,94.285,0.3075581966161728,89.99,0.3044762445449829,90.28
1,GurobiEdit,AWP_C1Any_250,17,0.20796401241716866,93.9625,0.3122312843799591,89.78,0.3099100209712982,89.85
1,GurobiEdit,AWP_C1Any_250,18,0.20484882659805467,94.1475,0.30940678029060364,90.34,0.3104758836746216,89.89
1,GurobiEdit,AWP_C1Any_250,19,0.20525176473223744,94.065,0.2900191363334656,90.7,0.2883244361639023,90.67
1,GurobiEdit,AWP_C1Any_250,20,0.2066870472206475,94.1425,0.3265993913650513,89.37,0.3323322861194611,89.17
1,GurobiEdit,AWP_C1Any_250,21,0.2052819263725616,94.025,0.2955963056087494,90.71,0.2998267473697662,90.02
1,GurobiEdit,AWP_C1Any_250,22,0.20207704996434264,94.2025,0.36934422369003295,87.86,0.3535435964584351,88.55
1,GurobiEdit,AWP_C1Any_250,23,0.2049122758138294,94.17,0.3731459768295288,87.25,0.3736669231414795,87.38
1,GurobiEdit,AWP_C1Any_250,24,0.2083359857003529,93.9775,0.3236063096761703,89.42,0.3293356336832047,89.01
1,GurobiEdit,AWP_C1Any_250,25,0.20296759372606826,94.1775,0.31122987852096556,89.78,0.3102254473209381,89.97
1,GurobiEdit,AWP_C1Any_250,26,0.20630512867396633,94.0575,0.3316210517406464,89.06,0.32195262808799746,89.32
2,GurobiEdit,AWP_C1Any_250,1,0.2215055084457032,93.61,0.41638135538101195,85.69,0.4083242043495178,86.05
2,GurobiEdit,AWP_C1Any_250,2,0.22644145722492054,93.33,0.33591947689056395,88.94,0.32285970859527585,89.39
2,GurobiEdit,AWP_C1Any_250,3,0.22205029549404456,93.6475,0.3530422613143921,88.07,0.3388088898181915,88.57
2,GurobiEdit,AWP_C1Any_250,4,0.21828624001516703,93.6,0.3087499782562256,89.71,0.3043985424041748,90.03
2,GurobiEdit,AWP_C1Any_250,5,0.21553694073574992,93.775,0.3120115028381348,89.82,0.3019136407375336,90.41
2,GurobiEdit,AWP_C1Any_250,6,0.2225763676598811,93.505,0.3421582627296448,88.59,0.32145238604545595,89.23
2,GurobiEdit,AWP_C1Any_250,7,0.22180602763788387,93.4075,0.32323163623809814,89.33,0.3152447748184204,89.67
2,GurobiEdit,AWP_C1Any_250,8,0.21873183291369733,93.625,0.3121323176383972,89.72,0.3056413498878479,90.08
2,GurobiEdit,AWP_C1Any_250,9,0.2179835411353995,93.7225,0.3431198780059814,89.15,0.3312663127422333,88.93
2,GurobiEdit,AWP_C1Any_250,10,0.2136853333717337,93.78,0.3156484373092651,89.99,0.31312146248817446,89.69
2,GurobiEdit,AWP_C1Any_250,11,0.21611866097861585,93.8025,0.3487485939025879,88.32,0.3340027060508728,88.88
2,GurobiEdit,AWP_C1Any_250,12,0.2192261913380684,93.5775,0.3665713102340698,87.82,0.3592345752239227,88.39
2,GurobiEdit,AWP_C1Any_250,13,0.21871043265627596,93.67,0.31557140645980836,89.48,0.3111118221282959,89.73
2,GurobiEdit,AWP_C1Any_250,14,0.21812931131631041,93.6975,0.34393779048919676,88.74,0.3266022977352142,89.16
2,GurobiEdit,AWP_C1Any_250,15,0.21577738292110613,93.6625,0.3178370126724243,89.99,0.3037294026851654,90.69
2,GurobiEdit,AWP_C1Any_250,16,0.20903158204528852,94.0175,0.3391274188995361,88.45,0.33344455144405366,88.66
2,GurobiEdit,AWP_C1Any_250,17,0.21250780310017614,93.9925,0.41919685401916507,85.33,0.41740773439407347,85.64
2,GurobiEdit,AWP_C1Any_250,18,0.21574062006637312,93.6975,0.3230276110649109,89.44,0.3070029868125915,90.29
2,GurobiEdit,AWP_C1Any_250,19,0.21422435264713086,93.9225,0.34115934495925904,88.75,0.3350907314300537,89.18
2,GurobiEdit,AWP_C1Any_250,20,0.21285522134064105,93.88,0.3389786522865295,88.91,0.33425379245281217,89.19
2,GurobiEdit,AWP_C1Any_250,21,0.21058971870440646,93.92,0.3032582581520081,90.14,0.28285872106552123,91.05
2,GurobiEdit,AWP_C1Any_250,22,0.21170492865407048,93.965,0.3227718035697937,89.3,0.30830074100494387,89.89
2,GurobiEdit,AWP_C1Any_250,23,0.20969209722436655,94.0425,0.3476974898338318,88.53,0.33109309968948364,88.87
2,GurobiEdit,AWP_C1Any_250,24,0.20654397403089383,94.05,0.293287929725647,90.73,0.2895373689651489,90.98
2,GurobiEdit,AWP_C1Any_250,25,0.20969100536915442,93.9825,0.4046212537765503,86.47,0.40978883943557737,85.81
2,GurobiEdit,AWP_C1Any_250,26,0.21194806240332392,93.94,0.345488800907135,88.54,0.33021588616371156,89.06
2,GurobiEdit,AWP_C1Any_250,27,0.21480134631783818,93.655,0.33506160793304446,88.94,0.3273837260723114,89.16
2,GurobiEdit,AWP_C1Any_250,28,0.20629044041370811,94.0725,0.3690925117492676,87.66,0.35448315782546996,88.0
2,GurobiEdit,AWP_C1Any_250,29,0.2072645830222593,94.09,0.3203204291343689,89.51,0.3083116560459137,90.13
2,GurobiEdit,AWP_C1Any_250,30,0.2117180983527019,93.8025,0.37550738906860354,87.35,0.3608647530078888,87.9
2,GurobiEdit,AWP_C1Any_250,31,0.20880342429628768,93.99,0.334141943359375,88.81,0.3154806396484375,89.96
2,GurobiEdit,AWP_C1Any_250,32,0.2105899255115765,93.7825,0.3123012528419495,90.27,0.30042774500846864,90.64
2,GurobiEdit,AWP_C1Any_250,33,0.2038392522654975,94.1875,0.3429598539352417,88.41,0.326911946773529,89.43
2,GurobiEdit,AWP_C1Any_250,34,0.2093470742146428,94.0125,0.3205667154312134,89.98,0.30734947957992553,90.28
2,GurobiEdit,AWP_C1Any_250,35,0.20440130742689291,94.2075,0.3431855935096741,88.29,0.3354853866577148,88.56
2,GurobiEdit,AWP_C1Any_250,36,0.21067108885167887,93.865,0.3366484136581421,89.59,0.32280300335884093,89.79
2,GurobiEdit,AWP_C1Any_250,37,0.20838178413363692,93.9975,0.32935380458831787,89.7,0.31814442925453185,89.98
2,GurobiEdit,AWP_C1Any_250,38,0.20737104570141995,94.1875,0.3396543046951294,88.78,0.3295009541988373,89.15
2,GurobiEdit,AWP_C1Any_250,39,0.20259160089035766,94.2175,0.3136630977630615,89.46,0.3009177659034729,90.05
2,GurobiEdit,AWP_C1Any_250,40,0.2052877896224348,94.015,0.3318624185562134,89.03,0.3201892993211746,89.26
2,GurobiEdit,AWP_C1Any_250,41,0.20516861965671515,94.095,0.3295445852279663,88.8,0.31555975551605225,89.47
2,GurobiEdit,AWP_C1Any_250,42,0.2045156253507724,94.085,0.36340821352005004,88.05,0.3462744666099548,88.54
2,GurobiEdit,AWP_C1Any_250,43,0.19975023059704053,94.305,0.3036135983467102,89.97,0.29449211983680723,90.17
2,GurobiEdit,AWP_C1Any_250,44,0.206835519891387,94.0625,0.3145072032928467,89.85,0.3063775414466858,90.44
2,GurobiEdit,AWP_C1Any_250,45,0.2105145229461094,93.9575,0.30836256322860717,89.53,0.2998083626508713,89.73
2,GurobiEdit,AWP_C1Any_250,46,0.2001401574466937,94.2125,0.38637294130325317,87.57,0.37089949259758,87.82
2,GurobiEdit,AWP_C1Any_250,47,0.20872265433731932,94.015,0.3325247842788696,89.13,0.3158813217163086,89.88
2,GurobiEdit,AWP_C1Any_250,48,0.2018290466536729,94.26,0.29054427633285523,90.3,0.27621534547805787,91.14
2,GurobiEdit,AWP_C1Any_250,49,0.19954573717741922,94.3375,0.34047636795043945,88.8,0.3253949162483215,89.3
2,GurobiEdit,AWP_C1Any_250,50,0.20227797417499768,94.16,0.3529663349151611,88.37,0.3361299222707748,88.74
2,GurobiEdit,AWP_C1Any_250,51,0.20268511027097702,94.1475,0.29424936513900757,90.31,0.2851998710870743,90.77
2,GurobiEdit,AWP_C1Any_250,52,0.20107647357657313,94.275,0.3235240924835205,89.05,0.3085373264312744,89.69
2,GurobiEdit,AWP_C1Any_250,53,0.19877665875533138,94.3875,0.3149197699546814,89.35,0.3078639971733093,90.12
2,GurobiEdit,AWP_C1Any_250,54,0.19992850397151118,94.2775,0.30679074068069456,90.21,0.28944411873817444,90.68
2,GurobiEdit,AWP_C1Any_250,55,0.2021733386971699,94.18,0.33431638050079343,89.1,0.31980262439250945,89.53
2,GurobiEdit,AWP_C1Any_250,56,0.2077221198679921,94.06,0.3157352252960205,89.45,0.2973502129077911,90.31
2,GurobiEdit,AWP_C1Any_250,57,0.20164824672305165,94.21,0.34343567781448364,88.74,0.33253270392417905,89.08
2,GurobiEdit,AWP_C1Any_250,58,0.20734516745462966,94.1225,0.32239356842041017,89.2,0.31011956324577333,89.67
2,GurobiEdit,AWP_C1Any_250,59,0.20109757421591792,94.2675,0.36228867664337155,87.83,0.35823927721977233,88.15
2,GurobiEdit,AWP_C1Any_250,60,0.2020037159466515,94.3025,0.32503109846115114,89.64,0.3039428313732147,90.22
2,GurobiEdit,AWP_C1Any_250,61,0.20042211393388315,94.375,0.32500781745910645,89.08,0.3094665174245834,89.75
2,GurobiEdit,AWP_C1Any_250,62,0.20192078639047975,94.225,0.34898354625701905,88.28,0.3291936611652374,88.93
2,GurobiEdit,AWP_C1Any_250,63,0.20347881895570327,94.0875,0.3144292674064636,89.61,0.30646629226207733,90.01
2,GurobiEdit,AWP_C1Any_250,64,0.2019107001134382,94.215,0.32412037658691406,89.59,0.2997888247013092,90.27
2,GurobiEdit,AWP_C1Any_250,65,0.20136391564299122,94.11,0.2949622124671936,90.89,0.28458578629493714,91.0
2,GurobiEdit,AWP_C1Any_250,66,0.1999151636950505,94.345,0.31306992626190183,90.29,0.3034081585407257,90.47
2,GurobiEdit,AWP_C1Any_250,67,0.19589101570768477,94.52,0.3367085057258606,89.32,0.3208554408073425,89.43
2,GurobiEdit,AWP_C1Any_250,68,0.20758896525770712,94.1025,0.3453486464500427,88.38,0.32947430181503295,89.2
2,GurobiEdit,AWP_C1Any_250,69,0.20176750226333118,94.165,0.3109865399360657,89.92,0.3036579025268555,89.93
2,GurobiEdit,AWP_C1Any_250,70,0.20174653671039178,94.275,0.2960808883666992,90.38,0.2771751151561737,91.14
2,GurobiEdit,AWP_C1Any_250,71,0.20102746649005543,94.2925,0.33253256034851075,88.87,0.319418510055542,89.59
2,GurobiEdit,AWP_C1Any_250,72,0.19739990867079257,94.4,0.3133267467498779,89.78,0.2981268035888672,90.39
2,GurobiEdit,AWP_C1Any_250,73,0.19927401352709476,94.395,0.3483759029388428,87.9,0.32258260021209717,88.86
3,GurobiEdit,AWP_C1Any_250,1,0.21524170526681236,93.6675,0.30804868268966673,89.64,0.3094244459271431,89.61
3,GurobiEdit,AWP_C1Any_250,2,0.21269379311000197,93.845,0.30592038464546206,90.33,0.31752057366371156,89.71
3,GurobiEdit,AWP_C1Any_250,3,0.21372535634345521,93.87,0.32932870359420774,89.21,0.3311311629772186,89.15
3,GurobiEdit,AWP_C1Any_250,4,0.21909671307752687,93.6325,0.3022779501914978,90.25,0.307812113404274,90.39
3,GurobiEdit,AWP_C1Any_250,5,0.21674255395944889,93.7525,0.3298851287841797,89.23,0.3334977101325989,88.63
3,GurobiEdit,AWP_C1Any_250,6,0.2135101413003172,93.825,0.2945749351501465,90.77,0.298591552066803,90.3
3,GurobiEdit,AWP_C1Any_250,7,0.21558677438444224,93.7825,0.28966476545333864,90.55,0.3003052754163742,90.0
3,GurobiEdit,AWP_C1Any_250,8,0.21604428185632055,93.74,0.28988920283317565,90.78,0.2950294594526291,90.43
3,GurobiEdit,AWP_C1Any_250,9,0.2137490043434472,93.7975,0.31404449400901796,89.68,0.3186389682769775,89.62
3,GurobiEdit,AWP_C1Any_250,10,0.21827807029881796,93.64,0.2977041010379791,90.75,0.30754420535564425,89.69
3,GurobiEdit,AWP_C1Any_250,11,0.2155644145731728,93.755,0.3109932242393494,89.82,0.3116616019010544,89.73
3,GurobiEdit,AWP_C1Any_250,12,0.21321987158383804,93.8425,0.2994772294044495,89.81,0.29926870708465575,89.88
3,GurobiEdit,AWP_C1Any_250,13,0.21248361270743818,93.7825,0.2935530607223511,90.57,0.29988691704273224,89.98
3,GurobiEdit,AWP_C1Any_250,14,0.21399225506443567,93.715,0.28036424350738526,90.95,0.29586727907657623,90.13
3,GurobiEdit,AWP_C1Any_250,15,0.21070164551559728,93.99,0.31940829257965087,89.64,0.3197757492542267,89.64
3,GurobiEdit,AWP_C1Any_250,16,0.2132883122839486,93.865,0.29913159108161924,90.74,0.30204684703350065,90.42
3,GurobiEdit,AWP_C1Any_250,17,0.2121778203370853,93.92,0.3075787803173065,90.07,0.3159996357917786,89.9
3,GurobiEdit,AWP_C1Any_250,18,0.20871692048475005,94.01,0.30041025030612944,90.35,0.3037856031894684,90.14
3,GurobiEdit,AWP_C1Any_250,19,0.2169210231199432,93.76,0.290803586769104,90.34,0.2923590211391449,90.06
3,GurobiEdit,AWP_C1Any_250,20,0.20999146179078867,93.8775,0.2995052749156952,90.4,0.31074689815044404,89.51
3,GurobiEdit,AWP_C1Any_250,21,0.2091482642550057,93.8775,0.33067388072013854,89.3,0.3343883266329765,88.91
3,GurobiEdit,AWP_C1Any_250,22,0.21098456303246868,93.98,0.2960108338356018,90.05,0.30626379272937776,90.04
3,GurobiEdit,AWP_C1Any_250,23,0.20442837376754505,94.1375,0.3053797947406769,89.86,0.29741922662258147,89.86
3,GurobiEdit,AWP_C1Any_250,24,0.20895053289187981,94.0275,0.3082297402381897,89.97,0.31106622009277346,89.48
3,GurobiEdit,AWP_C1Any_250,25,0.21066162697137736,93.87,0.3649456398010254,87.45,0.3657363874435425,87.89
3,GurobiEdit,AWP_C1Any_250,26,0.21166595119161727,93.8725,0.33389235496520997,88.6,0.34384582934379576,88.81
3,GurobiEdit,AWP_C1Any_250,27,0.21041999835842334,93.8925,0.30863807039260865,90.14,0.3147215273618698,89.85
3,GurobiEdit,AWP_C1Any_250,28,0.20737919094749152,94.0175,0.34199492154121397,88.8,0.3409697884082794,88.59
3,GurobiEdit,AWP_C1Any_250,29,0.2122363743071739,93.77,0.3093656582355499,89.95,0.30886120023727415,90.01
3,GurobiEdit,AWP_C1Any_250,30,0.2053496676702469,94.115,0.29084989948272705,90.48,0.29286812815666197,90.46
3,GurobiEdit,AWP_C1Any_250,31,0.2113331611782979,93.8475,0.3391573534965515,89.28,0.34156853423118594,88.82
3,GurobiEdit,AWP_C1Any_250,32,0.21177797997816683,93.855,0.313224015045166,89.52,0.32323390636444094,89.3
3,GurobiEdit,AWP_C1Any_250,33,0.2067865026168549,94.0425,0.2805199218034744,91.17,0.2924599356651306,90.53
3,GurobiEdit,AWP_C1Any_250,34,0.20789662136818274,93.9525,0.3088779887199402,89.77,0.32147730174064637,89.17
3,GurobiEdit,AWP_C1Any_250,35,0.20744293978134284,94.0275,0.28804887919425964,90.61,0.30714350371360777,89.98
3,GurobiEdit,AWP_C1Any_250,36,0.20794736448758708,94.0525,0.32635532178878784,89.33,0.32610994753837586,89.23
3,GurobiEdit,AWP_C1Any_250,37,0.20325627537390675,94.155,0.29226070165634155,90.6,0.2926237968921661,90.51
3,GurobiEdit,AWP_C1Any_250,38,0.20445119553861527,94.0825,0.35073721380233763,88.39,0.3447911433696747,88.73
3,GurobiEdit,AWP_C1Any_250,39,0.20523429902407309,94.19,0.3180362560272217,89.87,0.3165462546825409,89.94
1,GurobiEdit,AWP_C1Correct_500,1,0.20980927498100665,93.925,0.31184864391088485,89.6,0.3200310121774673,89.47
1,GurobiEdit,AWP_C1Correct_500,2,0.21112365201829722,93.9225,0.3194301433801651,89.39,0.3176927553653717,89.42
1,GurobiEdit,AWP_C1Correct_500,3,0.2104045450925446,93.995,0.31229518518447874,89.41,0.312385298538208,89.76
1,GurobiEdit,AWP_C1Correct_500,4,0.2068501847525374,94.1975,0.30228437855243684,90.08,0.3045683044910431,90.16
1,GurobiEdit,AWP_C1Correct_500,5,0.2122393330922142,94.005,0.3365097591876984,88.67,0.3377861531734467,88.81
1,GurobiEdit,AWP_C1Correct_500,6,0.20507304365642534,94.1175,0.33874227731227874,88.66,0.3384213733673096,88.55
1,GurobiEdit,AWP_C1Correct_500,7,0.2093277988485254,94.0175,0.29718794214725497,90.44,0.3011508616924286,90.54
1,GurobiEdit,AWP_C1Correct_500,8,0.2052150122321452,94.175,0.3757376658439636,88.14,0.37299533381462097,87.75
1,GurobiEdit,AWP_C1Correct_500,9,0.20718074808962428,94.0025,0.3196806433916092,89.41,0.3117472877979279,89.65
1,GurobiEdit,AWP_C1Correct_500,10,0.21265861953790197,93.8825,0.3133440585613251,89.68,0.3205374162197113,89.49
1,GurobiEdit,AWP_C1Correct_500,11,0.20222443923020897,94.2025,0.29042995743751526,90.74,0.29766514120697973,90.2
1,GurobiEdit,AWP_C1Correct_500,12,0.20437071251031308,94.18,0.3228440665245056,89.47,0.3223662722587585,89.2
1,GurobiEdit,AWP_C1Correct_500,13,0.2062798617794491,94.0875,0.35382188148498533,88.35,0.34886591835021974,88.47
1,GurobiEdit,AWP_C1Correct_500,14,0.20793538021679503,94.11,0.32214313974380493,89.36,0.3217095268726349,89.1
1,GurobiEdit,AWP_C1Correct_500,15,0.20452093754332668,94.11,0.3108167576313019,89.73,0.3149928757190704,89.29
1,GurobiEdit,AWP_C1Correct_500,16,0.20657361639193453,94.02,0.29601510450839996,90.54,0.29039485330581666,90.61
1,GurobiEdit,AWP_C1Correct_500,17,0.2064229522983487,94.0225,0.3649603793144226,87.63,0.3706082358837128,87.27
1,GurobiEdit,AWP_C1Correct_500,18,0.20513394044134944,94.1625,0.284452063369751,90.79,0.27859783425331114,90.97
1,GurobiEdit,AWP_C1Correct_500,19,0.20128741246252396,94.1375,0.28781551916599274,90.57,0.2868391191482544,90.68
1,GurobiEdit,AWP_C1Correct_500,20,0.20736029658454674,94.0375,0.28862629505395887,90.58,0.28618076562881467,90.63
1,GurobiEdit,AWP_C1Correct_500,21,0.20708656998964164,94.1025,0.29772633818387984,90.37,0.29676230070590975,90.33
1,GurobiEdit,AWP_C1Correct_500,22,0.2001620512039136,94.2125,0.2999990312337875,90.34,0.2986914404630661,90.0
1,GurobiEdit,AWP_C1Correct_500,23,0.20439912262149512,94.2425,0.30638405077457426,90.18,0.3073793318748474,90.19
1,GurobiEdit,AWP_C1Correct_500,24,0.20202009406047888,94.255,0.3497785961151123,88.51,0.33828712563514707,89.07
1,GurobiEdit,AWP_C1Correct_500,25,0.20395964600693303,94.1475,0.3096536798238754,90.01,0.3153239216804504,89.27
1,GurobiEdit,AWP_C1Correct_500,26,0.20523941302642273,93.9625,0.29266356782913205,90.33,0.29549856981039047,90.38
1,GurobiEdit,AWP_C1Correct_500,27,0.1979368778939445,94.3675,0.3062083566904068,89.99,0.3018979591369629,90.21
1,GurobiEdit,AWP_C1Correct_500,28,0.2047427247364681,94.2325,0.2981155454993248,90.03,0.30259451174736024,89.92
1,GurobiEdit,AWP_C1Correct_500,29,0.20221361191794515,94.155,0.3128089097261429,89.78,0.3145598316192627,89.8
1,GurobiEdit,AWP_C1Correct_500,30,0.2019372214191257,94.18,0.30416626472473146,89.85,0.31008010988235474,89.15
1,GurobiEdit,AWP_C1Correct_500,31,0.19984384835623323,94.32,0.28960382518768313,90.7,0.2915200284004211,90.65
1,GurobiEdit,AWP_C1Correct_500,32,0.20403304172400089,94.045,0.2985378447532654,90.29,0.29961063165664675,90.34
1,GurobiEdit,AWP_C1Correct_500,33,0.20149417669057085,94.25,0.31857496287822723,89.42,0.32130286612510683,89.51
1,GurobiEdit,AWP_C1Correct_500,34,0.19963201206808273,94.215,0.3040887067437172,89.86,0.30103863596916197,89.96
1,GurobiEdit,AWP_C1Correct_500,35,0.20524678783961378,94.005,0.32468102898597717,89.26,0.31958042290210725,89.04
1,GurobiEdit,AWP_C1Correct_500,36,0.20055286274455225,94.41,0.33645107250213624,88.35,0.32359214911460876,88.98
1,GurobiEdit,AWP_C1Correct_500,37,0.20231624114246796,94.0725,0.2854330439567566,91.0,0.2811152074813843,91.09
1,GurobiEdit,AWP_C1Correct_500,38,0.1981053477563797,94.4225,0.29650719130039216,90.4,0.29863517878055573,90.56
1,GurobiEdit,AWP_C1Correct_500,39,0.20305491688723762,94.115,0.29179225697517397,90.63,0.2963688066482544,90.24
1,GurobiEdit,AWP_C1Correct_500,40,0.19753205278715769,94.31,0.2781012179374695,90.68,0.27957064394950865,90.84
1,GurobiEdit,AWP_C1Correct_500,41,0.20047551548233428,94.38,0.30732369294166567,90.04,0.30638010292053225,89.63
1,GurobiEdit,AWP_C1Correct_500,42,0.2009724123409381,94.4175,0.28187957315444945,90.95,0.2837659908771515,90.59
1,GurobiEdit,AWP_C1Correct_500,43,0.20080791747036833,94.49,0.3063366952419281,89.81,0.31182152960300447,89.55
1,GurobiEdit,AWP_C1Correct_500,44,0.19780323261650987,94.3325,0.30550479950904846,90.04,0.3076876401424408,90.02
1,GurobiEdit,AWP_C1Correct_500,45,0.1964824300128431,94.29,0.322763946390152,89.44,0.3221306538105011,89.46
1,GurobiEdit,AWP_C1Correct_500,46,0.20122194599610166,94.2675,0.300264142036438,89.79,0.3008093940258026,90.29
1,GurobiEdit,AWP_C1Correct_500,47,0.20159710477144954,94.2825,0.30498002400398255,90.22,0.3053903079509735,90.12
1,GurobiEdit,AWP_C1Correct_500,48,0.1979756674732263,94.3925,0.3207440208673477,89.28,0.325195880317688,89.02
1,GurobiEdit,AWP_C1Correct_500,49,0.20068238242365682,94.295,0.2666081652641296,91.42,0.2773982672691345,91.42
1,GurobiEdit,AWP_C1Correct_500,50,0.2021910623668101,94.15,0.32884683990478514,88.62,0.32822394506931307,88.84
1,GurobiEdit,AWP_C1Correct_500,51,0.2026965486974762,94.215,0.32068108654022215,89.24,0.3229313855886459,89.53
1,GurobiEdit,AWP_C1Correct_500,52,0.19893699355970937,94.275,0.3003554329872131,90.31,0.2979543265581131,90.32
1,GurobiEdit,AWP_C1Correct_500,53,0.19514007942554668,94.3775,0.32020120487213133,89.54,0.3196515609741211,89.56
1,GurobiEdit,AWP_C1Correct_500,54,0.20163731188915027,94.205,0.3223767814397812,89.22,0.32047458834648135,89.39
1,GurobiEdit,AWP_C1Correct_500,55,0.19845740235270784,94.46,0.3476454815864563,88.53,0.33471403617858886,89.18
1,GurobiEdit,AWP_C1Correct_500,56,0.19528443192521605,94.535,0.3605748680114746,87.94,0.3546498125076294,88.05
1,GurobiEdit,AWP_C1Correct_500,57,0.19749940622347995,94.315,0.29533073271512983,90.55,0.29105704131126403,90.6
1,GurobiEdit,AWP_C1Correct_500,58,0.19845660059406353,94.2325,0.29737270464897153,90.55,0.3023464293956757,90.45
1,GurobiEdit,AWP_C1Correct_500,59,0.19737939924572984,94.41,0.31039285284280776,89.89,0.3045145881891251,90.08
1,GurobiEdit,AWP_C1Correct_500,60,0.19605618789077947,94.435,0.2692676708817482,91.22,0.27886820731163026,90.93
1,GurobiEdit,AWP_C1Correct_500,61,0.19647169508301793,94.375,0.31855422194004057,89.54,0.31671245894432065,89.35
1,GurobiEdit,AWP_C1Correct_500,62,0.19730335419265607,94.4375,0.3336803634643555,88.43,0.33387909593582155,88.72
1,GurobiEdit,AWP_C1Correct_500,63,0.1965296074462394,94.5075,0.30614090595245363,90.25,0.3093233576774597,90.17
1,GurobiEdit,AWP_C1Correct_500,64,0.1979593803850226,94.4175,0.28519457833766937,90.78,0.28983951239585876,90.6
1,GurobiEdit,AWP_C1Correct_500,65,0.1980358241036677,94.395,0.31690518250465394,89.43,0.2968896832466125,90.44
1,GurobiEdit,AWP_C1Correct_500,66,0.19906618677008267,94.34,0.32874212079048154,89.24,0.3231528289794922,89.19
1,GurobiEdit,AWP_C1Correct_500,67,0.19804389810505005,94.3325,0.29095057098865507,90.6,0.2884083312511444,90.79
1,GurobiEdit,AWP_C1Correct_500,68,0.12260890259339025,97.065,0.1870895850300789,93.61,0.18389781752824783,94.12
1,GurobiEdit,AWP_C1Correct_500,69,0.09424104911688798,97.79,0.17669322178959845,94.38,0.17598122565746308,94.42
1,GurobiEdit,AWP_C1Correct_500,70,0.08297330070846377,98.0625,0.17268827234506606,94.32,0.1738777983188629,94.43
1,GurobiEdit,AWP_C1Correct_500,71,0.07736679951484782,98.2375,0.16946080211400985,94.48,0.16583969365358353,94.78
1,GurobiEdit,AWP_C1Correct_500,72,0.06962844253348086,98.49,0.1671261653393507,94.54,0.16669058953523636,94.55
1,GurobiEdit,AWP_C1Correct_500,73,0.06614523075711422,98.625,0.16228165860176086,94.7,0.16324340472221374,94.51
1,GurobiEdit,AWP_C1Correct_500,74,0.06338257785922231,98.69,0.1633176421791315,94.54,0.16155307470560074,94.8
1,GurobiEdit,AWP_C1Correct_500,75,0.05957336292956203,98.7525,0.15989919351935386,94.81,0.15882109371423722,94.78
1,GurobiEdit,AWP_C1Correct_500,76,0.05712739776331967,98.9075,0.1594194243967533,94.81,0.15767458589076996,94.85
1,GurobiEdit,AWP_C1Correct_500,77,0.05448982178474577,98.955,0.16035353113859893,94.56,0.15709641814231873,94.71
1,GurobiEdit,AWP_C1Correct_500,78,0.0504357530274235,99.0825,0.15535988466143608,94.8,0.1558125892162323,94.96
1,GurobiEdit,AWP_C1Correct_500,79,0.047609270702059656,99.1325,0.1570256709307432,94.78,0.15894013843536378,94.86
1,GurobiEdit,AWP_C1Correct_500,80,0.04517376707337154,99.2425,0.1533330670684576,94.81,0.1506580820083618,95.15
1,GurobiEdit,AWP_C1Correct_500,81,0.043473188726665876,99.2725,0.15699678498357533,94.69,0.15334505187273026,95.01
1,GurobiEdit,AWP_C1Correct_500,82,0.04160998880970307,99.275,0.15719927793592214,94.6,0.15575366113185882,94.79
1,GurobiEdit,AWP_C1Correct_500,83,0.040137937643562265,99.36,0.1586332016259432,94.65,0.1538176990032196,94.84
1,GurobiEdit,AWP_C1Correct_500,84,0.03842004248723626,99.37,0.15063420523777604,94.96,0.15455163629055024,94.73
1,GurobiEdit,AWP_C1Correct_500,85,0.03621521927178287,99.4425,0.1511189011603594,94.93,0.1506821514606476,94.95
1,GurobiEdit,AWP_C1Correct_500,86,0.03541355405728847,99.44,0.15015923562794925,94.9,0.14844524865150452,95.02
1,GurobiEdit,AWP_C1Correct_500,87,0.03390792667115934,99.505,0.14972726300656797,94.82,0.15028814985752106,94.96
1,GurobiEdit,AWP_C1Correct_500,88,0.0324473127740593,99.52,0.1540337479226291,94.79,0.14977569558620452,94.93
1,GurobiEdit,AWP_C1Correct_500,89,0.030599516980088177,99.57,0.14987558196485043,94.82,0.14909721007347107,94.89
1,GurobiEdit,AWP_C1Correct_500,90,0.030186341167948307,99.53,0.14911393332183362,94.9,0.1500364585161209,94.94
1,GurobiEdit,AWP_C1Correct_500,91,0.029140735479494254,99.575,0.15036087639033793,94.73,0.1495927743434906,94.9
1,GurobiEdit,AWP_C1Correct_500,92,0.028342484645307444,99.6225,0.15086388089060784,94.72,0.15079036087989808,95.0
1,GurobiEdit,AWP_C1Correct_500,93,0.02781993592568575,99.6175,0.15190724081546067,94.96,0.1510198689699173,94.96
1,GurobiEdit,AWP_C1Correct_500,94,0.027087737585956485,99.655,0.1505698160380125,94.88,0.14843608663082122,95.01
1,GurobiEdit,AWP_C1Correct_500,95,0.02550180784215371,99.6975,0.15783690697029232,94.69,0.153516748046875,94.79
1,GurobiEdit,AWP_C1Correct_500,96,0.02515591473613208,99.71,0.1456282126545906,95.06,0.14808145097494124,95.1
1,GurobiEdit,AWP_C1Correct_500,97,0.024816716821810688,99.69,0.1529209424138069,94.89,0.15170719900131224,94.72
1,GurobiEdit,AWP_C1Correct_500,98,0.024097966451269274,99.7225,0.15483840434774757,94.71,0.1494873304605484,95.06
1,GurobiEdit,AWP_C1Correct_500,99,0.023682454202217033,99.7075,0.15675949926674365,94.59,0.15164624851942063,95.02
1,GurobiEdit,AWP_C1Correct_500,100,0.02330710126247745,99.72,0.15257100113481284,94.7,0.15416076107025148,94.75
2,GurobiEdit,AWP_C1Correct_500,1,0.22342926454239379,93.53,0.3226419240951538,89.18,0.31958069677352907,89.69
2,GurobiEdit,AWP_C1Correct_500,2,0.22276407987260208,93.355,0.35143764572143554,88.53,0.33648017206192016,89.23
2,GurobiEdit,AWP_C1Correct_500,3,0.22067558089384257,93.4075,0.3283078062057495,88.8,0.3185432523727417,89.31
2,GurobiEdit,AWP_C1Correct_500,4,0.21954985838919022,93.5525,0.3546955687522888,88.21,0.3306377995014191,89.35
2,GurobiEdit,AWP_C1Correct_500,5,0.22393297082699906,93.4675,0.3144165284156799,89.86,0.3010621231555939,90.2
2,GurobiEdit,AWP_C1Correct_500,6,0.21982233176311364,93.6925,0.3933398859977722,86.52,0.3815718343257904,87.19
2,GurobiEdit,AWP_C1Correct_500,7,0.2195615780334503,93.59,0.3089316298484802,90.41,0.3025514438152313,90.21
2,GurobiEdit,AWP_C1Correct_500,8,0.21936456987652153,93.67,0.34113850831985476,88.45,0.32645203218460084,89.03
2,GurobiEdit,AWP_C1Correct_500,9,0.21804098349314527,93.62,0.3640037401199341,87.83,0.3510859525680542,88.1
2,GurobiEdit,AWP_C1Correct_500,10,0.2174604060693671,93.7175,0.3664283394813538,88.07,0.3540938789367676,88.19
2,GurobiEdit,AWP_C1Correct_500,11,0.21696009087010312,93.7025,0.333441713142395,88.82,0.31147083730697633,89.39
2,GurobiEdit,AWP_C1Correct_500,12,0.2147251674637627,93.7275,0.3273655969619751,89.24,0.3119611140489578,89.64
2,GurobiEdit,AWP_C1Correct_500,13,0.21839482127763213,93.57,0.3136824769973755,89.93,0.2998812079906464,90.48
2,GurobiEdit,AWP_C1Correct_500,14,0.21731857969738044,93.6225,0.36140759344100953,87.84,0.34093246598243715,88.65
2,GurobiEdit,AWP_C1Correct_500,15,0.21695132058458969,93.8075,0.2998826343536377,90.01,0.28687762826681135,90.36
2,GurobiEdit,AWP_C1Correct_500,16,0.21217938929129712,93.895,0.31855112962722776,89.32,0.3039467484474182,89.99
2,GurobiEdit,AWP_C1Correct_500,17,0.21426588006484243,93.6925,0.3420689727783203,88.82,0.3293832615852356,89.11
2,GurobiEdit,AWP_C1Correct_500,18,0.2136878871832031,93.84,0.3240000189781189,89.52,0.3049591829299927,90.05
2,GurobiEdit,AWP_C1Correct_500,19,0.2097113290533852,94.0,0.3207454852104187,89.47,0.30431115489006044,90.14
2,GurobiEdit,AWP_C1Correct_500,20,0.21010278060603826,94.01,0.33850913429260254,88.87,0.3265543840885162,89.28
2,GurobiEdit,AWP_C1Correct_500,21,0.21072984577272647,93.9675,0.32438548192977906,89.36,0.32556400656700135,89.18
2,GurobiEdit,AWP_C1Correct_500,22,0.2161608719216368,93.74,0.33323477544784547,89.03,0.3178341196537018,89.49
2,GurobiEdit,AWP_C1Correct_500,23,0.20781452730060004,94.0525,0.2979344268798828,90.06,0.2814565280675888,90.6
2,GurobiEdit,AWP_C1Correct_500,24,0.21575879834044856,93.64,0.3323114891052246,89.13,0.3189584833621979,89.49
2,GurobiEdit,AWP_C1Correct_500,25,0.20871642872262686,94.01,0.3217897789955139,89.22,0.31269267578125,89.7
2,GurobiEdit,AWP_C1Correct_500,26,0.21160169102894233,93.8425,0.3297424067497253,88.8,0.3019912005901337,89.88
2,GurobiEdit,AWP_C1Correct_500,27,0.20337502277506808,94.23,0.3465170824050903,88.34,0.3354968035697937,88.69
2,GurobiEdit,AWP_C1Correct_500,28,0.2081816403296428,94.17,0.30396728229522707,90.19,0.2968156066894531,90.32
2,GurobiEdit,AWP_C1Correct_500,29,0.21293327198051415,93.875,0.29262218894958497,90.74,0.27410184803009036,91.5
2,GurobiEdit,AWP_C1Correct_500,30,0.2071487378483763,93.965,0.3455479703903198,88.75,0.3253898526668549,89.55
2,GurobiEdit,AWP_C1Correct_500,31,0.20774663075471458,94.0125,0.33501995792388917,89.08,0.3174801572084427,89.7
2,GurobiEdit,AWP_C1Correct_500,32,0.20929933832095454,94.0575,0.29724612693786623,90.66,0.28789518048763274,90.6
2,GurobiEdit,AWP_C1Correct_500,33,0.2046111745004075,94.095,0.3457970031738281,88.55,0.3257807467460632,89.31
2,GurobiEdit,AWP_C1Correct_500,34,0.2052939522285431,94.1725,0.33044360761642455,89.36,0.3072856423377991,90.27
2,GurobiEdit,AWP_C1Correct_500,35,0.20498045514852475,94.1075,0.3004454689979553,90.39,0.28455435590744016,90.76
2,GurobiEdit,AWP_C1Correct_500,36,0.2087198499435434,94.07,0.3141964923858643,89.33,0.3028489703655243,89.73
2,GurobiEdit,AWP_C1Correct_500,37,0.20751396868937314,93.945,0.36306923694610593,87.66,0.35200612320899966,88.41
2,GurobiEdit,AWP_C1Correct_500,38,0.20332265485780307,94.31,0.3566958011627197,87.89,0.35050710802078244,88.29
2,GurobiEdit,AWP_C1Correct_500,39,0.20562677832838064,94.15,0.3093796716690064,90.26,0.29947874507904054,90.37
2,GurobiEdit,AWP_C1Correct_500,40,0.20680171151321156,94.05,0.358837130355835,88.3,0.3363767782211304,89.06
2,GurobiEdit,AWP_C1Correct_500,41,0.20100949366633503,94.255,0.3680270492553711,87.9,0.3559353099346161,88.34
2,GurobiEdit,AWP_C1Correct_500,42,0.20502569347905655,94.225,0.28217327032089234,90.75,0.2790022344112396,90.94
2,GurobiEdit,AWP_C1Correct_500,43,0.20192574212155023,94.3275,0.3206753635406494,89.41,0.31388505544662476,89.7
2,GurobiEdit,AWP_C1Correct_500,44,0.20302193173870872,94.2325,0.3041352210998535,89.96,0.29352908232212066,90.23
2,GurobiEdit,AWP_C1Correct_500,45,0.2025814112573386,94.23,0.2939064088821411,90.37,0.28735801165103914,90.8
2,GurobiEdit,AWP_C1Correct_500,46,0.20812944894115004,94.0025,0.30774089641571045,89.92,0.2926420342206955,90.51
2,GurobiEdit,AWP_C1Correct_500,47,0.20471540033912505,93.945,0.3336519921302795,88.95,0.31994557466506957,89.62
2,GurobiEdit,AWP_C1Correct_500,48,0.20099857440010047,94.2525,0.29891744709014895,90.42,0.28493596687316897,90.89
2,GurobiEdit,AWP_C1Correct_500,49,0.20112151438340592,94.2325,0.374774361038208,87.14,0.3507480619430542,88.44
2,GurobiEdit,AWP_C1Correct_500,50,0.2058047657957473,94.1675,0.3097638146877289,90.3,0.30329513077735903,90.29
2,GurobiEdit,AWP_C1Correct_500,51,0.20672184707352909,94.0225,0.30748608374595643,89.96,0.28439060626029966,90.65
2,GurobiEdit,AWP_C1Correct_500,52,0.1997940626483375,94.4375,0.33020255250930786,89.03,0.3163457409381866,89.67
2,GurobiEdit,AWP_C1Correct_500,53,0.20538524543039335,94.1525,0.31701143770217893,89.51,0.31199914774894716,89.74
2,GurobiEdit,AWP_C1Correct_500,54,0.20357324720952458,94.21,0.32815098152160643,89.29,0.3035965533733368,90.19
2,GurobiEdit,AWP_C1Correct_500,55,0.19741735345544145,94.43,0.35109398593902585,87.71,0.33703851652145383,88.21
2,GurobiEdit,AWP_C1Correct_500,56,0.20140331650313478,94.3175,0.31461986980438233,89.41,0.3014158739089966,90.06
2,GurobiEdit,AWP_C1Correct_500,57,0.2064717054938356,94.1175,0.30171893424987795,89.95,0.29035669362545014,90.03
2,GurobiEdit,AWP_C1Correct_500,58,0.1988596030460379,94.3225,0.3117112440109253,89.49,0.29950417380332944,89.79
2,GurobiEdit,AWP_C1Correct_500,59,0.20102272803981464,94.25,0.3492505434989929,88.55,0.33355925197601316,89.1
2,GurobiEdit,AWP_C1Correct_500,60,0.1997911633489231,94.1775,0.29662163133621217,90.83,0.29141370549201967,90.95
2,GurobiEdit,AWP_C1Correct_500,61,0.2037829724125588,94.245,0.33445596179962156,88.93,0.3161264955997467,89.83
2,GurobiEdit,AWP_C1Correct_500,62,0.19892006503126491,94.2625,0.3315644292831421,89.17,0.3164503531455994,89.67
2,GurobiEdit,AWP_C1Correct_500,63,0.19943833182128473,94.5475,0.3168246586799622,89.55,0.3109211500644684,89.77
2,GurobiEdit,AWP_C1Correct_500,64,0.201350671319535,94.26,0.3411691658973694,88.77,0.32446895480155946,89.34
2,GurobiEdit,AWP_C1Correct_500,65,0.19995093386108503,94.2475,0.3096114796638489,89.64,0.29972945935726164,90.14
2,GurobiEdit,AWP_C1Correct_500,66,0.20059529520547428,94.37,0.32191943168640136,89.72,0.32249552507400514,89.25
2,GurobiEdit,AWP_C1Correct_500,67,0.1973923736582168,94.4025,0.35045451593399046,88.32,0.3350602460861206,89.13
3,GurobiEdit,AWP_C1Correct_500,1,0.21639751788145437,93.75,0.3190527865886688,89.61,0.328305854845047,89.25
3,GurobiEdit,AWP_C1Correct_500,2,0.21755395358362897,93.795,0.35246540203094484,87.9,0.36178744745254515,87.83
3,GurobiEdit,AWP_C1Correct_500,3,0.2191376457103906,93.665,0.29801883735656737,90.49,0.30222995681762693,90.42
3,GurobiEdit,AWP_C1Correct_500,4,0.21563075889889805,93.735,0.32529843583106993,89.37,0.33266551251411436,89.04
3,GurobiEdit,AWP_C1Correct_500,5,0.21257534375586828,93.9225,0.3415523880958557,88.44,0.3502053755760193,88.13
3,GurobiEdit,AWP_C1Correct_500,6,0.21446850588812996,93.71,0.2841141627311706,90.87,0.2928602403640747,90.56
3,GurobiEdit,AWP_C1Correct_500,7,0.21390951174897507,93.7425,0.38655740933418276,86.92,0.39095591287612913,86.76
3,GurobiEdit,AWP_C1Correct_500,8,0.21673412509143544,93.8,0.27794559879302977,91.51,0.29092868213653567,90.85
3,GurobiEdit,AWP_C1Correct_500,9,0.2117781535076638,93.7925,0.32524127140045167,89.62,0.32663053793907165,89.27
3,GurobiEdit,AWP_C1Correct_500,10,0.21487741962598916,93.8925,0.3291282678604126,89.46,0.3330441491365433,89.0
3,GurobiEdit,AWP_C1Correct_500,11,0.21615376568640382,93.6625,0.3222396402359009,89.63,0.3256257272720337,89.63
3,GurobiEdit,AWP_C1Correct_500,12,0.21357218535563435,93.835,0.35833436632156374,87.98,0.36048495144844056,88.27
3,GurobiEdit,AWP_C1Correct_500,13,0.2130802427998747,93.8125,0.29809780969619754,90.78,0.30363777084350585,90.21
3,GurobiEdit,AWP_C1Correct_500,14,0.2065587717646989,94.135,0.3132857524394989,90.1,0.31955803475379946,89.89
3,GurobiEdit,AWP_C1Correct_500,15,0.21015817748186305,93.95,0.3149599597930908,89.96,0.3133868974924088,89.74
3,GurobiEdit,AWP_C1Correct_500,16,0.21570612685368085,93.8675,0.2962718228340149,90.69,0.3101641369819641,90.16
3,GurobiEdit,AWP_C1Correct_500,17,0.20975530514130578,93.83,0.33283046598434446,89.0,0.3248381100654602,89.21
3,GurobiEdit,AWP_C1Correct_500,18,0.2068508226698199,94.105,0.32052295122146607,89.94,0.320939656829834,89.59
3,GurobiEdit,AWP_C1Correct_500,19,0.2102708722027346,93.8075,0.3702040803432465,87.83,0.3927771514415741,87.01
3,GurobiEdit,AWP_C1Correct_500,20,0.21065338624837682,93.835,0.326996671962738,89.3,0.3338712656497955,89.0
3,GurobiEdit,AWP_C1Correct_500,21,0.2072672929626684,94.0175,0.2820021014213562,91.24,0.2901491226196289,90.66
3,GurobiEdit,AWP_C1Correct_500,22,0.2109516995688216,93.8475,0.31273627014160155,89.89,0.3154239457130432,90.07
3,GurobiEdit,AWP_C1Correct_500,23,0.20904644521566246,94.1025,0.3039854140281677,90.43,0.30686886155605314,89.97
3,GurobiEdit,AWP_C1Correct_500,24,0.21283076886837474,93.8,0.32659799909591675,89.21,0.3217691227316856,89.42
3,GurobiEdit,AWP_C1Correct_500,25,0.20888904608286227,94.0625,0.3091768774032593,90.43,0.315149347615242,89.87
3,GurobiEdit,AWP_C1Correct_500,26,0.20392833140711433,94.15,0.3142781618118286,89.88,0.3168843886375427,89.24
3,GurobiEdit,AWP_C1Correct_500,27,0.20838095035891943,94.015,0.28676327595710754,90.67,0.2971577021121979,90.14
3,GurobiEdit,AWP_C1Correct_500,28,0.20920417053154863,94.005,0.31191146569252015,89.91,0.31227290477752684,89.82
3,GurobiEdit,AWP_C1Correct_500,29,0.20636791695421114,94.15,0.27540957753658296,91.14,0.2810796097278595,90.37
3,GurobiEdit,AWP_C1Correct_500,30,0.21182249105586032,93.78,0.2784613296031952,90.94,0.28465255255699157,91.08
3,GurobiEdit,AWP_C1Correct_500,31,0.20737313122128526,93.955,0.32420019993782045,88.94,0.32608396167755127,89.17
3,GurobiEdit,AWP_C1Correct_500,32,0.20936123005593546,93.985,0.30296997122764585,89.99,0.32049596657752993,89.41
3,GurobiEdit,AWP_C1Correct_500,33,0.2017453734676678,94.195,0.3305211967468262,88.86,0.3338765436887741,89.08
3,GurobiEdit,AWP_C1Correct_500,34,0.20872752416057708,93.96,0.27346723918914795,91.31,0.2798742599248886,90.93
3,GurobiEdit,AWP_C1Correct_500,35,0.20624055815771364,94.01,0.28939989943504335,90.63,0.2901882877826691,90.92
3,GurobiEdit,AWP_C1Correct_500,36,0.2080446591678138,94.05,0.3148806114196777,90.02,0.31522533235549927,89.78
3,GurobiEdit,AWP_C1Correct_500,37,0.20400118192259115,94.085,0.2884562349319458,90.78,0.2940115515708923,90.54
3,GurobiEdit,AWP_C1Correct_500,38,0.20787774773832327,94.13,0.3014282691001892,90.68,0.30502758021354676,90.14
3,GurobiEdit,AWP_C1Correct_500,39,0.2053790837764359,94.15,0.3068100604534149,89.88,0.31065566923618315,90.12
3,GurobiEdit,AWP_C1Correct_500,40,0.20542350985086003,94.03,0.2900810998916626,90.64,0.2985861496210098,90.43
3,GurobiEdit,AWP_C1Correct_500,41,0.20343799636767695,94.105,0.28270903239250184,90.82,0.28647088348865507,90.69
3,GurobiEdit,AWP_C1Correct_500,42,0.2081066498550744,94.005,0.3140599085330963,89.8,0.3165226187467575,89.08
3,GurobiEdit,AWP_C1Correct_500,43,0.20569241811006594,94.015,0.30967869415283206,90.22,0.3191643670082092,89.8
3,GurobiEdit,AWP_C1Correct_500,44,0.20569537418147626,94.025,0.3006989131450653,90.59,0.3098038132190704,90.18
3,GurobiEdit,AWP_C1Correct_500,45,0.20527928553450223,94.0175,0.30960519952774046,89.9,0.31964495248794556,89.34
3,GurobiEdit,AWP_C1Correct_500,46,0.20542704371122505,94.25,0.29901494636535647,90.6,0.30145111832618715,90.23
3,GurobiEdit,AWP_C1Correct_500,47,0.20753150247632504,94.0975,0.2706388674736023,91.43,0.28149979658126834,90.81
3,GurobiEdit,AWP_C1Correct_500,48,0.200109072196217,94.3325,0.29713282499313354,90.39,0.2953585603237152,90.58
3,GurobiEdit,AWP_C1Correct_500,49,0.2005011525969155,94.155,0.3098550042152405,89.53,0.30948384051322936,89.54
3,GurobiEdit,AWP_C1Correct_500,50,0.20482280400519173,94.1875,0.30614953541755674,90.26,0.3076095645189285,90.09
3,GurobiEdit,AWP_C1Correct_500,51,0.20560900024331796,94.1775,0.2986961428403854,90.37,0.2973761541366577,90.09
3,GurobiEdit,AWP_C1Correct_500,52,0.20452901540092006,94.1575,0.2913825002193451,90.64,0.3006296874046326,89.76
3,GurobiEdit,AWP_C1Correct_500,53,0.20360840821323303,94.19,0.3046818765640259,90.04,0.32146577768325807,89.15
3,GurobiEdit,AWP_C1Correct_500,54,0.20572706526175094,94.0175,0.3073020821094513,90.02,0.3182275243759155,89.54
3,GurobiEdit,AWP_C1Correct_500,55,0.20326428320080328,94.2125,0.31170852108001706,90.06,0.3140618432998657,89.8
3,GurobiEdit,AWP_C1Correct_500,56,0.20633824919454588,94.0375,0.34263084707260133,88.38,0.3438540903568268,88.3
3,GurobiEdit,AWP_C1Correct_500,57,0.20552307212600313,94.1825,0.3079975727081299,90.13,0.3146979517459869,89.93
3,GurobiEdit,AWP_C1Correct_500,58,0.20301245659970626,94.115,0.3026918932437897,90.14,0.3134587150096893,89.66
3,GurobiEdit,AWP_C1Correct_500,59,0.20229058784132187,94.1075,0.2988215553283691,90.07,0.30327451944351197,89.93
3,GurobiEdit,AWP_C1Correct_500,60,0.20217019662308616,94.2225,0.3343528531074524,88.42,0.3520532307624817,87.78
3,GurobiEdit,AWP_C1Correct_500,61,0.2007156286757594,94.255,0.2859512786865234,90.76,0.3007751976966858,90.47
3,GurobiEdit,AWP_C1Correct_500,62,0.20331818429521098,94.095,0.31048517174720763,89.83,0.315935871553421,89.78
3,GurobiEdit,AWP_C1Correct_500,63,0.19757377470548923,94.4625,0.31108806648254395,89.98,0.311786541056633,89.62
3,GurobiEdit,AWP_C1Correct_500,64,0.19940065349728917,94.32,0.31363338079452513,89.52,0.31666156849861143,89.48
3,GurobiEdit,AWP_C1Correct_500,65,0.20254973969615686,94.1575,0.31271303477287293,89.42,0.32283798942565917,88.78
3,GurobiEdit,AWP_C1Correct_500,66,0.20531126699698998,94.085,0.30050018730163575,90.58,0.3037199159383774,90.6
3,GurobiEdit,AWP_C1Correct_500,67,0.20353542303981872,94.13,0.30503725047111513,90.09,0.30196795654296876,90.32
3,GurobiEdit,AWP_C1Correct_500,68,0.19762625209630108,94.3925,0.2923731155872345,90.61,0.28667356657981874,90.38
3,GurobiEdit,AWP_C1Correct_500,69,0.20281642249312265,94.205,0.28200732579231264,91.07,0.2882179246902466,90.63
3,GurobiEdit,AWP_C1Correct_500,70,0.20031444152323202,94.225,0.2943371359348297,90.6,0.2972242931842804,90.2
3,GurobiEdit,AWP_C1Correct_500,71,0.19859733618200778,94.3,0.28058664603233335,90.9,0.28793713637590407,90.51
3,GurobiEdit,AWP_C1Correct_500,72,0.20037121437609004,94.3175,0.271582625579834,91.09,0.27423806536197665,91.32
1,GurobiEdit,AWP_C1Any_500,1,0.2047381903559636,94.1675,0.3081479503154755,89.85,0.30500387196540835,90.29
1,GurobiEdit,AWP_C1Any_500,2,0.2088299518623672,93.9625,0.30566146376132963,90.24,0.3091652979850769,90.0
1,GurobiEdit,AWP_C1Any_500,3,0.20574624141374717,94.0725,0.31495669708251955,89.24,0.3217034201145172,89.27
1,GurobiEdit,AWP_C1Any_500,4,0.2115373709997811,93.9325,0.2881343132257462,90.81,0.2953324543952942,90.38
1,GurobiEdit,AWP_C1Any_500,5,0.20573434795434484,94.1375,0.2983618269443512,90.18,0.29735686283111573,90.65
1,GurobiEdit,AWP_C1Any_500,6,0.20647452681209333,94.115,0.32415270376205446,89.15,0.33557302718162535,88.68
1,GurobiEdit,AWP_C1Any_500,7,0.20954125688765377,94.045,0.29921968058347703,89.99,0.29661707143783567,90.05
1,GurobiEdit,AWP_C1Any_500,8,0.20789306039532152,93.9775,0.31064457342624663,89.65,0.3094381523132324,89.91
1,GurobiEdit,AWP_C1Any_500,9,0.2058163330244561,94.0875,0.3260557692050934,88.99,0.3260207038402557,88.89
1,GurobiEdit,AWP_C1Any_500,10,0.20380911097739832,94.25,0.3266055117607117,89.34,0.32659790813922884,89.47
1,GurobiEdit,AWP_C1Any_500,11,0.2073835607249135,93.9975,0.30995933339595794,89.53,0.32274126825332644,89.12
1,GurobiEdit,AWP_C1Any_500,12,0.2093671698111315,93.9175,0.32306073396205903,89.05,0.32137094283103945,89.27
1,GurobiEdit,AWP_C1Any_500,13,0.20296851317056072,94.1075,0.34704040727615354,88.72,0.3400661166191101,89.16
1,GurobiEdit,AWP_C1Any_500,14,0.20797679123406212,93.9725,0.3274738710165024,89.24,0.3281867108106613,89.48
1,GurobiEdit,AWP_C1Any_500,15,0.20396517298092096,94.2325,0.3439485150575638,88.54,0.3494391173362732,88.03
1,GurobiEdit,AWP_C1Any_500,16,0.20343455558005993,94.2075,0.3102773788928986,89.91,0.3067280471324921,90.03
1,GurobiEdit,AWP_C1Any_500,17,0.20578327353674764,94.1325,0.34822603878974917,88.19,0.3452690142631531,88.55
1,GurobiEdit,AWP_C1Any_500,18,0.20701268082038282,94.115,0.33205819833278655,89.09,0.3319236818790436,88.89
1,GurobiEdit,AWP_C1Any_500,19,0.21025877074597363,93.945,0.3057024062871933,89.84,0.30485687141418455,90.1
1,GurobiEdit,AWP_C1Any_500,20,0.20717215728455077,94.0925,0.30562412571907044,89.75,0.29668012108802794,90.25
1,GurobiEdit,AWP_C1Any_500,21,0.20456355329329212,94.155,0.3005470051765442,90.56,0.2971705667257309,90.72
1,GurobiEdit,AWP_C1Any_500,22,0.19979482253614705,94.345,0.35565293769836426,87.85,0.3476012166976929,88.09
1,GurobiEdit,AWP_C1Any_500,23,0.20535723805522765,94.0475,0.28921731419563296,90.72,0.29350341141223907,90.17
1,GurobiEdit,AWP_C1Any_500,24,0.203961483634318,94.1675,0.2881861801147461,90.69,0.2848787828207016,90.55
1,GurobiEdit,AWP_C1Any_500,25,0.2015424545961447,94.1475,0.2875981221556663,90.79,0.28605000696182253,90.42
1,GurobiEdit,AWP_C1Any_500,26,0.20369011223220979,94.1925,0.318033690905571,89.56,0.31542205522060396,89.7
1,GurobiEdit,AWP_C1Any_500,27,0.20193256452060737,94.1375,0.3064190855503082,90.0,0.30432878155708315,90.45
1,GurobiEdit,AWP_C1Any_500,28,0.20327888836209385,94.2375,0.2863038426280022,90.87,0.2769596481561661,91.04
1,GurobiEdit,AWP_C1Any_500,29,0.19913730448998582,94.2575,0.33494975497722623,88.41,0.3371619164943695,88.58
1,GurobiEdit,AWP_C1Any_500,30,0.20499383496305051,94.205,0.34137235651016234,88.27,0.3433023840904236,88.04
1,GurobiEdit,AWP_C1Any_500,31,0.20209556444289203,94.265,0.35697618424892424,88.14,0.3600382752418518,88.23
1,GurobiEdit,AWP_C1Any_500,32,0.2017391878195083,94.2125,0.29903670547008515,90.03,0.29526082282066346,90.25
1,GurobiEdit,AWP_C1Any_500,33,0.2074114028780986,94.0175,0.34168216998577117,88.83,0.33973697214126586,88.74
1,GurobiEdit,AWP_C1Any_500,34,0.2013540769727847,94.2275,0.32015581345558164,89.26,0.3166819251537323,89.42
1,GurobiEdit,AWP_C1Any_500,35,0.2044031136571028,94.1575,0.28090852880477907,90.96,0.28311708135604857,90.99
1,GurobiEdit,AWP_C1Any_500,36,0.19841168985104027,94.2275,0.36707223560810087,87.94,0.3620891092777252,88.3
1,GurobiEdit,AWP_C1Any_500,37,0.19868147556488505,94.3325,0.3299704306125641,89.24,0.32740680727958676,89.4
1,GurobiEdit,AWP_C1Any_500,38,0.2021816338832005,94.3125,0.34105567190647124,88.82,0.33676555910110473,88.66
1,GurobiEdit,AWP_C1Any_500,39,0.20211359656180816,94.2375,0.30615016717910765,90.19,0.30879879474639893,90.29
1,GurobiEdit,AWP_C1Any_500,40,0.19920986852706812,94.32,0.27983696165084837,91.31,0.27909980602264406,91.36
1,GurobiEdit,AWP_C1Any_500,41,0.19794333559541274,94.355,0.2940973082304001,90.27,0.30062818546295167,90.04
1,GurobiEdit,AWP_C1Any_500,42,0.2081070264069417,94.01,0.28069861330986023,91.15,0.28593540072441104,90.73
1,GurobiEdit,AWP_C1Any_500,43,0.1977563928634214,94.2775,0.32398424007892607,89.64,0.32928789296150207,89.12
1,GurobiEdit,AWP_C1Any_500,44,0.19739614955533427,94.3525,0.2865884270429611,90.94,0.2918161041498184,90.44
1,GurobiEdit,AWP_C1Any_500,45,0.19949690871440565,94.345,0.3267164044618607,89.12,0.32997781982421875,89.13
1,GurobiEdit,AWP_C1Any_500,46,0.19643652286773292,94.3675,0.310853982424736,89.99,0.3118019557476044,89.92
1,GurobiEdit,AWP_C1Any_500,47,0.20141036558551148,94.1725,0.2883019979715347,90.7,0.28826935560703276,90.77
1,GurobiEdit,AWP_C1Any_500,48,0.19947415454604756,94.34,0.3136690290927887,89.56,0.31992653217315675,89.5
1,GurobiEdit,AWP_C1Any_500,49,0.20107205685811302,94.185,0.3080967908382416,89.7,0.310590083026886,89.78
1,GurobiEdit,AWP_C1Any_500,50,0.19827210969818285,94.3625,0.3189133791923523,89.32,0.3075024893283844,89.57
1,GurobiEdit,AWP_C1Any_500,51,0.19749895626078018,94.545,0.30930992319583894,89.67,0.3165200884103775,89.65
1,GurobiEdit,AWP_C1Any_500,52,0.19560614740029691,94.45,0.28056867475509645,90.82,0.28492730963230134,90.56
1,GurobiEdit,AWP_C1Any_500,53,0.20014186051135627,94.2725,0.29452292335033414,90.2,0.291663219499588,90.76
1,GurobiEdit,AWP_C1Any_500,54,0.20429989169485652,94.2,0.30275198051929475,90.36,0.2994142824649811,90.41
1,GurobiEdit,AWP_C1Any_500,55,0.200452128895365,94.26,0.2867727952957153,90.6,0.28633757634162904,90.72
1,GurobiEdit,AWP_C1Any_500,56,0.19400876520064692,94.5,0.3151934803247452,89.53,0.31210283913612363,89.87
1,GurobiEdit,AWP_C1Any_500,57,0.1970346586439556,94.465,0.3171764327049255,89.75,0.3114492123603821,89.77
1,GurobiEdit,AWP_C1Any_500,58,0.19860724709666194,94.365,0.311825426197052,89.64,0.3024204496383667,90.11
1,GurobiEdit,AWP_C1Any_500,59,0.19819060689248977,94.3025,0.29954806461334227,89.94,0.3055044068813324,89.49
1,GurobiEdit,AWP_C1Any_500,60,0.19919828844432252,94.25,0.3070888834476471,90.25,0.3056468182325363,90.3
1,GurobiEdit,AWP_C1Any_500,61,0.1960533077057939,94.5375,0.3400273606777191,88.9,0.3330836235523224,89.16
1,GurobiEdit,AWP_C1Any_500,62,0.19632455882744287,94.49,0.30106004283428195,90.12,0.2965311190605164,90.11
1,GurobiEdit,AWP_C1Any_500,63,0.1985088690829734,94.245,0.3055176119685173,89.88,0.30596016697883605,90.07
1,GurobiEdit,AWP_C1Any_500,64,0.19473593615400145,94.405,0.29150863699913027,90.2,0.2854651535511017,90.82
1,GurobiEdit,AWP_C1Any_500,65,0.19477591715967313,94.385,0.33183181124925615,88.82,0.33110825576782227,89.14
2,GurobiEdit,AWP_C1Any_500,1,0.22244951038505323,93.375,0.31716531047821045,89.85,0.2986327950000763,90.18
2,GurobiEdit,AWP_C1Any_500,2,0.22347552626848982,93.4575,0.3140072940826416,90.01,0.30310099394321444,89.97
2,GurobiEdit,AWP_C1Any_500,3,0.21961255880971306,93.62,0.3408572153091431,88.85,0.3236013527393341,89.29
2,GurobiEdit,AWP_C1Any_500,4,0.21709328318556276,93.715,0.35484263563156127,88.18,0.34479821074008943,88.42
2,GurobiEdit,AWP_C1Any_500,5,0.22197708482749925,93.4525,0.3278189474105835,89.27,0.3179947819709778,89.65
2,GurobiEdit,AWP_C1Any_500,6,0.21856154487155877,93.58,0.3269229525566101,89.32,0.3164922131061554,89.62
2,GurobiEdit,AWP_C1Any_500,7,0.21924114291565105,93.5575,0.3285485860824585,89.57,0.3188489803314209,89.91
2,GurobiEdit,AWP_C1Any_500,8,0.21974027125884932,93.5325,0.37484871234893796,87.35,0.3620217031002045,87.89
2,GurobiEdit,AWP_C1Any_500,9,0.21508594250050597,93.77,0.31978926439285277,89.38,0.30326375041007997,90.05
2,GurobiEdit,AWP_C1Any_500,10,0.21732353968932605,93.6525,0.32285660429000856,89.38,0.31568162903785707,89.7
2,GurobiEdit,AWP_C1Any_500,11,0.21470864036212714,93.73,0.3162051145553589,89.38,0.3118696603298187,89.41
2,GurobiEdit,AWP_C1Any_500,12,0.21713349999139864,93.75,0.3033630186080933,90.18,0.2960310061454773,90.11
2,GurobiEdit,AWP_C1Any_500,13,0.21552365587447017,93.6725,0.3937129536628723,87.11,0.3785870777130127,87.14
2,GurobiEdit,AWP_C1Any_500,14,0.21503598081132475,93.6775,0.3215655400276184,89.54,0.30810946969985964,89.82
2,GurobiEdit,AWP_C1Any_500,15,0.21340933608742188,93.805,0.33189322185516357,89.22,0.3157512097597122,89.84
2,GurobiEdit,AWP_C1Any_500,16,0.21282428555404798,93.6925,0.36837411346435545,87.59,0.3587215268135071,88.09
2,GurobiEdit,AWP_C1Any_500,17,0.21467738348645524,93.6825,0.3427550157546997,88.4,0.33311087412834167,88.88
2,GurobiEdit,AWP_C1Any_500,18,0.21156871694916735,93.9,0.35744198513031006,87.97,0.34573435349464415,88.17
2,GurobiEdit,AWP_C1Any_500,19,0.21276413261319121,93.9725,0.3069410662651062,89.98,0.29352710874080656,90.37
2,GurobiEdit,AWP_C1Any_500,20,0.21322971434829335,93.77,0.31491079692840573,89.62,0.30669528751373293,89.7
2,GurobiEdit,AWP_C1Any_500,21,0.21479595045502575,93.7475,0.3063970239639282,89.95,0.30332272777557373,90.01
2,GurobiEdit,AWP_C1Any_500,22,0.20595553855355175,94.2025,0.3098605843544006,90.0,0.29884563875198367,90.38
2,GurobiEdit,AWP_C1Any_500,23,0.20937653188221753,93.94,0.3059050290107727,90.04,0.2984471888542175,90.05
2,GurobiEdit,AWP_C1Any_500,24,0.21271489365413165,93.81,0.32746519584655764,89.23,0.31994604501724244,89.61
2,GurobiEdit,AWP_C1Any_500,25,0.2104977466427861,93.8925,0.28758072509765625,90.94,0.2819586068630219,90.96
2,GurobiEdit,AWP_C1Any_500,26,0.2070441475977151,94.01,0.3080440013885498,90.05,0.30361287841796875,90.28
2,GurobiEdit,AWP_C1Any_500,27,0.21166632650568842,93.945,0.3249365447044373,89.32,0.31458127794265744,89.94
2,GurobiEdit,AWP_C1Any_500,28,0.2116530644960297,93.88,0.33486836013793947,89.02,0.3154299338579178,89.69
2,GurobiEdit,AWP_C1Any_500,29,0.20902830428970506,93.955,0.3131064504623413,89.78,0.30682932195663454,90.33
2,GurobiEdit,AWP_C1Any_500,30,0.2106112493112826,93.8525,0.3052984781265259,90.21,0.2941795187473297,90.41
2,GurobiEdit,AWP_C1Any_500,31,0.20797765638215093,94.125,0.3066919522285461,89.95,0.2971659467220306,90.27
2,GurobiEdit,AWP_C1Any_500,32,0.2074988932369616,94.03,0.3068003876686096,89.74,0.2939650302886963,90.46
2,GurobiEdit,AWP_C1Any_500,33,0.206884019410077,94.085,0.3988263235092163,86.82,0.3780236926794052,87.1
2,GurobiEdit,AWP_C1Any_500,34,0.20740087089923243,94.0375,0.32551180171966554,89.46,0.3181880328178406,90.34
2,GurobiEdit,AWP_C1Any_500,35,0.20609660256213655,94.1675,0.3025578577041626,90.04,0.2885336258888245,90.8
2,GurobiEdit,AWP_C1Any_500,36,0.20311745396627787,94.2225,0.3452933591842651,88.8,0.3321046776294708,89.0
2,GurobiEdit,AWP_C1Any_500,37,0.2088992631616303,94.0025,0.3286339310646057,89.14,0.3148821552276611,89.5
2,GurobiEdit,AWP_C1Any_500,38,0.20289965378590666,94.225,0.31702250270843507,89.75,0.30185388722419737,90.12
2,GurobiEdit,AWP_C1Any_500,39,0.20400907439640917,94.1075,0.3362692531585693,88.83,0.3261102421283722,89.14
2,GurobiEdit,AWP_C1Any_500,40,0.20921837907439222,93.9575,0.3523751634597778,88.8,0.33617135276794435,88.96
2,GurobiEdit,AWP_C1Any_500,41,0.20957866225379723,94.0375,0.3042292980194092,90.2,0.28757401847839353,90.91
2,GurobiEdit,AWP_C1Any_500,42,0.19883410316020156,94.3175,0.3205956157684326,89.63,0.3150706008434296,89.73
2,GurobiEdit,AWP_C1Any_500,43,0.20589354936592877,94.1675,0.3263402135848999,89.25,0.3142736298561096,89.4
2,GurobiEdit,AWP_C1Any_500,44,0.2037474307389305,94.18,0.2841636308670044,90.55,0.27494934005737304,90.91
2,GurobiEdit,AWP_C1Any_500,45,0.20854939025240585,94.0675,0.33691756935119627,88.84,0.3331856259822846,88.83
2,GurobiEdit,AWP_C1Any_500,46,0.2046396901813178,94.175,0.33477320613861083,89.06,0.3228060750007629,89.48
2,GurobiEdit,AWP_C1Any_500,47,0.20346674020774067,94.1375,0.30807343254089353,89.74,0.2948354494810104,90.39
2,GurobiEdit,AWP_C1Any_500,48,0.20258342131924706,94.255,0.3065854125022888,90.32,0.29745716342926026,90.47
2,GurobiEdit,AWP_C1Any_500,49,0.20678840165797133,94.13,0.32331325082778933,89.22,0.3137938099384308,89.41
2,GurobiEdit,AWP_C1Any_500,50,0.19608282881042066,94.5175,0.30584695863723754,90.49,0.2903680365562439,90.53
2,GurobiEdit,AWP_C1Any_500,51,0.20130585531552378,94.3125,0.30172005825042725,90.37,0.28856508150100707,90.71
2,GurobiEdit,AWP_C1Any_500,52,0.20178936978879447,94.2175,0.3275198706626892,89.28,0.3166239226102829,89.56
2,GurobiEdit,AWP_C1Any_500,53,0.20343766085351236,94.1725,0.3454018005371094,88.64,0.3231625104904175,89.25
2,GurobiEdit,AWP_C1Any_500,54,0.20233821664184046,94.225,0.2971344301223755,90.6,0.2984118411540985,90.16
2,GurobiEdit,AWP_C1Any_500,55,0.19997428697995104,94.385,0.3081670520782471,90.31,0.29107676243782044,90.6
2,GurobiEdit,AWP_C1Any_500,56,0.19893901140545123,94.3775,0.3049800148010254,89.99,0.29586697487831115,90.18
2,GurobiEdit,AWP_C1Any_500,57,0.20078371731808392,94.435,0.35523483905792236,88.18,0.34289337317943575,88.72
2,GurobiEdit,AWP_C1Any_500,58,0.2012827854377393,94.325,0.33865777816772463,88.62,0.32262491912841795,89.85
2,GurobiEdit,AWP_C1Any_500,59,0.20196294770263634,94.1825,0.3040091946601868,89.99,0.29226382217407226,90.57
2,GurobiEdit,AWP_C1Any_500,60,0.19688048513647846,94.3675,0.2960724631309509,90.53,0.278301598405838,90.76
2,GurobiEdit,AWP_C1Any_500,61,0.20277399031784588,94.26,0.3148808606147766,89.7,0.30536574664115906,89.99
2,GurobiEdit,AWP_C1Any_500,62,0.19931414671028003,94.39,0.2958147301673889,90.49,0.28356125280857086,90.86
2,GurobiEdit,AWP_C1Any_500,63,0.2008132438261669,94.2225,0.32090397281646726,89.33,0.30192192850112914,90.06
2,GurobiEdit,AWP_C1Any_500,64,0.20105245483283418,94.3975,0.30991755437850954,89.66,0.30047991690635684,90.27
2,GurobiEdit,AWP_C1Any_500,65,0.19862938493775864,94.335,0.3236597328186035,89.33,0.3128604080200195,89.49
2,GurobiEdit,AWP_C1Any_500,66,0.19836530498803234,94.3875,0.31745556316375734,89.48,0.30568866147994994,89.91
2,GurobiEdit,AWP_C1Any_500,67,0.20202996793646402,94.14,0.33860839653015135,89.11,0.320198121881485,89.66
2,GurobiEdit,AWP_C1Any_500,68,0.19691376271434485,94.4375,0.30500376081466674,89.72,0.29711876606941223,90.02
2,GurobiEdit,AWP_C1Any_500,69,0.2014475009454706,94.1875,0.32845063695907595,89.22,0.3079789412498474,90.2
3,GurobiEdit,AWP_C1Any_500,1,0.21980860648444667,93.53,0.3201054334640503,89.88,0.33095094826221466,89.42
3,GurobiEdit,AWP_C1Any_500,2,0.21723482369805297,93.67,0.30126712980270387,90.17,0.3043700991153717,89.62
3,GurobiEdit,AWP_C1Any_500,3,0.21909246634180174,93.6475,0.31124199662208557,89.67,0.3168630180358887,90.0
3,GurobiEdit,AWP_C1Any_500,4,0.21405250310136106,93.6925,0.32790219964981077,89.53,0.33096653752326965,89.08
3,GurobiEdit,AWP_C1Any_500,5,0.21310128964269504,93.835,0.31954935436248777,89.19,0.32191093599796294,89.31
3,GurobiEdit,AWP_C1Any_500,6,0.21123864306523776,93.96,0.32482141289711,89.58,0.32804336233139036,89.51
3,GurobiEdit,AWP_C1Any_500,7,0.21497342171379552,93.7425,0.30104048824310303,90.38,0.3108247269153595,89.78
3,GurobiEdit,AWP_C1Any_500,8,0.21474677412369,93.8375,0.295906626367569,90.14,0.29744973340034486,90.23
3,GurobiEdit,AWP_C1Any_500,9,0.21094669111239644,93.9775,0.3125113960266113,89.77,0.3156083434343338,89.63
3,GurobiEdit,AWP_C1Any_500,10,0.21283572160016995,93.8225,0.32326111187934875,89.82,0.33123546442985535,89.35
3,GurobiEdit,AWP_C1Any_500,11,0.21168320071392546,93.84,0.28519164333343505,91.0,0.2899968567609787,90.58
3,GurobiEdit,AWP_C1Any_500,12,0.21434834908943967,93.7975,0.3069629518032074,90.34,0.31559423868656156,90.0
3,GurobiEdit,AWP_C1Any_500,13,0.21495465686717352,93.7825,0.30920529437065125,90.09,0.31468715748786924,90.16
3,GurobiEdit,AWP_C1Any_500,14,0.21396087033870503,93.81,0.3526717156887054,88.17,0.34633545432090757,88.6
3,GurobiEdit,AWP_C1Any_500,15,0.2126725205598167,93.7425,0.31123337383270266,90.19,0.3201857044696808,89.88
3,GurobiEdit,AWP_C1Any_500,16,0.21498638986589047,93.7875,0.317365310382843,89.75,0.3161271323442459,89.72
3,GurobiEdit,AWP_C1Any_500,17,0.2117969641289391,93.9825,0.3075743024349213,90.16,0.31320393986701967,89.66
3,GurobiEdit,AWP_C1Any_500,18,0.20958637800841287,93.93,0.2954611843585968,90.2,0.30611147830486296,90.01
3,GurobiEdit,AWP_C1Any_500,19,0.2090905048548223,93.9825,0.2917727117538452,90.86,0.30416271615028384,90.33
3,GurobiEdit,AWP_C1Any_500,20,0.2111652791024016,93.8475,0.3041071976661682,90.36,0.31101896095275877,89.76
3,GurobiEdit,AWP_C1Any_500,21,0.20884996333632605,93.9475,0.30424061965942384,90.49,0.3175846489429474,89.78
3,GurobiEdit,AWP_C1Any_500,22,0.21165151296617885,93.9175,0.33164949693679807,89.07,0.32662125618457793,89.05
3,GurobiEdit,AWP_C1Any_500,23,0.2110408437423432,93.945,0.2998701167106628,90.09,0.2976074547767639,90.2
3,GurobiEdit,AWP_C1Any_500,24,0.21237192100610214,93.7875,0.3270177131652832,89.16,0.33213124828338625,88.95
3,GurobiEdit,AWP_C1Any_500,25,0.20756688406958748,93.965,0.2940618392467499,90.08,0.30157396383285523,90.23
3,GurobiEdit,AWP_C1Any_500,26,0.20450061659652966,94.0075,0.3748849652290344,87.47,0.3579699415922165,88.07
3,GurobiEdit,AWP_C1Any_500,27,0.20722685963772355,94.07,0.3202399127960205,89.42,0.3250685841560364,89.43
3,GurobiEdit,AWP_C1Any_500,28,0.20835614737611227,93.9875,0.3285396782875061,89.31,0.329856529378891,88.99
3,GurobiEdit,AWP_C1Any_500,29,0.20630315300850824,94.1075,0.3279410586833954,89.2,0.33707036809921265,88.7
3,GurobiEdit,AWP_C1Any_500,30,0.21451673728113357,93.75,0.2849704020023346,90.87,0.28119170398712157,90.92
3,GurobiEdit,AWP_C1Any_500,31,0.20707322923710553,94.045,0.3089872428894043,89.83,0.3160647008895874,89.56
3,GurobiEdit,AWP_C1Any_500,32,0.20572147106591124,94.2025,0.28721659469604494,91.22,0.2988769328594208,90.52
3,GurobiEdit,AWP_C1Any_500,33,0.20483234738960815,94.155,0.27709017577171324,91.14,0.2882127128124237,90.75
3,GurobiEdit,AWP_C1Any_500,34,0.20606729112113245,94.06,0.2994702271461487,90.09,0.3038342203617096,90.02
3,GurobiEdit,AWP_C1Any_500,1,0.21873127083523206,93.685,0.3067852768421173,90.02,0.31156030917167665,89.74
3,GurobiEdit,AWP_C1Any_500,2,0.2120319164979953,93.885,0.3049012183189392,90.0,0.3136502627849579,89.69
3,GurobiEdit,AWP_C1Any_500,3,0.21826618300459255,93.5675,0.2989664219379425,90.03,0.30730962948799134,90.35
3,GurobiEdit,AWP_C1Any_500,4,0.21239920119984082,93.9425,0.31945530366897584,89.3,0.32428348660469053,89.38
3,GurobiEdit,AWP_C1Any_500,5,0.21521428665414025,93.705,0.28789486441612244,90.81,0.30162435760498046,90.32
3,GurobiEdit,AWP_C1Any_500,6,0.21602630646179277,93.7825,0.2913808227062225,90.54,0.2986888964653015,90.43
3,GurobiEdit,AWP_C1Any_500,7,0.2164472876884305,93.6575,0.3131031584262848,89.92,0.31705004568099976,89.67
3,GurobiEdit,AWP_C1Any_500,8,0.21415598045427578,93.77,0.318523571395874,89.53,0.3194121414661407,89.68
3,GurobiEdit,AWP_C1Any_500,9,0.21456670108885048,93.8375,0.30979454832077025,89.94,0.3195262122631073,89.66
3,GurobiEdit,AWP_C1Any_500,10,0.21648082970239865,93.705,0.33976129059791566,89.05,0.331101322555542,89.5
3,GurobiEdit,AWP_C1Any_500,11,0.21243948851244898,93.905,0.3237107803821564,89.03,0.3400196320056915,88.8
3,GurobiEdit,AWP_C1Any_500,12,0.20893773105673896,93.9975,0.35536129455566406,88.52,0.35444862020015716,88.26
3,GurobiEdit,AWP_C1Any_500,13,0.2183980367863521,93.5625,0.30188737592697146,90.13,0.29981763087511065,90.04
3,GurobiEdit,AWP_C1Any_500,14,0.21322145027379258,93.8075,0.2905206618309021,90.7,0.2988287451982498,90.24
3,GurobiEdit,AWP_C1Any_500,15,0.2092596660978116,93.87,0.3072226459980011,89.83,0.31493226041793826,89.71
3,GurobiEdit,AWP_C1Any_500,16,0.212863847161063,93.8825,0.26293881797790525,91.97,0.27567775156497953,91.08
3,GurobiEdit,AWP_C1Any_500,17,0.21243619102353867,93.9825,0.3249654797077179,89.25,0.3354752316951752,88.7
3,GurobiEdit,AWP_C1Any_500,18,0.21401632255829942,93.82,0.2917564486026764,90.83,0.29928361926078795,90.41
3,GurobiEdit,AWP_C1Any_500,19,0.2106528770142851,93.885,0.3014878870487213,90.25,0.3051410750389099,90.13
3,GurobiEdit,AWP_C1Any_500,20,0.21152106758218986,93.7875,0.3105521276473999,89.93,0.3065981987953186,90.01
3,GurobiEdit,AWP_C1Any_500,21,0.21169902110537783,93.7275,0.29280600037574767,90.7,0.29038198568820955,90.3
3,GurobiEdit,AWP_C1Any_500,22,0.2107379367938057,93.8775,0.3111443437576294,89.79,0.3282694056749344,89.32
3,GurobiEdit,AWP_C1Any_500,23,0.20612632759367697,94.0075,0.28805795068740847,90.38,0.2937090965270996,89.87
3,GurobiEdit,AWP_C1Any_500,24,0.21212069421244886,93.7675,0.2835365396976471,90.76,0.2903623646736145,90.48
3,GurobiEdit,AWP_C1Any_500,25,0.20562223073678276,94.11,0.3208384057044983,89.49,0.3301228629112244,89.23
3,GurobiEdit,AWP_C1Any_500,26,0.2128417219121616,93.805,0.27945533337593076,91.4,0.2857270799398422,91.05
3,GurobiEdit,AWP_C1Any_500,27,0.20839409880078258,93.9075,0.35618049993515016,88.09,0.36171925554275514,88.12
3,GurobiEdit,AWP_C1Any_500,28,0.207393667044731,93.9925,0.3008926465511322,90.08,0.3147494217157364,89.55
3,GurobiEdit,AWP_C1Any_500,29,0.21277994419724797,93.7525,0.275483549451828,91.24,0.29009909274578094,90.46
3,GurobiEdit,AWP_C1Any_500,30,0.2061924326676911,94.0625,0.3327220323085785,88.96,0.3469223129987717,88.56
3,GurobiEdit,AWP_C1Any_500,31,0.2085614011596186,94.0025,0.3472868814468384,88.35,0.35289562768936156,88.16
3,GurobiEdit,AWP_C1Any_500,32,0.20800845460674633,93.9475,0.3189916778087616,89.95,0.3241081212282181,89.62
3,GurobiEdit,AWP_C1Any_500,33,0.21244961566056686,93.8475,0.3215822897911072,89.23,0.3298568006515503,89.48
3,GurobiEdit,AWP_C1Any_500,34,0.2063778421749322,94.26,0.2983630925893784,90.64,0.30639844646453857,90.2
3,GurobiEdit,AWP_C1Any_500,35,0.20615611775233722,94.13,0.29268152828216554,90.38,0.29482621960639954,90.39
3,GurobiEdit,AWP_C1Any_500,36,0.2092334304373866,93.8975,0.2703389080762863,91.44,0.2845908926963806,91.01
3,GurobiEdit,AWP_C1Any_500,37,0.20507681024626803,94.165,0.278853218126297,90.78,0.2875351725101471,90.4
3,GurobiEdit,AWP_C1Any_500,38,0.20689459140308367,94.07,0.321322563457489,89.83,0.3239575403690338,89.65
3,GurobiEdit,AWP_C1Any_500,39,0.20350549365289675,94.1825,0.29919202234745024,90.32,0.31111714104413984,90.01
3,GurobiEdit,AWP_C1Any_500,40,0.20493038546163053,94.12,0.3068249876976013,89.54,0.31786788618564604,89.76
3,GurobiEdit,AWP_C1Any_500,41,0.20603670577366892,94.12,0.2963908298969269,90.51,0.3026490004777908,90.12
1,GurobiEdit,AWP_C1Correct_750,1,0.20664420381140786,94.145,0.31749046895503996,89.77,0.32421852865219114,89.23
1,GurobiEdit,AWP_C1Correct_750,2,0.21116055757664262,93.86,0.28636803228855134,90.82,0.29283125624656675,90.38
1,GurobiEdit,AWP_C1Correct_750,3,0.20320345999333805,94.21,0.28889191641807555,90.33,0.29256580739021304,90.21
1,GurobiEdit,AWP_C1Correct_750,4,0.21080343608562938,93.95,0.32958327765464784,89.63,0.32783997259140013,89.16
1,GurobiEdit,AWP_C1Correct_750,5,0.2093392971891184,93.955,0.33636823959350587,89.1,0.3385364619731903,89.22
1,GurobiEdit,AWP_C1Correct_750,6,0.20911286526118605,93.97,0.3181776807308197,89.36,0.32686341428756716,88.9
1,GurobiEdit,AWP_C1Correct_750,7,0.2066442274009458,94.0775,0.2987472676753998,90.4,0.29405530767440796,90.86
1,GurobiEdit,AWP_C1Correct_750,8,0.20398422197316782,94.095,0.33778460063934324,88.76,0.3268088162899017,89.13
1,GurobiEdit,AWP_C1Correct_750,9,0.20400015545634034,94.155,0.29727186942100525,90.11,0.2954394920349121,90.65
1,GurobiEdit,AWP_C1Correct_750,10,0.2090398322897978,93.955,0.30612361701726915,89.63,0.3100137899398804,89.65
1,GurobiEdit,AWP_C1Correct_750,11,0.2067126647209207,94.0175,0.2866291954278946,90.46,0.2845749658584595,90.81
1,GurobiEdit,AWP_C1Correct_750,12,0.20775646354538946,93.9375,0.29315871243476865,90.35,0.3013682187080383,90.33
1,GurobiEdit,AWP_C1Correct_750,13,0.2068080439592322,94.04,0.30838278502225874,90.26,0.29648941922187805,90.44
1,GurobiEdit,AWP_C1Correct_750,14,0.20721597888599189,94.0375,0.33619461522102356,88.92,0.3355294192790985,88.92
1,GurobiEdit,AWP_C1Correct_750,15,0.20444397797314123,94.1875,0.3302847500324249,88.99,0.31908401665687564,89.53
1,GurobiEdit,AWP_C1Correct_750,16,0.19936702743220253,94.3625,0.30472526547908785,89.83,0.3034009983062744,89.74
1,GurobiEdit,AWP_C1Correct_750,17,0.20680041244616523,94.0225,0.29350940440893175,90.5,0.29094460129737854,90.64
1,GurobiEdit,AWP_C1Correct_750,18,0.2045333461877637,94.16,0.2822166464328766,90.84,0.2806951205730438,90.9
1,GurobiEdit,AWP_C1Correct_750,19,0.20255671034510525,94.235,0.32351840354204175,89.36,0.3336047676324844,89.02
1,GurobiEdit,AWP_C1Correct_750,20,0.2042082049214421,94.25,0.31979879891872404,89.82,0.3191324295043945,89.6
1,GurobiEdit,AWP_C1Correct_750,21,0.2042851490429796,94.11,0.30702325382232665,89.85,0.3047322194099426,89.92
1,GurobiEdit,AWP_C1Correct_750,22,0.2045659650200472,94.1875,0.3150091690063477,89.59,0.3084325078010559,90.3
1,GurobiEdit,AWP_C1Correct_750,23,0.2036017240188754,94.1125,0.29561713840961457,90.28,0.2871324938058853,90.56
1,GurobiEdit,AWP_C1Correct_750,24,0.20029729792770867,94.3625,0.359790606212616,87.74,0.3602401227474213,87.48
1,GurobiEdit,AWP_C1Correct_750,25,0.20165280638316188,94.3925,0.2860182960987091,90.63,0.281562230348587,90.69
1,GurobiEdit,AWP_C1Correct_750,26,0.2021360427093582,94.2675,0.27895901882648466,90.69,0.2793276891231537,90.66
1,GurobiEdit,AWP_C1Correct_750,27,0.20230582430244634,94.25,0.303131321310997,90.58,0.30430106229782106,90.53
1,GurobiEdit,AWP_C1Correct_750,28,0.20719846011922002,94.015,0.3338806516647339,88.45,0.3288922881126404,89.05
1,GurobiEdit,AWP_C1Correct_750,29,0.20292234061339412,94.225,0.3160373576641083,89.75,0.3131639706134796,90.08
1,GurobiEdit,AWP_C1Correct_750,30,0.19955679621940223,94.295,0.3254523952126503,88.74,0.3288438555955887,89.15
1,GurobiEdit,AWP_C1Correct_750,31,0.2038899894339589,94.2025,0.316434547162056,89.32,0.3113562587738037,89.62
1,GurobiEdit,AWP_C1Correct_750,32,0.20182678110588093,94.27,0.3571430550098419,88.11,0.3521163104772568,88.19
1,GurobiEdit,AWP_C1Correct_750,33,0.19843486944040933,94.3775,0.2830838365137577,90.68,0.28307920980453494,90.62
1,GurobiEdit,AWP_C1Correct_750,34,0.19766747406401192,94.39,0.31635056982040405,89.49,0.32060302443504335,89.34
1,GurobiEdit,AWP_C1Correct_750,35,0.20311545937682113,94.0275,0.31160267574787137,89.53,0.31244042601585387,89.58
1,GurobiEdit,AWP_C1Correct_750,36,0.20191642289725356,94.215,0.30934634652137755,89.73,0.3123946831226349,89.69
1,GurobiEdit,AWP_C1Correct_750,37,0.20308669237568736,94.185,0.2944230797767639,90.39,0.3015584533452988,90.08
1,GurobiEdit,AWP_C1Correct_750,38,0.20006517261361922,94.2975,0.3325358612179756,89.18,0.3367498348236084,88.78
1,GurobiEdit,AWP_C1Correct_750,39,0.20855821119234585,94.12,0.28778312764167785,90.67,0.28203322036266326,91.04
1,GurobiEdit,AWP_C1Correct_750,40,0.19794933935895134,94.31,0.31443729457855224,89.51,0.3101273507356644,90.09
1,GurobiEdit,AWP_C1Correct_750,41,0.19652127995849036,94.34,0.2807359814286232,91.09,0.28127070512771607,90.86
1,GurobiEdit,AWP_C1Correct_750,42,0.19605016858337787,94.4975,0.33566588559150695,89.13,0.32964854989051817,89.12
1,GurobiEdit,AWP_C1Correct_750,43,0.19834830097782727,94.45,0.28720684556961057,90.4,0.2877700329303741,90.11
1,GurobiEdit,AWP_C1Correct_750,44,0.1967828154754334,94.2825,0.35046720721721647,88.03,0.358151296043396,88.1
1,GurobiEdit,AWP_C1Correct_750,45,0.20271251631525758,94.2875,0.3046709463596344,90.11,0.30376806945800783,90.6
1,GurobiEdit,AWP_C1Correct_750,46,0.19576435238599016,94.425,0.2721027829885483,91.18,0.2756949858188629,91.12
1,GurobiEdit,AWP_C1Correct_750,47,0.1980904144838976,94.3575,0.31189801051616667,89.98,0.2992911274433136,90.43
1,GurobiEdit,AWP_C1Correct_750,48,0.19940007170930077,94.35,0.3184202659845352,89.09,0.32536888880729675,89.22
1,GurobiEdit,AWP_C1Correct_750,49,0.19738562500324494,94.4,0.3187794426202774,89.2,0.32125537996292114,89.55
1,GurobiEdit,AWP_C1Correct_750,50,0.20115473514166884,94.31,0.30939029107093813,89.87,0.3070155756473541,90.18
1,GurobiEdit,AWP_C1Correct_750,51,0.20042989450616958,94.1875,0.31271157331466676,89.63,0.3134042713880539,89.71
1,GurobiEdit,AWP_C1Correct_750,52,0.19857677417441297,94.3725,0.3099569479942322,90.11,0.30608139753341673,89.91
1,GurobiEdit,AWP_C1Correct_750,53,0.19371642543675419,94.5825,0.2927238489627838,90.11,0.29126030991077423,90.47
1,GurobiEdit,AWP_C1Correct_750,54,0.19537024457043353,94.405,0.27738252687454223,91.0,0.27567870268821715,91.02
1,GurobiEdit,AWP_C1Correct_750,55,0.19612637816812284,94.4125,0.28913676215410233,90.53,0.28693026237487795,90.66
1,GurobiEdit,AWP_C1Correct_750,56,0.1940731589976972,94.39,0.31313875308036804,89.51,0.31651603021621705,89.4
1,GurobiEdit,AWP_C1Correct_750,57,0.19439408121208032,94.535,0.28037787061929703,90.85,0.2790172238826752,91.26
1,GurobiEdit,AWP_C1Correct_750,58,0.20009514689445496,94.2775,0.28753670365810396,90.44,0.287879239320755,90.55
1,GurobiEdit,AWP_C1Correct_750,59,0.19810600847767565,94.38,0.27686120619773863,90.71,0.27097563302516936,91.21
1,GurobiEdit,AWP_C1Correct_750,60,0.19278748697651843,94.6075,0.3096740275621414,89.56,0.31228876762390134,89.58
1,GurobiEdit,AWP_C1Correct_750,61,0.1981510850377738,94.35,0.28694510452747346,90.81,0.28993840801715853,90.83
1,GurobiEdit,AWP_C1Correct_750,62,0.19826957402518763,94.4225,0.3322655774593353,88.81,0.33708176589012145,89.08
1,GurobiEdit,AWP_C1Correct_750,63,0.19735475905691854,94.36,0.3068487478971481,89.61,0.3054767997264862,90.0
1,GurobiEdit,AWP_C1Correct_750,64,0.20186452584240003,94.31,0.30377946927547456,90.14,0.309337077331543,89.82
1,GurobiEdit,AWP_C1Correct_750,65,0.19654692361910883,94.435,0.29181926436424255,90.29,0.2927652621269226,90.35
1,GurobiEdit,AWP_C1Correct_750,66,0.19443303091933553,94.4825,0.29444252440929414,90.44,0.29080965924263,90.99
1,GurobiEdit,AWP_C1Correct_750,67,0.1969093658482305,94.4125,0.3010167121887207,89.81,0.29442211503982546,90.13
1,GurobiEdit,AWP_C1Correct_750,68,0.12174141132079375,97.095,0.18761820596456527,93.77,0.19017158446311952,93.6
1,GurobiEdit,AWP_C1Correct_750,69,0.09163048590857761,97.85,0.17721322091221808,94.0,0.17537913551330567,94.43
1,GurobiEdit,AWP_C1Correct_750,70,0.08485082891016912,97.9975,0.17157761479914188,94.31,0.17221293075084687,94.39
1,GurobiEdit,AWP_C1Correct_750,71,0.07601204396674809,98.335,0.16756536713540554,94.44,0.16535476925373077,94.47
1,GurobiEdit,AWP_C1Correct_750,72,0.06956393312151059,98.535,0.16312516757547854,94.57,0.16183639047145842,94.77
1,GurobiEdit,AWP_C1Correct_750,73,0.06551591431894623,98.6125,0.1628561693072319,94.52,0.1661432398557663,94.46
1,GurobiEdit,AWP_C1Correct_750,74,0.06187112093828737,98.76,0.16240256456136704,94.5,0.16006094567775728,94.61
1,GurobiEdit,AWP_C1Correct_750,75,0.057822751982238726,98.8825,0.1603334910720587,94.73,0.15977645703554152,94.68
1,GurobiEdit,AWP_C1Correct_750,76,0.054439439179417425,98.9475,0.1577317862957716,94.69,0.15929109439849853,94.73
1,GurobiEdit,AWP_C1Correct_750,77,0.05192427373470399,99.0025,0.1575880667001009,94.67,0.154560533285141,94.8
1,GurobiEdit,AWP_C1Correct_750,78,0.05013197996079351,99.05,0.15580970718860626,94.65,0.15528957068920135,94.67
1,GurobiEdit,AWP_C1Correct_750,79,0.04731104099831451,99.09,0.15838077026307582,94.66,0.1587517563343048,94.49
1,GurobiEdit,AWP_C1Correct_750,80,0.04525328381730916,99.1775,0.15751657764911653,94.7,0.15707872467041015,94.76
1,GurobiEdit,AWP_C1Correct_750,81,0.04193920448434334,99.25,0.15462482409626246,94.57,0.15172470002174376,94.86
1,GurobiEdit,AWP_C1Correct_750,82,0.04159244762572903,99.25,0.15340394404232502,94.66,0.1529718673348427,94.85
1,GurobiEdit,AWP_C1Correct_750,83,0.03971485041093807,99.3025,0.15268666994273664,94.96,0.153514275932312,94.9
1,GurobiEdit,AWP_C1Correct_750,84,0.03702600054835645,99.375,0.1527077202513814,94.91,0.15253207714557648,94.83
1,GurobiEdit,AWP_C1Correct_750,85,0.03541273044380612,99.4575,0.1536673842549324,94.79,0.15121937994956972,95.06
1,GurobiEdit,AWP_C1Correct_750,86,0.03564715282485698,99.3875,0.15425399356633424,94.55,0.1538013517856598,94.83
1,GurobiEdit,AWP_C1Correct_750,87,0.03324044405664213,99.4925,0.15183646357655525,94.9,0.15499114978313447,94.81
1,GurobiEdit,AWP_C1Correct_750,88,0.03196236326064641,99.5325,0.15130231000781058,95.02,0.15053843145370482,94.93
1,GurobiEdit,AWP_C1Correct_750,89,0.03102540327444339,99.5375,0.15429632276594638,94.77,0.15431515939235688,94.69
1,GurobiEdit,AWP_C1Correct_750,90,0.030634438142942165,99.5325,0.15021121778041124,94.99,0.1493304183959961,94.83
1,GurobiEdit,AWP_C1Correct_750,91,0.02957787500105251,99.6075,0.15109755478575826,94.94,0.1513392584323883,94.82
1,GurobiEdit,AWP_C1Correct_750,92,0.028742695789629468,99.5625,0.15507316191494463,94.67,0.15505587606430055,94.92
1,GurobiEdit,AWP_C1Correct_750,93,0.027546817154144518,99.625,0.15314735149145126,94.78,0.15602267942428588,94.65
1,GurobiEdit,AWP_C1Correct_750,94,0.02689732785839528,99.6225,0.1544289982430637,94.81,0.15449238653182984,94.83
1,GurobiEdit,AWP_C1Correct_750,95,0.025629087433088036,99.6725,0.15394984549582005,94.81,0.15361344933509827,94.78
1,GurobiEdit,AWP_C1Correct_750,96,0.024993761133152645,99.7075,0.14620495901107788,95.03,0.15104017186164856,94.88
1,GurobiEdit,AWP_C1Correct_750,97,0.02485886856633872,99.695,0.15148001292720437,94.72,0.15048069610595702,95.08
1,GurobiEdit,AWP_C1Correct_750,98,0.023913529290915867,99.71,0.15013042394816875,94.83,0.14469859430789947,94.97
1,GurobiEdit,AWP_C1Correct_750,99,0.022837292569609115,99.7325,0.15242865414619447,94.63,0.15269662079811097,95.0
1,GurobiEdit,AWP_C1Correct_750,100,0.021944152322202065,99.71,0.1507710030078888,94.81,0.1527670961380005,95.19
2,GurobiEdit,AWP_C1Correct_750,1,0.22480208174393962,93.4075,0.32489756717681884,89.18,0.31058199763298033,89.87
2,GurobiEdit,AWP_C1Correct_750,2,0.2224433771527994,93.585,0.3216820060729981,89.4,0.30043403029441834,89.98
2,GurobiEdit,AWP_C1Correct_750,3,0.2221983516701875,93.56,0.30327741889953613,90.14,0.28728973500728605,90.64
2,GurobiEdit,AWP_C1Correct_750,4,0.2183526693917692,93.5925,0.3164491349220276,89.92,0.3045456624031067,90.0
2,GurobiEdit,AWP_C1Correct_750,5,0.22029460868991602,93.55,0.3697762858390808,87.38,0.3620469470024109,87.93
2,GurobiEdit,AWP_C1Correct_750,6,0.2176746366123041,93.625,0.32668729162216187,89.5,0.3132942220687866,90.15
2,GurobiEdit,AWP_C1Correct_750,7,0.21773467881801412,93.6675,0.34205098752975466,88.81,0.3361045471191406,89.18
2,GurobiEdit,AWP_C1Correct_750,8,0.21738075184079406,93.665,0.33581275424957274,89.04,0.31315824542045595,89.63
2,GurobiEdit,AWP_C1Correct_750,9,0.2157960126099114,93.685,0.38551396894454953,87.47,0.37247780170440675,87.7
2,GurobiEdit,AWP_C1Correct_750,10,0.21958570515576262,93.5625,0.32965874214172364,89.17,0.3273745940208435,89.24
2,GurobiEdit,AWP_C1Correct_750,11,0.21615874724456677,93.7575,0.31626637201309205,89.55,0.30268586201667785,90.11
2,GurobiEdit,AWP_C1Correct_750,12,0.220079368081527,93.565,0.3398289556503296,88.87,0.33057874500751494,88.98
2,GurobiEdit,AWP_C1Correct_750,13,0.21562270965343847,93.8175,0.34314159965515134,88.61,0.3273852548599243,89.17
2,GurobiEdit,AWP_C1Correct_750,14,0.21354036899610832,93.7325,0.32004799003601075,89.95,0.31269605650901794,90.08
2,GurobiEdit,AWP_C1Correct_750,15,0.21529421391197667,93.6875,0.37823406496047973,87.37,0.3591055782079697,87.89
2,GurobiEdit,AWP_C1Correct_750,16,0.20701405603569537,94.03,0.3288961633682251,88.79,0.31543932876586916,89.71
2,GurobiEdit,AWP_C1Correct_750,17,0.2157242929164213,93.7125,0.3628394817352295,87.65,0.3529295027732849,88.03
2,GurobiEdit,AWP_C1Correct_750,18,0.21434810940926066,93.8375,0.3387581802368164,88.68,0.3356217706203461,89.24
2,GurobiEdit,AWP_C1Correct_750,19,0.21047535350623603,93.9125,0.37131801385879515,88.09,0.3590423363685608,88.44
2,GurobiEdit,AWP_C1Correct_750,20,0.20842431364253686,94.0675,0.30361022567749024,90.28,0.2910154932498932,90.67
2,GurobiEdit,AWP_C1Correct_750,21,0.21089866883552874,93.9725,0.31742335872650146,89.62,0.3022411835193634,90.12
2,GurobiEdit,AWP_C1Correct_750,22,0.21043973006665134,93.9275,0.34205186233520507,88.64,0.3279920047044754,89.05
2,GurobiEdit,AWP_C1Correct_750,23,0.208434692134682,94.0025,0.3561921277046204,87.91,0.3364931843757629,88.62
2,GurobiEdit,AWP_C1Correct_750,24,0.20916550577924656,94.05,0.3817905714511871,87.22,0.37035676712989807,87.56
2,GurobiEdit,AWP_C1Correct_750,25,0.211898105379682,93.905,0.3315335003852844,88.66,0.3250827380657196,89.0
2,GurobiEdit,AWP_C1Correct_750,26,0.21487014531232299,93.8075,0.32243662967681885,89.44,0.3219299693107605,89.43
2,GurobiEdit,AWP_C1Correct_750,27,0.21065132736493222,93.9675,0.3463632894515991,88.43,0.32141414351463315,89.4
2,GurobiEdit,AWP_C1Correct_750,28,0.21316338589968392,93.85,0.3468924575805664,88.16,0.3321063350439072,88.58
3,GurobiEdit,AWP_C1Correct_750,1,0.2144601706165475,93.75,0.2892663459777832,90.78,0.29844213092327115,90.12
3,GurobiEdit,AWP_C1Correct_750,2,0.2089540123844299,93.9525,0.3265432152271271,89.32,0.32407911620140073,89.4
3,GurobiEdit,AWP_C1Correct_750,3,0.2122662479694659,93.7675,0.31365019855499265,89.51,0.331264062833786,88.83
3,GurobiEdit,AWP_C1Correct_750,4,0.21539329278012054,93.7275,0.3804458367347717,87.76,0.38568413224220277,87.36
3,GurobiEdit,AWP_C1Correct_750,5,0.21799965564625712,93.6625,0.314297571182251,90.05,0.3226015792608261,89.8
3,GurobiEdit,AWP_C1Correct_750,6,0.21699024227480537,93.5975,0.28193195652961733,90.89,0.28873016698360443,90.44
3,GurobiEdit,AWP_C1Correct_750,7,0.2154220530923944,93.785,0.3348295329093933,88.96,0.34131068115234375,88.82
3,GurobiEdit,AWP_C1Correct_750,8,0.20847961580315336,94.125,0.3179623253583908,89.64,0.3240476369380951,89.3
3,GurobiEdit,AWP_C1Correct_750,9,0.21454674850542324,93.795,0.3399699764728546,89.19,0.35087885899543764,88.65
3,GurobiEdit,AWP_C1Correct_750,10,0.21800327484314433,93.555,0.33863789129257205,89.27,0.34372464725971225,88.45
3,GurobiEdit,AWP_C1Correct_750,11,0.2147559507871969,93.8375,0.33236771631240847,88.9,0.3281297222137451,89.08
3,GurobiEdit,AWP_C1Correct_750,12,0.21099589922176765,94.005,0.29558635663986205,90.47,0.2938914671897888,90.62
3,GurobiEdit,AWP_C1Correct_750,13,0.21068369939970893,94.0075,0.3189967128753662,89.48,0.32189037058353426,89.17
3,GurobiEdit,AWP_C1Correct_750,14,0.20625655745831542,94.2,0.3056400291442871,89.93,0.30997258825302126,89.47
3,GurobiEdit,AWP_C1Correct_750,15,0.211549940557716,93.915,0.31306024265289306,90.02,0.3215158270597458,89.34
3,GurobiEdit,AWP_C1Correct_750,16,0.21034197437877472,94.0175,0.31086983375549315,89.84,0.3179642592906952,89.68
3,GurobiEdit,AWP_C1Correct_750,17,0.21357986038199628,93.73,0.3126200267314911,89.6,0.31942301054000855,89.34
3,GurobiEdit,AWP_C1Correct_750,18,0.21265327359159913,93.86,0.28173436126708984,91.19,0.2829846566915512,91.17
3,GurobiEdit,AWP_C1Correct_750,19,0.20568991704775502,94.09,0.3241330460548401,89.6,0.33564426183700563,89.24
3,GurobiEdit,AWP_C1Correct_750,20,0.21206891589080945,93.9075,0.34501892256736755,88.23,0.3485959489822388,88.25
3,GurobiEdit,AWP_C1Correct_750,21,0.2091927220122502,94.0225,0.332048389005661,89.18,0.3379806203365326,88.53
3,GurobiEdit,AWP_C1Correct_750,22,0.20939957405241152,94.0125,0.29832597498893737,89.99,0.30163005628585815,90.14
3,GurobiEdit,AWP_C1Correct_750,23,0.2097045558567245,93.835,0.29495547707080844,90.43,0.30023337845802306,90.02
3,GurobiEdit,AWP_C1Correct_750,24,0.21274226192182627,93.805,0.29027018084526063,90.63,0.3012708684921265,90.18
3,GurobiEdit,AWP_C1Correct_750,25,0.20955251940427877,94.0275,0.2980524965763092,90.48,0.31040296950340274,90.2
3,GurobiEdit,AWP_C1Correct_750,26,0.20872103803740522,93.9525,0.3403995707988739,88.74,0.34933836512565614,88.31
3,GurobiEdit,AWP_C1Correct_750,27,0.2146954758289142,93.75,0.3480791470527649,88.56,0.352020525431633,88.8
3,GurobiEdit,AWP_C1Correct_750,28,0.20767572172247944,94.02,0.2866725160121918,90.7,0.2896318667650223,90.71
3,GurobiEdit,AWP_C1Correct_750,29,0.20863094045140873,93.92,0.284929136133194,90.97,0.288667432808876,90.81
3,GurobiEdit,AWP_C1Correct_750,30,0.2070225103023334,94.135,0.29177768716812136,90.62,0.2946349746465683,90.55
3,GurobiEdit,AWP_C1Correct_750,31,0.20877990317039977,94.0075,0.2691100359916687,91.65,0.27598468656539915,91.09
3,GurobiEdit,AWP_C1Correct_750,32,0.2078922964132632,94.0275,0.30552605323791504,90.23,0.3103042819738388,90.11
3,GurobiEdit,AWP_C1Correct_750,33,0.20567402514977196,94.1,0.33251755552291873,89.16,0.33387826075553895,88.9
3,GurobiEdit,AWP_C1Correct_750,34,0.20582560449838638,94.125,0.28841857175827024,90.75,0.2935475233078003,90.61
3,GurobiEdit,AWP_C1Correct_750,35,0.20537249846294664,94.16,0.29150642380714414,90.56,0.3015439263343811,90.27
3,GurobiEdit,AWP_C1Correct_750,36,0.2095010721454986,93.9675,0.29065703020095823,90.69,0.2911455020427704,90.52
3,GurobiEdit,AWP_C1Correct_750,37,0.20979745890766668,93.8625,0.29919774441719055,90.4,0.30699639999866485,90.12
3,GurobiEdit,AWP_C1Correct_750,38,0.20165726056875893,94.135,0.2820443428516388,90.78,0.2907519505023956,90.58
3,GurobiEdit,AWP_C1Correct_750,39,0.20756969215294804,94.0875,0.2992823804855347,90.39,0.31046643514633177,89.96
3,GurobiEdit,AWP_C1Correct_750,40,0.20872258944823718,93.96,0.2912348611831665,90.74,0.29863783655166626,90.27
3,GurobiEdit,AWP_C1Correct_750,41,0.2031595404155719,94.1275,0.2906111770629883,90.5,0.2926079503417015,90.52
3,GurobiEdit,AWP_C1Correct_750,42,0.20150146519128506,94.2125,0.30628080081939696,90.07,0.32005562601089477,89.55
3,GurobiEdit,AWP_C1Correct_750,43,0.20212445841334498,94.28,0.3035422547340393,89.85,0.3041700669527054,90.27
3,GurobiEdit,AWP_C1Correct_750,44,0.20683728582181107,94.05,0.3034525885105133,90.02,0.30432577512264253,89.71
3,GurobiEdit,AWP_C1Correct_750,45,0.20549399174821262,93.9725,0.2974360001564026,90.58,0.2940918059825897,90.45
3,GurobiEdit,AWP_C1Correct_750,46,0.20463220232401413,94.21,0.2989116383075714,90.61,0.30829969861507417,89.96
3,GurobiEdit,AWP_C1Correct_750,47,0.20461301926892406,94.075,0.3071765717506409,90.28,0.3232521839380264,89.6
3,GurobiEdit,AWP_C1Correct_750,48,0.2046393399564222,94.135,0.3104799604415894,89.99,0.3076474060058594,90.2
3,GurobiEdit,AWP_C1Correct_750,49,0.20328627329188795,94.1,0.30045972213745115,90.21,0.2974739279270172,90.53
3,GurobiEdit,AWP_C1Correct_750,50,0.2055206558527276,94.23,0.2933080029010773,90.64,0.30170342235565184,90.47
3,GurobiEdit,AWP_C1Correct_750,51,0.20326998463263526,94.245,0.3239944305419922,89.35,0.33076380293369295,89.24
3,GurobiEdit,AWP_C1Correct_750,52,0.2058197723838468,94.09,0.31024663882255554,90.41,0.306051318526268,90.4
3,GurobiEdit,AWP_C1Correct_750,53,0.20660037966296316,93.96,0.27712940306663514,91.09,0.2788363996505737,90.8
3,GurobiEdit,AWP_C1Correct_750,54,0.19940409445153257,94.4975,0.3515710237503052,88.55,0.3517551120758057,88.4
3,GurobiEdit,AWP_C1Correct_750,55,0.20438235176923558,94.045,0.29708599491119386,89.94,0.3000326627254486,90.09
3,GurobiEdit,AWP_C1Correct_750,56,0.20325097734459674,94.0825,0.3064220361471176,89.97,0.30055964112281797,89.74
1,GurobiEdit,AWP_C1Any_750,1,0.20668608147781878,94.0825,0.34658016864061353,88.39,0.33504289741516113,88.85
1,GurobiEdit,AWP_C1Any_750,2,0.20958389487034215,94.055,0.2940592339038849,90.23,0.2974017989873886,90.29
1,GurobiEdit,AWP_C1Any_750,3,0.21048027729264462,93.8875,0.33145854222774507,88.8,0.33044399490356446,88.53
1,GurobiEdit,AWP_C1Any_750,4,0.20671376700218494,94.045,0.36083000011444094,87.94,0.3477141043663025,88.67
1,GurobiEdit,AWP_C1Any_750,5,0.21161964383369056,93.8225,0.35046835746765137,87.87,0.347384038066864,87.72
1,GurobiEdit,AWP_C1Any_750,6,0.2085282585967463,93.805,0.3564816930770874,88.14,0.3550290095329285,87.85
1,GurobiEdit,AWP_C1Any_750,7,0.2056847250642487,94.1475,0.314627654504776,90.17,0.309563867688179,90.13
1,GurobiEdit,AWP_C1Any_750,8,0.2066038673916183,94.0225,0.2764751605391502,91.3,0.2803011272907257,91.01
1,GurobiEdit,AWP_C1Any_750,9,0.20629276299533753,94.1275,0.32709986131191254,89.23,0.32192028975486753,89.23
1,GurobiEdit,AWP_C1Any_750,10,0.2080059586384426,93.9575,0.39578308591842654,86.53,0.3962557336807251,86.53
1,GurobiEdit,AWP_C1Any_750,11,0.2117648628382637,93.8625,0.3272009591579437,89.05,0.3213862327814102,89.46
1,GurobiEdit,AWP_C1Any_750,12,0.20363813203078107,94.195,0.3016432300329208,90.13,0.29979883608818053,90.31
1,GurobiEdit,AWP_C1Any_750,13,0.20604006803264252,94.005,0.3055367881298065,90.28,0.30634643263816835,89.96
1,GurobiEdit,AWP_C1Any_750,14,0.20966503033622766,93.8875,0.3692675366640091,87.5,0.3690336865663528,87.69
1,GurobiEdit,AWP_C1Any_750,15,0.2065507342068913,94.0725,0.33265122368335726,88.8,0.3353691886425018,89.12
1,GurobiEdit,AWP_C1Any_750,16,0.2071240222492157,93.9975,0.32003308563232424,89.36,0.3196173189163208,89.36
1,GurobiEdit,AWP_C1Any_750,17,0.20661495864010468,94.0625,0.2984834302544594,90.02,0.2978045455694199,90.42
1,GurobiEdit,AWP_C1Any_750,18,0.2038741938698406,94.1025,0.304515944981575,89.76,0.30736002197265627,89.63
1,GurobiEdit,AWP_C1Any_750,19,0.20178821156866633,94.2175,0.33956197905540464,88.84,0.3366441922187805,89.31
1,GurobiEdit,AWP_C1Any_750,20,0.2075386738862854,94.0675,0.3026526201248169,89.77,0.30412735335826874,89.78
1,GurobiEdit,AWP_C1Any_750,21,0.20530084296822929,94.0575,0.3140112147808075,89.85,0.3133913573265076,89.95
1,GurobiEdit,AWP_C1Any_750,22,0.20059946160346936,94.23,0.28664106386899946,90.65,0.2911597321033478,90.55
1,GurobiEdit,AWP_C1Any_750,23,0.20513046216279174,94.04,0.31600413225889207,89.55,0.3143159717321396,89.33
1,GurobiEdit,AWP_C1Any_750,24,0.20937665394795968,93.9275,0.31889654531478884,89.72,0.3152156853199005,89.77
1,GurobiEdit,AWP_C1Any_750,25,0.20725013827458738,94.175,0.3228963490962982,89.24,0.32948722620010373,89.32
1,GurobiEdit,AWP_C1Any_750,26,0.20827972165311867,94.1,0.2824966369628906,90.84,0.29497012896537783,90.35
1,GurobiEdit,AWP_C1Any_750,27,0.19802457596452092,94.415,0.2943682068824768,90.68,0.2909624163389206,90.28
1,GurobiEdit,AWP_C1Any_750,28,0.19880984273676675,94.44,0.319422687625885,89.41,0.3184087674379349,89.46
1,GurobiEdit,AWP_C1Any_750,29,0.20314358393795573,94.1525,0.27036736550331114,91.38,0.27778295018672944,90.77
1,GurobiEdit,AWP_C1Any_750,30,0.20113014010861277,94.295,0.31495816617012024,90.19,0.3092466404438019,90.26
1,GurobiEdit,AWP_C1Any_750,31,0.20350345047994162,94.2475,0.3193946328163147,89.65,0.31175359992980956,89.72
1,GurobiEdit,AWP_C1Any_750,32,0.20636837389141607,94.13,0.30526572892665865,89.72,0.3060727371931076,89.83
1,GurobiEdit,AWP_C1Any_750,33,0.20099843890903096,94.24,0.29920190019607545,90.42,0.3032030836582184,90.34
1,GurobiEdit,AWP_C1Any_750,34,0.20219039226682803,94.155,0.3338527233123779,88.81,0.3362883780479431,88.81
1,GurobiEdit,AWP_C1Any_750,35,0.20323947105354395,94.305,0.2660448791742325,91.27,0.26588423393964766,91.67
1,GurobiEdit,AWP_C1Any_750,36,0.19790997122899412,94.405,0.3429786839723587,89.07,0.34435253316164016,89.07
1,GurobiEdit,AWP_C1Any_750,37,0.1992022641503011,94.2,0.29833159737586973,90.08,0.3035591654777527,90.48
1,GurobiEdit,AWP_C1Any_750,38,0.20172667886597662,94.1525,0.32386777198314665,89.01,0.32467280640602114,89.23
1,GurobiEdit,AWP_C1Any_750,39,0.19815788796534553,94.395,0.3293256772041321,89.52,0.3335578335762024,89.14
1,GurobiEdit,AWP_C1Any_750,40,0.19933604025326598,94.255,0.3007618740916252,90.76,0.3061204909324646,90.54
1,GurobiEdit,AWP_C1Any_750,41,0.20294822488253872,94.2275,0.3180099615812302,89.52,0.313551753282547,89.94
1,GurobiEdit,AWP_C1Any_750,42,0.19548686912741525,94.5025,0.309799897813797,89.4,0.3140596945762634,89.36
1,GurobiEdit,AWP_C1Any_750,43,0.20235760424274224,94.2225,0.2941870342731476,90.0,0.2849181164264679,90.49
1,GurobiEdit,AWP_C1Any_750,44,0.19999111153351995,94.2725,0.3167470358610153,89.56,0.31600327761173247,89.5
1,GurobiEdit,AWP_C1Any_750,45,0.19950699046873055,94.35,0.30523795917034147,89.98,0.3088070469856262,89.88
1,GurobiEdit,AWP_C1Any_750,46,0.19973180614435634,94.4325,0.3008456908226013,90.56,0.3055076902866364,90.48
1,GurobiEdit,AWP_C1Any_750,47,0.1956007381597647,94.4775,0.30084364953041076,89.94,0.2940232845544815,90.01
1,GurobiEdit,AWP_C1Any_750,48,0.20144386058703018,94.245,0.29331483020782473,90.58,0.28479490423202514,90.99
1,GurobiEdit,AWP_C1Any_750,49,0.1975334028894909,94.4225,0.3380915734052658,88.89,0.3389900217294693,88.87
1,GurobiEdit,AWP_C1Any_750,50,0.19661891289031544,94.4725,0.28619132866859437,90.65,0.2879249544620514,90.85
1,GurobiEdit,AWP_C1Any_750,51,0.1966135104338582,94.45,0.3066817478179932,89.66,0.3005782644987106,90.1
1,GurobiEdit,AWP_C1Any_750,52,0.19642257195311233,94.485,0.2994512743234634,90.11,0.3004628263950348,90.23
1,GurobiEdit,AWP_C1Any_750,53,0.19591332657839924,94.4175,0.32078719816207885,89.48,0.32493325300216674,88.98
1,GurobiEdit,AWP_C1Any_750,54,0.19674595421590743,94.4475,0.37570763635635374,87.52,0.3837334310531616,87.0
1,GurobiEdit,AWP_C1Any_750,55,0.1970785305665705,94.4075,0.2824174677729607,90.84,0.2872802647590637,90.45
1,GurobiEdit,AWP_C1Any_750,56,0.2027000312845166,94.2225,0.29665299537181855,89.9,0.298420072221756,90.4
1,GurobiEdit,AWP_C1Any_750,57,0.20015117166617427,94.2475,0.2911493374109268,90.86,0.28974514632225035,90.81
1,GurobiEdit,AWP_C1Any_750,58,0.19899748970334902,94.345,0.3100691024780273,89.62,0.30124231550693514,90.18
1,GurobiEdit,AWP_C1Any_750,59,0.20333690379564753,94.175,0.2815336787581444,91.27,0.2858408226013184,91.16
1,GurobiEdit,AWP_C1Any_750,60,0.19412053250276243,94.4575,0.3352542537212372,88.75,0.32875858907699584,88.93
2,GurobiEdit,AWP_C1Any_750,1,0.22087286341304596,93.6925,0.3247840725898743,89.38,0.3074531539678574,90.09
2,GurobiEdit,AWP_C1Any_750,2,0.22260741510996804,93.4975,0.3347052702903748,88.85,0.32124245653152467,89.52
2,GurobiEdit,AWP_C1Any_750,3,0.22155936243244634,93.575,0.3559241994857788,88.03,0.332568003320694,89.42
2,GurobiEdit,AWP_C1Any_750,4,0.21816732255985943,93.645,0.31907103309631346,89.4,0.30093979456424713,90.16
2,GurobiEdit,AWP_C1Any_750,5,0.21880984927613895,93.555,0.34334105730056763,88.69,0.33095282187461855,89.3
2,GurobiEdit,AWP_C1Any_750,6,0.21691871067872062,93.705,0.31141744565963747,89.82,0.30340261878967284,90.37
2,GurobiEdit,AWP_C1Any_750,7,0.21773800018210762,93.7925,0.3406117146492004,88.88,0.3227848478794098,89.4
2,GurobiEdit,AWP_C1Any_750,8,0.2159310028956721,93.8875,0.3094839248657227,89.6,0.2971248270750046,90.3
2,GurobiEdit,AWP_C1Any_750,9,0.21806044429064558,93.6525,0.35540716094970703,88.09,0.3437460743665695,88.9
2,GurobiEdit,AWP_C1Any_750,10,0.21759306929838923,93.6775,0.3360872344970703,89.1,0.32504324526786804,89.02
2,GurobiEdit,AWP_C1Any_750,11,0.21540063638656665,93.8025,0.3320702353477478,88.55,0.32115817165374755,88.72
2,GurobiEdit,AWP_C1Any_750,12,0.2124072518021154,93.92,0.3919085312843323,86.77,0.380573944234848,87.3
2,GurobiEdit,AWP_C1Any_750,13,0.21462899784500988,93.84,0.3344273223876953,89.13,0.32032515473365786,89.74
2,GurobiEdit,AWP_C1Any_750,14,0.21335022551373553,93.9025,0.3498270374298096,88.53,0.33496244814395904,88.83
2,GurobiEdit,AWP_C1Any_750,15,0.21375238007535569,93.8925,0.350444459438324,88.18,0.34002766880989077,88.84
2,GurobiEdit,AWP_C1Any_750,16,0.21435069245176194,93.6875,0.3091041618347168,89.99,0.2984927432537079,90.31
2,GurobiEdit,AWP_C1Any_750,17,0.2106284539158733,93.975,0.3427543866157532,88.42,0.33195777175426483,88.98
2,GurobiEdit,AWP_C1Any_750,18,0.21883058257567617,93.58,0.3465211401939392,88.19,0.3481384690284729,88.66
2,GurobiEdit,AWP_C1Any_750,19,0.21345823279584938,93.935,0.3255464426994324,89.39,0.31567368717193606,90.03
2,GurobiEdit,AWP_C1Any_750,20,0.21226355343009717,93.825,0.3481938362121582,88.49,0.32801055636405946,89.19
2,GurobiEdit,AWP_C1Any_750,21,0.21318178802443008,93.85,0.37136752338409423,87.62,0.3582130845308304,88.29
2,GurobiEdit,AWP_C1Any_750,22,0.21219372366087885,93.9325,0.3203354679107666,89.4,0.3018701556921005,89.69
2,GurobiEdit,AWP_C1Any_750,23,0.21068686918138316,94.0475,0.3428151014328003,88.47,0.3238471995353699,88.88
2,GurobiEdit,AWP_C1Any_750,24,0.21021086270340716,93.9625,0.32088451080322267,89.73,0.3035292320251465,89.98
2,GurobiEdit,AWP_C1Any_750,25,0.20836310024364307,93.84,0.3053899359703064,89.99,0.28856296586990354,90.77
2,GurobiEdit,AWP_C1Any_750,26,0.2093940398896845,93.94,0.30472398052215577,90.37,0.2873113375663757,90.68
2,GurobiEdit,AWP_C1Any_750,27,0.21042445442451838,93.9425,0.31955563011169436,89.4,0.31552589116096497,89.85
2,GurobiEdit,AWP_C1Any_750,28,0.2128624081516418,93.7875,0.32053018608093264,89.68,0.30195857181549074,89.92
2,GurobiEdit,AWP_C1Any_750,29,0.21250335496073713,93.8275,0.3162180779457092,90.12,0.3022769823074341,90.53
2,GurobiEdit,AWP_C1Any_750,30,0.2064204094128106,94.0625,0.32813711500167847,89.07,0.3168900460720062,89.43
2,GurobiEdit,AWP_C1Any_750,31,0.20809144333909496,93.8575,0.32421637535095216,88.97,0.31174931862354277,89.71
2,GurobiEdit,AWP_C1Any_750,32,0.2064434328732399,94.1,0.3359627669334412,88.78,0.3175164448261261,89.78
2,GurobiEdit,AWP_C1Any_750,33,0.20423158070149894,94.255,0.3194143728256226,89.6,0.31213608446121216,89.66
2,GurobiEdit,AWP_C1Any_750,34,0.2063058362410853,94.095,0.37630621032714845,87.05,0.35599226503372194,87.94
2,GurobiEdit,AWP_C1Any_750,35,0.20866548717498018,94.03,0.34202753314971923,88.36,0.32558321652412414,88.94
2,GurobiEdit,AWP_C1Any_750,36,0.20749681616743532,94.0625,0.29872798051834104,90.26,0.27727609634399414,90.97
2,GurobiEdit,AWP_C1Any_750,37,0.20719972752724974,94.085,0.30356323900222776,90.33,0.29635770483016965,90.52
2,GurobiEdit,AWP_C1Any_750,38,0.20949455798148348,93.88,0.31517503929138185,89.57,0.3070897524356842,90.15
2,GurobiEdit,AWP_C1Any_750,39,0.2092783998805113,93.9975,0.32447314929962157,89.12,0.3081160397052765,89.91
2,GurobiEdit,AWP_C1Any_750,40,0.21032034808073563,93.99,0.32365806522369384,88.83,0.30691528458595274,89.87
2,GurobiEdit,AWP_C1Any_750,41,0.20531056538081396,94.07,0.34157948875427246,89.04,0.3336014126300812,89.22
2,GurobiEdit,AWP_C1Any_750,42,0.2055550940310993,94.16,0.3179274173736572,89.78,0.30512973675727845,90.32
2,GurobiEdit,AWP_C1Any_750,43,0.20299157466941747,94.285,0.3175785645484924,89.08,0.30613889801502225,89.73
2,GurobiEdit,AWP_C1Any_750,44,0.20548590793967628,94.0875,0.34062585220336916,89.26,0.3327402542591095,88.96
2,GurobiEdit,AWP_C1Any_750,45,0.20591987095797024,94.0875,0.3211908535957336,89.64,0.30340564494132993,90.18
2,GurobiEdit,AWP_C1Any_750,46,0.20786742054330656,93.9625,0.33577814178466797,88.97,0.3261775911331177,89.2
2,GurobiEdit,AWP_C1Any_750,47,0.20283331991003725,94.13,0.30673785476684573,90.17,0.2921492388486862,90.85
2,GurobiEdit,AWP_C1Any_750,48,0.2019400482598585,94.3225,0.3281273900985718,89.51,0.3136456964969635,90.2
2,GurobiEdit,AWP_C1Any_750,49,0.2024411186337852,94.245,0.3332738842010498,88.93,0.32178640575408934,89.42
2,GurobiEdit,AWP_C1Any_750,50,0.20472628877947505,94.15,0.3130535311698914,89.63,0.30174640212059023,90.27
2,GurobiEdit,AWP_C1Any_750,51,0.20424146519396633,94.025,0.3188996596336365,89.61,0.3038377902030945,89.92
2,GurobiEdit,AWP_C1Any_750,52,0.206011073015178,94.055,0.3194531307220459,89.35,0.3118644425868988,89.79
2,GurobiEdit,AWP_C1Any_750,53,0.20545431607352277,94.07,0.3240085072517395,89.16,0.3087187698841095,89.73
2,GurobiEdit,AWP_C1Any_750,54,0.20611538759435707,94.02,0.3280427878379822,89.17,0.31264344592094423,90.0
2,GurobiEdit,AWP_C1Any_750,55,0.2038002224347462,94.2,0.34768275928497316,88.45,0.33784833521842955,88.86
2,GurobiEdit,AWP_C1Any_750,56,0.20348776784091713,94.085,0.2886219652175903,90.82,0.28241362714767454,90.82
2,GurobiEdit,AWP_C1Any_750,57,0.20138681737093117,94.2925,0.3193685960769653,89.56,0.30665469822883606,89.84
2,GurobiEdit,AWP_C1Any_750,58,0.20031156524206503,94.265,0.328912678527832,89.51,0.32255956411361697,89.71
2,GurobiEdit,AWP_C1Any_750,59,0.19790323776082872,94.215,0.3352591293334961,89.2,0.31971307005882266,89.38
2,GurobiEdit,AWP_C1Any_750,60,0.20255495115114858,94.175,0.31705002841949464,89.69,0.3072435128211975,89.96
2,GurobiEdit,AWP_C1Any_750,61,0.2009241591674832,94.2975,0.36430402145385743,88.07,0.34980458583831786,88.89
2,GurobiEdit,AWP_C1Any_750,62,0.20555980001299526,94.0925,0.32102023324966433,88.93,0.3136018591403961,89.44
2,GurobiEdit,AWP_C1Any_750,63,0.1987277194143484,94.3425,0.32346175689697265,89.27,0.3147333390235901,89.47
2,GurobiEdit,AWP_C1Any_750,64,0.20707680270694695,94.0375,0.3131619318962097,89.94,0.3075306404829025,89.97
2,GurobiEdit,AWP_C1Any_750,65,0.20208680584503058,94.2375,0.29327474193573,90.63,0.28100887050628665,90.97
2,GurobiEdit,AWP_C1Any_750,66,0.20290751007799143,94.1575,0.3111452196121216,90.13,0.2996729582309723,90.31
2,GurobiEdit,AWP_C1Any_750,67,0.20568294942188567,94.1775,0.31573434715271,89.53,0.3022980830192566,90.09
2,GurobiEdit,AWP_C1Any_750,68,0.20158790132869928,94.285,0.29957687463760374,90.04,0.29623429474830626,90.26
2,GurobiEdit,AWP_C1Any_750,69,0.20142885971183594,94.305,0.2987655737876892,90.8,0.29616936490535734,90.47
2,GurobiEdit,AWP_C1Any_750,70,0.2003854834757293,94.295,0.2966113975524902,90.15,0.2852218978881836,90.73
2,GurobiEdit,AWP_C1Any_750,71,0.20056816028615537,94.1975,0.3451532848358154,88.11,0.3317800706624985,88.73
2,GurobiEdit,AWP_C1Any_750,72,0.19745192743433168,94.4025,0.30390882244110107,90.08,0.29371840636730195,90.63
2,GurobiEdit,AWP_C1Any_750,73,0.20118012098363414,94.3325,0.3343511993408203,88.74,0.3252922254562378,89.1
2,GurobiEdit,AWP_C1Any_750,74,0.20034655481100844,94.2775,0.32051721382141113,89.36,0.309041339635849,89.61
2,GurobiEdit,AWP_C1Any_750,75,0.19973608494376222,94.37,0.3025818843841553,90.37,0.29461946182250975,90.55
2,GurobiEdit,AWP_C1Any_750,76,0.19962881248408612,94.365,0.2969331961631775,90.22,0.28886508014202117,90.6
2,GurobiEdit,AWP_C1Any_750,77,0.198350555076005,94.3725,0.3256493432044983,89.36,0.3185325119972229,89.43
2,GurobiEdit,AWP_C1Any_750,78,0.19611139343188594,94.42,0.30506659889221194,89.85,0.2939438039779663,90.24
2,GurobiEdit,AWP_C1Any_750,79,0.19436455344239745,94.4625,0.29891031351089475,90.32,0.29587551288604735,90.16
2,GurobiEdit,AWP_C1Any_750,80,0.19872566341116024,94.395,0.34793575801849363,88.45,0.32644674081802366,89.27
2,GurobiEdit,AWP_C1Any_750,81,0.2021263413869154,94.21,0.3161436079025269,89.37,0.300577659535408,89.81
3,GurobiEdit,AWP_C1Any_1000,1,0.21704988491040067,93.63,0.28562542757987974,90.99,0.29124421634674075,90.43
3,GurobiEdit,AWP_C1Any_1000,2,0.21820088383107902,93.58,0.3049348850250244,90.51,0.3093296960353851,89.9
3,GurobiEdit,AWP_C1Any_1000,3,0.21514495750204823,93.8325,0.30153098397254946,90.11,0.30152849555015565,90.42
3,GurobiEdit,AWP_C1Any_1000,4,0.21481114211745156,93.7725,0.32710629501342775,89.13,0.3261482082605362,88.96
3,GurobiEdit,AWP_C1Any_1000,5,0.21427272057856994,93.895,0.3313351034641266,89.11,0.3423929297089577,89.1
3,GurobiEdit,AWP_C1Any_1000,6,0.21486824324812753,93.6675,0.34260592169761656,88.79,0.3496185683727264,88.4
3,GurobiEdit,AWP_C1Any_1000,7,0.2210862686554083,93.565,0.30870336136817933,90.0,0.3118658327579498,89.74
3,GurobiEdit,AWP_C1Any_1000,8,0.21641688348767094,93.74,0.3014663786649704,90.31,0.3147489099740982,89.85
3,GurobiEdit,AWP_C1Any_1000,9,0.21454741908148073,93.7875,0.304946586894989,90.44,0.31266195912361144,89.69
3,GurobiEdit,AWP_C1Any_1000,10,0.2146449032397316,93.74,0.3088454239368439,90.58,0.3062532100200653,90.23
3,GurobiEdit,AWP_C1Any_1000,11,0.21593123186415378,93.6275,0.3467483990192413,88.34,0.3490705510139465,88.14
3,GurobiEdit,AWP_C1Any_1000,12,0.20713197968352717,93.9425,0.3110742904186249,89.76,0.32008287229537963,89.65
3,GurobiEdit,AWP_C1Any_1000,13,0.2127349640662297,93.885,0.29173281903266907,90.62,0.30208873496055605,90.13
3,GurobiEdit,AWP_C1Any_1000,14,0.20735737462394155,93.9175,0.37891535587310793,87.55,0.38341707792282104,87.36
3,GurobiEdit,AWP_C1Any_1000,15,0.21102614845997228,93.8825,0.30453252019882204,90.45,0.31682174468040464,90.08
3,GurobiEdit,AWP_C1Any_1000,16,0.21192770894057453,93.8075,0.3216755961418152,89.25,0.3241675766468048,89.1
3,GurobiEdit,AWP_C1Any_1000,17,0.21360840436559134,93.7025,0.3013277527332306,90.3,0.31007701132297516,89.87
3,GurobiEdit,AWP_C1Any_1000,18,0.21285049410197682,93.8125,0.3400894905090332,88.89,0.34430815229415895,88.55
3,GurobiEdit,AWP_C1Any_1000,19,0.20976124646755073,93.9,0.3415093881607056,88.01,0.336677098941803,88.18
3,GurobiEdit,AWP_C1Any_1000,20,0.2068253245930702,94.015,0.2821964798927307,91.02,0.29107943954467774,90.65
3,GurobiEdit,AWP_C1Any_1000,21,0.21062470729739521,93.885,0.31562630167007444,89.45,0.3179504253387451,89.47
3,GurobiEdit,AWP_C1Any_1000,22,0.21057164295317646,93.99,0.2751031810760498,91.16,0.2760486557006836,91.01
3,GurobiEdit,AWP_C1Any_1000,23,0.20977148573143414,94.025,0.3028760211467743,90.26,0.31270944321155547,89.72
3,GurobiEdit,AWP_C1Any_1000,24,0.21051496760056804,93.9075,0.30093904647827147,90.3,0.3020379191875458,90.31
3,GurobiEdit,AWP_C1Any_1000,25,0.21349307285330166,93.86,0.31469548206329345,89.91,0.31317099862098696,89.74
3,GurobiEdit,AWP_C1Any_1000,26,0.2086666045954433,93.9425,0.32072684183120725,89.45,0.3226653851509094,89.12
3,GurobiEdit,AWP_C1Any_1000,27,0.20882801068857454,93.89,0.29797453622817993,90.18,0.30560722749233243,89.73
3,GurobiEdit,AWP_C1Any_1000,28,0.20941688053714583,93.915,0.2934935199737549,90.63,0.3050016940832138,90.24
3,GurobiEdit,AWP_C1Any_1000,29,0.20839437447226467,93.9075,0.31594969100952147,89.83,0.3211526235580444,89.34
3,GurobiEdit,AWP_C1Any_1000,30,0.21194914007148805,93.8125,0.32173052077293396,89.35,0.33596426038742067,88.81
3,GurobiEdit,AWP_C1Any_1000,31,0.2082109883094367,94.125,0.2976739478111267,90.15,0.3009180898666382,90.24
3,GurobiEdit,AWP_C1Any_1000,32,0.20765473669805465,93.9425,0.29694717607498167,90.69,0.3040741137504578,90.47
3,GurobiEdit,AWP_C1Any_1000,33,0.2127298340915491,93.8025,0.3206962183475494,89.32,0.3213336582183838,89.22
3,GurobiEdit,AWP_C1Any_1000,34,0.20667691700184307,94.07,0.359389057636261,87.81,0.3681996804237366,87.58
3,GurobiEdit,AWP_C1Any_1000,35,0.20534394438655232,94.215,0.2805152440071106,90.91,0.28544791364669797,90.3
3,GurobiEdit,AWP_C1Any_1000,36,0.20813189877774388,93.9,0.3394992851257324,88.7,0.35132491166591645,88.05
3,GurobiEdit,AWP_C1Any_1000,37,0.21020122500844657,94.005,0.29443162479400636,90.87,0.294921257019043,90.79
3,GurobiEdit,AWP_C1Any_1000,38,0.20392091848408453,94.2325,0.31656891112327573,89.58,0.3230455455303192,89.35
3,GurobiEdit,AWP_C1Any_1000,39,0.20758745083793664,93.9975,0.30214806094169616,89.87,0.30559036712646487,89.36
3,GurobiEdit,AWP_C1Any_1000,40,0.20512351617455102,94.15,0.31698976016044617,89.9,0.33119944319725036,89.35
3,GurobiEdit,AWP_C1Any_1000,41,0.202869496477869,94.1225,0.30508392441272736,90.03,0.31206917613744733,89.5
3,GurobiEdit,AWP_C1Any_1000,42,0.20390395225046543,94.1975,0.284636549115181,90.51,0.28592076327800753,90.54
3,GurobiEdit,AWP_C1Any_1000,43,0.20446949718764035,94.205,0.2845472244977951,90.78,0.2799066561937332,90.67
3,GurobiEdit,AWP_C1Any_1000,44,0.20277561968603072,94.1225,0.33116138651371,88.84,0.33675889039039614,88.41
3,GurobiEdit,AWP_C1Any_1000,45,0.2065562452085483,93.975,0.3111248491287231,89.86,0.3214497570037842,89.65
3,GurobiEdit,AWP_C1Any_1000,46,0.20257316755886656,94.1875,0.2948141447544098,90.28,0.29883082436323166,90.23
3,GurobiEdit,AWP_C1Any_1000,47,0.2061195604907819,94.0775,0.3206167055606842,89.5,0.3215013794898987,89.75
3,GurobiEdit,AWP_C1Any_750,1,0.21768484831141968,93.7225,0.3235301290512085,89.48,0.3264518909454346,89.52
3,GurobiEdit,AWP_C1Any_750,2,0.2182551438863666,93.65,0.3205880296707153,89.54,0.3310325891256332,88.86
3,GurobiEdit,AWP_C1Any_750,3,0.21496413805233405,93.71,0.2961284374713898,90.35,0.3084061330795288,89.89
3,GurobiEdit,AWP_C1Any_750,4,0.2172038871259354,93.715,0.3036062499523163,90.18,0.31026676239967343,90.0
3,GurobiEdit,AWP_C1Any_750,5,0.21501098506557295,93.835,0.2969204569816589,90.22,0.3030797513961792,90.19
3,GurobiEdit,AWP_C1Any_750,6,0.21523912074847723,93.79,0.3278210385322571,89.45,0.33282228236198425,89.26
3,GurobiEdit,AWP_C1Any_750,7,0.21439465589987966,93.715,0.30958371448516847,90.15,0.31046385531425474,89.37
3,GurobiEdit,AWP_C1Any_750,8,0.21606801516903093,93.755,0.32020139379501344,89.47,0.3188840704917908,89.67
3,GurobiEdit,AWP_C1Any_750,9,0.21508167762630664,93.875,0.28898657093048097,90.87,0.2975309713602066,90.62
3,GurobiEdit,AWP_C1Any_750,10,0.21085090666247633,93.96,0.3258630131244659,89.03,0.325992555475235,89.31
3,GurobiEdit,AWP_C1Any_750,11,0.21157907030452935,93.875,0.29202952432632445,90.44,0.3015936037778854,90.21
3,GurobiEdit,AWP_C1Any_750,12,0.2123920910131817,93.8725,0.31515178003311156,89.8,0.3260973485469818,89.38
3,GurobiEdit,AWP_C1Any_750,13,0.21536107170886507,93.7775,0.34723933134078977,88.27,0.36049891585111615,87.85
3,GurobiEdit,AWP_C1Any_750,14,0.20982360413756235,93.9725,0.3093377191543579,90.24,0.32135145115852354,89.39
3,GurobiEdit,AWP_C1Any_750,15,0.21411380312218073,93.7925,0.2937448151111603,90.46,0.30294846720695495,90.06
3,GurobiEdit,AWP_C1Any_750,16,0.2138258295651442,93.7675,0.29299754629135133,90.52,0.299353924870491,90.44
3,GurobiEdit,AWP_C1Any_750,17,0.21069790575260552,93.8825,0.3673920795440674,87.75,0.37152840337753296,87.58
3,GurobiEdit,AWP_C1Any_750,18,0.21108722977173594,93.945,0.31179204959869383,89.91,0.31580492458343506,89.76
3,GurobiEdit,AWP_C1Any_750,19,0.21116755574275128,94.01,0.3269459020614624,89.15,0.3260413591861725,89.63
3,GurobiEdit,AWP_C1Any_750,20,0.20616386897457292,94.0125,0.2791265867710114,91.45,0.28812247540950775,90.81
3,GurobiEdit,AWP_C1Any_750,21,0.21231239598494367,93.88,0.30514084749221804,89.8,0.3123456246137619,89.5
3,GurobiEdit,AWP_C1Any_750,22,0.2077975731116895,93.89,0.3112596688747406,89.73,0.3244491247177124,89.35
3,GurobiEdit,AWP_C1Any_750,23,0.2094324563924497,93.9675,0.29821074447631835,90.21,0.3126133566379547,89.77
3,GurobiEdit,AWP_C1Any_750,24,0.20925595637517996,94.07,0.28859064421653746,90.68,0.289805837893486,90.63
3,GurobiEdit,AWP_C1Any_750,25,0.20933765189621015,93.9725,0.29363933119773866,90.71,0.3078936507701874,89.99
3,GurobiEdit,AWP_C1Any_750,26,0.20800938416784182,93.97,0.29413533148765564,90.67,0.30749567332267763,90.17
3,GurobiEdit,AWP_C1Any_750,27,0.21243694117560555,93.805,0.3267938199043274,90.03,0.32875684566497804,89.75
3,GurobiEdit,AWP_C1Any_750,28,0.2108223761994237,93.98,0.30929800486564635,90.05,0.3134999303340912,89.71
3,GurobiEdit,AWP_C1Any_750,29,0.21003034734687867,93.87,0.3235140917778015,89.59,0.3265443742275238,89.37
3,GurobiEdit,AWP_C1Any_750,30,0.21219097849088736,93.795,0.3296180262088776,89.1,0.32621873593330386,89.49
3,GurobiEdit,AWP_C1Any_750,31,0.20863024162027402,93.9425,0.2984958123207092,90.63,0.30857218716144563,90.21
3,GurobiEdit,AWP_C1Any_750,32,0.20466839557828995,94.0775,0.3252480596065521,89.04,0.3368622933149338,89.05
3,GurobiEdit,AWP_C1Any_750,33,0.2108893859119842,93.9975,0.31160246925354,89.96,0.3191111120223999,89.71
3,GurobiEdit,AWP_C1Any_750,34,0.21015299878086144,93.895,0.2914533009529114,90.8,0.2968241540193558,90.74
3,GurobiEdit,AWP_C1Any_750,35,0.2022978450162723,94.0975,0.2870138765335083,91.22,0.2996968997478485,90.33
3,GurobiEdit,AWP_C1Any_750,36,0.20694251249011714,94.075,0.2957556633710861,90.1,0.3048531452178955,89.79
3,GurobiEdit,AWP_C1Any_750,37,0.2033693646661009,94.16,0.3078617499828339,89.98,0.3136491209030151,89.5
3,GurobiEdit,AWP_C1Any_750,38,0.20876755194066052,94.005,0.31783603439331054,89.55,0.3192727437019348,89.23
3,GurobiEdit,AWP_C1Any_750,39,0.2057419904409506,94.1225,0.3225034293174744,89.71,0.33626286137104033,88.75
3,GurobiEdit,AWP_C1Any_750,40,0.2041983349254718,94.0825,0.3000676888942719,90.32,0.3003929540157318,89.98
3,GurobiEdit,AWP_C1Any_750,41,0.20447659313964386,94.195,0.28669211173057557,90.73,0.28687254314422606,90.77
3,GurobiEdit,AWP_C1Any_750,42,0.20652020829744613,93.9725,0.2845809076786041,90.65,0.29282586584091186,90.33
3,GurobiEdit,AWP_C1Any_750,43,0.20316719109067521,94.14,0.3114581235408783,89.78,0.32154877071380616,89.3
3,GurobiEdit,AWP_C1Any_750,44,0.20396135664119508,94.085,0.2828308746814728,91.38,0.29326420226097105,90.66
3,GurobiEdit,AWP_C1Any_750,45,0.2038989604328768,94.12,0.29805798039436343,90.66,0.30275633964538573,90.43
1,GurobiEdit,AWP_C1Correct_1000,1,0.20719513085227423,93.955,0.307375145983696,89.79,0.30021368503570556,90.48
1,GurobiEdit,AWP_C1Correct_1000,2,0.20775271111879104,94.0125,0.33703342757225035,88.97,0.3327361967802048,88.9
1,GurobiEdit,AWP_C1Correct_1000,3,0.2107527811115923,93.9325,0.3572255418777466,88.52,0.37161699891090394,88.29
1,GurobiEdit,AWP_C1Correct_1000,4,0.20720634561853288,94.0325,0.35464049196243286,88.13,0.3642618575334549,88.32
1,GurobiEdit,AWP_C1Correct_1000,5,0.20707414658686604,94.155,0.2980859024763107,90.17,0.304800278377533,90.05
1,GurobiEdit,AWP_C1Correct_1000,6,0.21031068101192055,93.98,0.33662215983867644,89.11,0.3345812606334686,88.94
1,GurobiEdit,AWP_C1Correct_1000,7,0.20841455961854313,94.0025,0.389802165722847,86.31,0.39977870149612427,86.22
1,GurobiEdit,AWP_C1Correct_1000,8,0.20797832522053308,93.99,0.33068789269924165,88.72,0.3349943245410919,88.84
1,GurobiEdit,AWP_C1Correct_1000,9,0.2046481735123613,94.155,0.31736539478302,89.57,0.31272691245079043,89.81
1,GurobiEdit,AWP_C1Correct_1000,10,0.20817074784265158,93.995,0.35183317828178406,88.34,0.3532263241291046,88.42
1,GurobiEdit,AWP_C1Correct_1000,11,0.2040050835988392,94.1225,0.3053592941761017,89.82,0.3059639566898346,90.1
1,GurobiEdit,AWP_C1Correct_1000,12,0.20375590640515945,94.135,0.333408238530159,88.94,0.33029495799541475,89.54
1,GurobiEdit,AWP_C1Correct_1000,13,0.2079493907360604,94.0,0.3939964946746826,86.87,0.40858666639328,86.59
1,GurobiEdit,AWP_C1Correct_1000,14,0.2041613915191291,94.1575,0.3031911381006241,89.93,0.30425927622318266,89.98
1,GurobiEdit,AWP_C1Correct_1000,15,0.2035889133287314,94.105,0.31380665024518967,89.63,0.3110222113609314,89.68
1,GurobiEdit,AWP_C1Correct_1000,16,0.20834005662141897,93.94,0.30960839529037476,89.6,0.306117023229599,89.99
1,GurobiEdit,AWP_C1Correct_1000,17,0.20074595008700039,94.28,0.31680145740509036,89.38,0.31974364547729495,89.36
1,GurobiEdit,AWP_C1Correct_1000,18,0.20266562319411258,94.2425,0.28965711693763735,90.71,0.29427477612495423,90.41
1,GurobiEdit,AWP_C1Correct_1000,19,0.20600055803220493,94.165,0.28859035432338714,90.62,0.2824979266643524,91.18
1,GurobiEdit,AWP_C1Correct_1000,20,0.2022467587654964,94.265,0.31378268637657164,89.4,0.31498579292297363,89.42
1,GurobiEdit,AWP_C1Correct_1000,21,0.20491929021411048,94.07,0.30351202154159546,89.77,0.3065553527355194,90.21
1,GurobiEdit,AWP_C1Correct_1000,22,0.2051479138029269,94.11,0.27609860367774963,90.97,0.28272378087043765,90.48
1,GurobiEdit,AWP_C1Correct_1000,23,0.2050540561969288,94.16,0.3372700986146927,88.87,0.3361529569149017,89.16
1,GurobiEdit,AWP_C1Correct_1000,24,0.2068766266250382,94.1375,0.32090650260448456,89.3,0.33125263934135435,88.83
1,GurobiEdit,AWP_C1Correct_1000,25,0.20357170491553725,94.16,0.3121724033355713,90.19,0.3191278254032135,90.01
1,GurobiEdit,AWP_C1Correct_1000,26,0.20006582378960266,94.29,0.2965650248527527,90.25,0.3106198926687241,89.56
1,GurobiEdit,AWP_C1Correct_1000,27,0.20011799499249686,94.415,0.2831846059560776,90.54,0.28938514351844785,90.37
1,GurobiEdit,AWP_C1Correct_1000,28,0.20257128629916774,94.2625,0.33129043054580687,88.9,0.3297736847639084,89.12
1,GurobiEdit,AWP_C1Correct_1000,29,0.20119978280398793,94.27,0.304673802125454,89.84,0.30303404152393343,89.35
1,GurobiEdit,AWP_C1Correct_1000,30,0.20594713275139323,94.115,0.28908534878492353,90.69,0.2989821038246155,90.27
1,GurobiEdit,AWP_C1Correct_1000,31,0.2006831047967219,94.265,0.31655366559028625,89.97,0.3067771968126297,90.04
1,GurobiEdit,AWP_C1Correct_1000,32,0.2013115660308268,94.3825,0.34796059145927427,87.98,0.3508138653278351,88.22
1,GurobiEdit,AWP_C1Correct_1000,33,0.20513832983307945,94.1825,0.33760190205574037,88.39,0.3329272923707962,88.3
1,GurobiEdit,AWP_C1Correct_1000,34,0.2055269002247923,94.1725,0.3167157523870468,89.48,0.3083079053401947,90.02
1,GurobiEdit,AWP_C1Correct_1000,35,0.1991066093833302,94.355,0.29801645996570586,90.35,0.2952104904651642,90.63
1,GurobiEdit,AWP_C1Correct_1000,36,0.20189570999754886,94.2575,0.30158064370155335,90.26,0.3058545435190201,90.0
1,GurobiEdit,AWP_C1Correct_1000,37,0.19911095599968212,94.42,0.4269905548095703,85.56,0.43558314218521116,85.16
1,GurobiEdit,AWP_C1Correct_1000,38,0.2053363824995181,94.03,0.27980941019058225,91.12,0.28631810834407806,91.07
1,GurobiEdit,AWP_C1Correct_1000,39,0.20218151255537525,94.2525,0.31153802754878995,89.82,0.3153029584646225,89.71
1,GurobiEdit,AWP_C1Correct_1000,40,0.20274097860430756,94.195,0.3141933757543564,89.49,0.3154392948389053,89.55
1,GurobiEdit,AWP_C1Correct_1000,41,0.19863899461567974,94.345,0.31709657614231107,89.72,0.3153608917236328,90.02
1,GurobiEdit,AWP_C1Correct_1000,42,0.1956012162585228,94.44,0.31025605413913726,89.89,0.3085141156435013,89.9
1,GurobiEdit,AWP_C1Correct_1000,43,0.20013214200259016,94.3075,0.29988470311164855,90.28,0.29128847427368165,90.72
1,GurobiEdit,AWP_C1Correct_1000,44,0.1980130549627371,94.3275,0.3355349422931671,89.2,0.334256302690506,88.87
1,GurobiEdit,AWP_C1Correct_1000,45,0.20330177092799745,94.1725,0.3556885973930359,88.22,0.34208277089595795,88.63
1,GurobiEdit,AWP_C1Correct_1000,46,0.1963494869942863,94.395,0.3430601167678833,88.32,0.3412689845085144,88.56
1,GurobiEdit,AWP_C1Correct_1000,47,0.20275509595490113,94.1975,0.2919895461559296,90.92,0.28802028908729554,90.56
2,GurobiEdit,AWP_C1Correct_1000,1,0.2227273562702889,93.64,0.32039190921783445,89.59,0.3174646346569061,89.59
2,GurobiEdit,AWP_C1Correct_1000,2,0.2227308036515507,93.46,0.3446880521774292,88.98,0.327171270942688,89.21
2,GurobiEdit,AWP_C1Correct_1000,3,0.21665529459238814,93.7175,0.31585325517654417,89.84,0.2993987630844116,90.22
2,GurobiEdit,AWP_C1Correct_1000,4,0.21662747329130722,93.7625,0.3960367441177368,86.58,0.3832948861598969,86.92
2,GurobiEdit,AWP_C1Correct_1000,5,0.2191599751718509,93.6625,0.3240477786064148,89.38,0.31015794124603274,89.37
2,GurobiEdit,AWP_C1Correct_1000,6,0.21582650102841588,93.62,0.31978589611053465,89.45,0.30765103559494017,89.59
2,GurobiEdit,AWP_C1Correct_1000,7,0.22174152972313543,93.5675,0.32587252464294436,89.48,0.31335421941280367,89.65
2,GurobiEdit,AWP_C1Correct_1000,8,0.21757466612627713,93.7,0.3148728314399719,89.54,0.3132840459346771,89.53
2,GurobiEdit,AWP_C1Correct_1000,9,0.2156927541326791,93.8,0.3044863342285156,90.47,0.2949028577327728,90.73
2,GurobiEdit,AWP_C1Correct_1000,10,0.21612319964379928,93.67,0.35248918619155883,88.15,0.33357066625356674,88.72
2,GurobiEdit,AWP_C1Correct_1000,11,0.21779440821835788,93.7875,0.3479797849655151,88.44,0.3356662745475769,88.88
2,GurobiEdit,AWP_C1Correct_1000,12,0.21380130687175086,93.7875,0.31486542587280275,89.68,0.30592427041530607,90.09
2,GurobiEdit,AWP_C1Correct_1000,13,0.21419865019119586,93.91,0.3466524604797363,88.56,0.33896122479438784,88.9
2,GurobiEdit,AWP_C1Correct_1000,14,0.2126060277223587,93.975,0.3714572171211243,87.83,0.36541987743377685,87.68
2,GurobiEdit,AWP_C1Correct_1000,15,0.21676888623938392,93.67,0.35807426710128787,88.32,0.3375881038188934,88.89
2,GurobiEdit,AWP_C1Correct_1000,16,0.21163830884729332,93.865,0.31817839479446414,89.52,0.3131726200342178,89.33
2,GurobiEdit,AWP_C1Correct_1000,17,0.21263206769197512,93.8475,0.33367238149642947,88.88,0.3182479592084885,89.32
2,GurobiEdit,AWP_C1Correct_1000,18,0.21591566262629847,93.745,0.32245187578201295,89.49,0.30022163896560666,90.24
2,GurobiEdit,AWP_C1Correct_1000,19,0.21089515904077707,93.92,0.31593857917785645,89.7,0.29091388602256774,90.29
2,GurobiEdit,AWP_C1Correct_1000,20,0.21302786033850507,93.6175,0.33863453979492186,88.82,0.32938043313026427,89.31
2,GurobiEdit,AWP_C1Correct_1000,21,0.21057418562448063,93.9675,0.31877005939483644,89.81,0.30381118655204775,90.3
2,GurobiEdit,AWP_C1Correct_1000,22,0.20790261196823548,93.9975,0.3254026767730713,89.23,0.31898405203819274,89.62
2,GurobiEdit,AWP_C1Correct_1000,23,0.209758684134331,94.0025,0.32850284957885745,89.2,0.31195276656150817,89.81
2,GurobiEdit,AWP_C1Correct_1000,24,0.2097618050944691,93.92,0.3034440848350525,89.93,0.2923058300256729,90.3
2,GurobiEdit,AWP_C1Correct_1000,25,0.20874551417062076,93.9425,0.2999464849472046,90.39,0.29469628219604493,90.42
2,GurobiEdit,AWP_C1Correct_1000,26,0.2111254216859135,93.9975,0.33241915683746337,88.44,0.3120063334465027,89.31
2,GurobiEdit,AWP_C1Correct_1000,27,0.2117672385023044,93.8425,0.3310275255203247,88.85,0.3110292204380035,90.0
2,GurobiEdit,AWP_C1Correct_1000,28,0.21087519367472432,93.9525,0.32955097694396973,89.4,0.3205942232131958,89.57
2,GurobiEdit,AWP_C1Correct_1000,29,0.2052060183578025,94.1125,0.3375084677696228,88.9,0.3169339781284332,89.56
2,GurobiEdit,AWP_C1Correct_1000,30,0.20637934188397167,94.0225,0.3190928113937378,89.4,0.30382960805892945,90.15
2,GurobiEdit,AWP_C1Correct_1000,31,0.20490752546170268,94.165,0.38282709159851075,87.05,0.36363630781173706,88.33
2,GurobiEdit,AWP_C1Correct_1000,32,0.20704958804499227,93.93,0.3204805774688721,89.46,0.30829255173206327,89.9
2,GurobiEdit,AWP_C1Correct_1000,33,0.20723077695304976,94.08,0.30585274562835696,90.36,0.29725497047901156,90.22
2,GurobiEdit,AWP_C1Correct_1000,34,0.2071359590790904,93.995,0.35867244606018067,87.56,0.3396194303512573,88.63
2,GurobiEdit,AWP_C1Correct_1000,35,0.20897588240928924,94.0025,0.3127265113830566,90.13,0.30330441331863406,90.09
2,GurobiEdit,AWP_C1Correct_1000,36,0.20699515150854,94.0225,0.345919092464447,88.6,0.33317705368995665,89.37
2,GurobiEdit,AWP_C1Correct_1000,37,0.20773570832257834,94.11,0.3313687171936035,88.89,0.3241360456466675,89.45
2,GurobiEdit,AWP_C1Correct_1000,38,0.20765505904873338,94.05,0.3004391345024109,90.01,0.2862482322692871,90.56
2,GurobiEdit,AWP_C1Correct_1000,39,0.20466577135526334,94.1525,0.29938603925704954,89.83,0.2867701821804047,90.14
2,GurobiEdit,AWP_C1Correct_1000,40,0.2029918084224573,94.145,0.31602315921783447,89.67,0.31111292448043826,89.8
2,GurobiEdit,AWP_C1Correct_1000,41,0.20820324087200073,93.8975,0.32802845191955565,89.29,0.31602739539146424,89.66
2,GurobiEdit,AWP_C1Correct_1000,42,0.2034184822973352,94.1875,0.30527262134552,90.27,0.297039709854126,90.36
2,GurobiEdit,AWP_C1Correct_1000,43,0.20954957059301887,93.9625,0.36918781452178956,87.59,0.3505529012203217,88.26
2,GurobiEdit,AWP_C1Correct_1000,44,0.20434321089388843,94.195,0.31584251136779784,89.37,0.3015239872932434,90.07
2,GurobiEdit,AWP_C1Correct_1000,45,0.20373109685251126,94.12,0.3238794734954834,89.47,0.3152919773817062,89.65
2,GurobiEdit,AWP_C1Correct_1000,46,0.20676860820275908,94.0025,0.31722675876617434,89.77,0.3111046538352966,89.95
2,GurobiEdit,AWP_C1Correct_1000,47,0.20786634946878726,93.9875,0.3188921006202698,89.63,0.3101020571708679,89.52
2,GurobiEdit,AWP_C1Correct_1000,48,0.20499206355775887,94.085,0.3524287205696106,88.04,0.34627259669303895,88.44
2,GurobiEdit,AWP_C1Correct_1000,49,0.20167869131881208,94.23,0.30309684176445006,90.31,0.2955628781795502,90.48
2,GurobiEdit,AWP_C1Correct_1000,50,0.20222620525584814,94.125,0.3347275396347046,89.01,0.31910825004577636,89.57
2,GurobiEdit,AWP_C1Correct_1000,51,0.20509464600786995,94.095,0.34994155197143556,88.47,0.33427287802696226,88.91
2,GurobiEdit,AWP_C1Correct_1000,52,0.20565746143793526,94.07,0.3184860733985901,89.27,0.3028611053943634,90.16
2,GurobiEdit,AWP_C1Correct_1000,53,0.20219799721488557,94.11,0.34698443546295166,88.72,0.33231639370918276,89.15
2,GurobiEdit,AWP_C1Correct_1000,54,0.20443493332535315,94.1825,0.30313192977905273,90.17,0.29784993433952334,90.18
2,GurobiEdit,AWP_C1Correct_1000,55,0.19894000071401413,94.2775,0.3098548559188843,90.0,0.294376017332077,90.55
2,GurobiEdit,AWP_C1Correct_1000,56,0.19976672599205195,94.38,0.34327716960906984,88.27,0.3266148513317108,88.99
2,GurobiEdit,AWP_C1Correct_1000,57,0.202487104283735,94.16,0.3251633451461792,88.85,0.3078009883880615,89.79
2,GurobiEdit,AWP_C1Correct_1000,58,0.20034916379962103,94.3325,0.32117840814590454,89.43,0.2947401390790939,90.34
2,GurobiEdit,AWP_C1Correct_1000,59,0.20545068340370068,94.17,0.32171291007995606,89.52,0.3125339638710022,90.03
2,GurobiEdit,AWP_C1Correct_1000,60,0.20246103482124522,94.1425,0.2932546085357666,90.43,0.2802590184211731,90.78
2,GurobiEdit,AWP_C1Correct_1000,61,0.20193740520804834,94.1575,0.32342978229522706,89.5,0.31037159030437467,90.14
2,GurobiEdit,AWP_C1Correct_1000,62,0.2021452837144605,94.255,0.3625463984489441,87.43,0.35699221930503844,87.83
2,GurobiEdit,AWP_C1Correct_1000,63,0.19722788345318631,94.3225,0.3027571290969849,90.16,0.2951063127040863,90.39
2,GurobiEdit,AWP_C1Correct_1000,64,0.2013585835028761,94.2425,0.31294584712982176,89.73,0.29558955981731416,90.28
2,GurobiEdit,AWP_C1Correct_1000,65,0.2027553512503545,94.2025,0.360891064453125,87.44,0.3389915026187897,88.65
2,GurobiEdit,AWP_C1Correct_1000,66,0.19742002273900822,94.395,0.3109363335609436,89.96,0.30243193521499634,90.0
2,GurobiEdit,AWP_C1Correct_1000,67,0.20149459570836717,94.2675,0.3150190104484558,89.95,0.29881971001625063,90.2
2,GurobiEdit,AWP_C1Correct_1000,68,0.20079504360501377,94.245,0.34461594104766846,88.63,0.3406537908554077,88.81
2,GurobiEdit,AWP_C1Correct_1000,69,0.19481709651863233,94.4125,0.35013424167633056,88.14,0.33081805431842803,88.77
2,GurobiEdit,AWP_C1Correct_1000,70,0.19960684553026772,94.3425,0.3293865789413452,88.68,0.31851437349319456,89.15
2,GurobiEdit,AWP_C1Correct_1000,71,0.20029125636378034,94.24,0.29359958963394167,90.17,0.27963447642326356,90.86
2,GurobiEdit,AWP_C1Correct_1000,72,0.19990842967939834,94.25,0.2935135099411011,90.6,0.2764000020027161,91.04
2,GurobiEdit,AWP_C1Correct_1000,73,0.20061994905765065,94.1625,0.2916026865005493,90.45,0.28049735441207885,91.01
2,GurobiEdit,AWP_C1Correct_1000,74,0.1972840372413492,94.4925,0.3416672082901001,88.3,0.3251309261083603,89.03
2,GurobiEdit,AWP_C1Correct_1000,75,0.19843465872942068,94.215,0.3153082061767578,89.67,0.30432357761859896,90.2
2,GurobiEdit,AWP_C1Correct_1000,76,0.1979639910804197,94.4425,0.3266426935195923,89.47,0.3093529366493225,89.95
2,GurobiEdit,AWP_C1Correct_1000,77,0.1959896469697023,94.5325,0.3522400923728943,88.5,0.3384445593357086,88.62
2,GurobiEdit,AWP_C1Correct_1000,78,0.20143759667206876,94.2375,0.3492748794555664,88.12,0.3403568949699402,88.32
2,GurobiEdit,AWP_C1Correct_1000,79,0.19778641196675956,94.405,0.36036303749084475,88.06,0.3513425956249237,88.41
2,GurobiEdit,AWP_C1Correct_1000,80,0.20224619280701628,94.245,0.3026492112159729,90.21,0.29881675860881807,90.23
2,GurobiEdit,AWP_C1Correct_1000,81,0.19808940201426467,94.395,0.30010344104766845,89.99,0.28105674645900725,91.2
2,GurobiEdit,AWP_C1Correct_1000,82,0.20008180042901358,94.26,0.33407480964660646,89.54,0.3246810603618622,89.45
2,GurobiEdit,AWP_C1Correct_1000,83,0.19931684789090112,94.395,0.3393558646202087,88.47,0.31772010893821717,89.47
2,GurobiEdit,AWP_C1Correct_1000,84,0.1974445394576548,94.46,0.3527597244262695,88.1,0.32289854221343994,89.16
2,GurobiEdit,AWP_C1Correct_1000,85,0.19772766789974877,94.44,0.31990170202255247,90.04,0.31190902733802794,89.8
2,GurobiEdit,AWP_C1Correct_1000,86,0.19512472377893642,94.4275,0.30572403717041013,89.74,0.29428037066459656,90.25
2,GurobiEdit,AWP_C1Correct_1000,87,0.1980339675998916,94.3375,0.33733620471954345,88.63,0.31754590272903443,89.21
2,GurobiEdit,AWP_C1Correct_1000,88,0.20007249579642908,94.32,0.36241689443588254,87.79,0.35549164388179777,88.21
2,GurobiEdit,AWP_C1Correct_1000,89,0.19484072435682956,94.5,0.3398452185630798,88.78,0.32830295658111575,89.45
2,GurobiEdit,AWP_C1Correct_1000,90,0.1992765526516369,94.3375,0.3728597346305847,87.68,0.3648900059938431,87.9
2,GurobiEdit,AWP_C1Correct_1000,91,0.19649039773038401,94.385,0.33395839986801146,88.84,0.32983669452667236,88.68
2,GurobiEdit,AWP_C1Correct_1000,92,0.1293903310863545,96.84,0.2043505928993225,93.45,0.19638532435894013,93.69
2,GurobiEdit,AWP_C1Correct_1000,93,0.09473072070949756,97.86,0.18745678944587707,93.9,0.1819007863521576,94.16
2,GurobiEdit,AWP_C1Correct_1000,94,0.08403032564650328,98.105,0.1845166702747345,94.03,0.17648469893932342,94.19
2,GurobiEdit,AWP_C1Correct_1000,95,0.0765413799748634,98.305,0.17829586143493653,94.16,0.17032911357879638,94.22
2,GurobiEdit,AWP_C1Correct_1000,96,0.07032076958507395,98.525,0.17746459321975708,94.14,0.17122357215881348,94.37
2,GurobiEdit,AWP_C1Correct_1000,97,0.06673893669899851,98.6175,0.17246064734458924,94.24,0.16359779150485992,94.67
2,GurobiEdit,AWP_C1Correct_1000,98,0.06294113349990722,98.715,0.17408821420669557,94.29,0.16853933098316193,94.62
2,GurobiEdit,AWP_C1Correct_1000,99,0.05846281648396303,98.8525,0.1729057421207428,94.41,0.16298897495269776,94.82
2,GurobiEdit,AWP_C1Correct_1000,100,0.05608860261666889,98.9375,0.17065575437545777,94.43,0.16488015921115876,94.59
1,GurobiEdit,AWP_C1Any_1000,1,0.20908247412869724,93.86,0.3010246299028397,90.19,0.3029000861883163,89.92
1,GurobiEdit,AWP_C1Any_1000,2,0.20914445131921922,93.8975,0.30542284767627714,89.83,0.30681739189624785,89.67
1,GurobiEdit,AWP_C1Any_1000,3,0.20987864986014443,93.8725,0.3469547059059143,88.23,0.34547724432945254,88.62
1,GurobiEdit,AWP_C1Any_1000,4,0.2124557195189662,93.885,0.33091137676239013,89.04,0.3351129520893097,88.88
1,GurobiEdit,AWP_C1Any_1000,5,0.2063333726824282,93.97,0.2924464281797409,90.72,0.30257491145133975,90.15
1,GurobiEdit,AWP_C1Any_1000,6,0.20909838840222586,93.995,0.2914970660209656,90.52,0.2862635275363922,90.76
1,GurobiEdit,AWP_C1Any_1000,7,0.20718620329524,93.94,0.2901669550418854,90.79,0.2883858259677887,90.76
1,GurobiEdit,AWP_C1Any_1000,8,0.21053140924666255,93.835,0.30823985493183137,89.87,0.3052328773021698,89.83
1,GurobiEdit,AWP_C1Any_1000,9,0.20785216565806264,93.995,0.3386703838825226,88.5,0.3260868906021118,89.42
1,GurobiEdit,AWP_C1Any_1000,10,0.20983914507273288,93.805,0.3068275279402733,90.19,0.3080733137130737,90.12
1,GurobiEdit,AWP_C1Any_1000,11,0.20692677455493055,94.0675,0.3149182644844055,89.63,0.316571719789505,89.54
1,GurobiEdit,AWP_C1Any_1000,12,0.2081319076565508,94.01,0.305799582695961,90.09,0.3039159375190735,89.97
1,GurobiEdit,AWP_C1Any_1000,13,0.21046151346958483,93.9425,0.30043701963424685,90.01,0.294723029756546,90.46
1,GurobiEdit,AWP_C1Any_1000,14,0.20278138345994126,94.2225,0.3009217943549156,90.34,0.29694380807876586,90.77
1,GurobiEdit,AWP_C1Any_1000,15,0.20930371316857993,93.9975,0.303147776222229,90.43,0.30268737683296204,90.78
1,GurobiEdit,AWP_C1Any_1000,16,0.20544504507566794,94.115,0.29246054203510286,90.44,0.2908838303089142,90.96
1,GurobiEdit,AWP_C1Any_1000,17,0.20137133108922087,94.2175,0.29740043349266054,90.59,0.2985460355758667,90.41
1,GurobiEdit,AWP_C1Any_1000,18,0.20676977984821454,94.0675,0.3405267911434174,88.64,0.3393267579078674,88.77
1,GurobiEdit,AWP_C1Any_1000,19,0.20326896014209753,94.0625,0.31407308971881864,89.38,0.3190682131290436,89.52
1,GurobiEdit,AWP_C1Any_1000,20,0.20551530909709656,94.18,0.33145655294656756,89.08,0.3293625583171845,89.2
1,GurobiEdit,AWP_C1Any_1000,21,0.20640143521201496,94.0725,0.30706504244804383,90.09,0.30470509843826293,89.92
1,GurobiEdit,AWP_C1Any_1000,22,0.2051906320995416,94.1325,0.317756667804718,89.44,0.3114820020198822,89.43
1,GurobiEdit,AWP_C1Any_1000,23,0.20283283663395876,94.155,0.3104390341281891,89.97,0.31245331468582155,89.72
1,GurobiEdit,AWP_C1Any_1000,24,0.20114195408722083,94.1675,0.29337670831680296,90.74,0.2942074240207672,90.61
1,GurobiEdit,AWP_C1Any_1000,25,0.20142454342148935,94.22,0.2972408334255219,90.13,0.29623518347740174,90.07
1,GurobiEdit,AWP_C1Any_1000,26,0.20175104633497354,94.2325,0.311167119884491,90.12,0.30617747859954836,89.9
1,GurobiEdit,AWP_C1Any_1000,27,0.20314891641132368,94.125,0.308889009308815,89.94,0.30739531755447386,90.07
1,GurobiEdit,AWP_C1Any_1000,28,0.20537248794167948,94.0825,0.3616085274219513,88.07,0.366562277173996,87.73
1,GurobiEdit,AWP_C1Any_1000,29,0.19951678919620788,94.3325,0.3019202964782715,89.99,0.2996897922039032,90.17
1,GurobiEdit,AWP_C1Any_1000,30,0.2041986004089395,94.1075,0.31831198740005495,89.48,0.32180868802070617,89.48
1,GurobiEdit,AWP_C1Any_1000,31,0.20424335587995882,94.16,0.3161302940368652,89.5,0.3182366206169128,89.14
1,GurobiEdit,AWP_C1Any_1000,32,0.20361288891623194,94.14,0.3036543550252914,90.4,0.3113673499584198,90.06
2,GurobiEdit,AWP_C1Any_1000,1,0.21970107927680396,93.61,0.32258857440948485,88.96,0.30761674687862395,89.91
2,GurobiEdit,AWP_C1Any_1000,2,0.22306407069245848,93.44,0.3273888446807861,88.91,0.31325662083625794,89.54
2,GurobiEdit,AWP_C1Any_1000,3,0.2217759178183711,93.485,0.36415093326568604,87.64,0.35177429127693177,87.95
2,GurobiEdit,AWP_C1Any_1000,4,0.218866619415367,93.6125,0.3416858705997467,88.87,0.339537256526947,88.75
2,GurobiEdit,AWP_C1Any_1000,5,0.21674888681013363,93.7,0.30209009771347045,90.01,0.2858727735042572,90.45
2,GurobiEdit,AWP_C1Any_1000,6,0.21927236515683488,93.5875,0.33594965286254885,88.87,0.32929507651329043,88.72
2,GurobiEdit,AWP_C1Any_1000,7,0.21565947322228465,93.7475,0.3562275266647339,88.22,0.34155550191402434,88.55
2,GurobiEdit,AWP_C1Any_1000,8,0.22165002462010794,93.645,0.31303312015533447,90.26,0.30353393263816836,90.45
2,GurobiEdit,AWP_C1Any_1000,9,0.2178694071194615,93.77,0.36210910148620606,87.91,0.34862617197036744,88.01
2,GurobiEdit,AWP_C1Any_1000,10,0.21746154105701385,93.655,0.3478034597396851,88.94,0.3270933171272278,89.72
2,GurobiEdit,AWP_C1Any_1000,11,0.21443322505623388,93.7625,0.32635888814926145,89.49,0.3185821536064148,89.43
2,GurobiEdit,AWP_C1Any_1000,12,0.2172620221734428,93.64,0.3329219568252563,88.9,0.32138050663471224,89.27
2,GurobiEdit,AWP_C1Any_1000,13,0.21238791987823602,93.9525,0.34600340490341186,88.82,0.3330680745124817,88.98
2,GurobiEdit,AWP_C1Any_1000,14,0.21379550822531454,93.8525,0.3194102603912354,89.34,0.30634423503875735,89.61
2,GurobiEdit,AWP_C1Any_1000,15,0.21159539543116054,93.835,0.3066077547073364,90.0,0.29702646901607516,90.21
2,GurobiEdit,AWP_C1Any_1000,16,0.21532112509964374,93.6375,0.33756941232681276,89.26,0.33859730968475343,89.02
2,GurobiEdit,AWP_C1Any_1000,17,0.20989294183520843,93.955,0.3120562307357788,89.36,0.3080065681934357,89.72
2,GurobiEdit,AWP_C1Any_1000,18,0.21443479541486826,93.7225,0.34271207246780394,88.66,0.32832944622039795,89.0
2,GurobiEdit,AWP_C1Any_1000,19,0.21798138301402997,93.6325,0.30671179351806643,90.08,0.2983779564857483,90.18
2,GurobiEdit,AWP_C1Any_1000,20,0.20945465317168555,93.8675,0.3103290412902832,89.8,0.2975330207109451,90.17
2,GurobiEdit,AWP_C1Any_1000,21,0.2157837892302309,93.8325,0.3092782992362976,89.56,0.3000032844543457,90.22
2,GurobiEdit,AWP_C1Any_1000,22,0.21271009990772882,93.74,0.3417023736000061,88.57,0.3324082032203674,89.16
2,GurobiEdit,AWP_C1Any_1000,23,0.21123426690840494,93.8575,0.3568502712249756,88.12,0.3343180512428284,89.2
2,GurobiEdit,AWP_C1Any_1000,24,0.211996688486669,93.92,0.3480080520629883,88.59,0.3263293545246124,89.37
2,GurobiEdit,AWP_C1Any_1000,25,0.20942986023407012,93.975,0.32899544019699095,89.21,0.31317308406829836,89.75
2,GurobiEdit,AWP_C1Any_1000,26,0.21383568337454964,93.77,0.33988171730041505,88.63,0.32972777457237246,89.13
2,GurobiEdit,AWP_C1Any_1000,27,0.2065744178411298,94.07,0.2978225196838379,89.75,0.2811543023109436,90.65
2,GurobiEdit,AWP_C1Any_1000,28,0.20957647911466348,93.955,0.34616718988418577,88.96,0.33580314259529115,89.1
2,GurobiEdit,AWP_C1Any_1000,29,0.2079404065974604,93.9825,0.3318193006515503,88.96,0.32021797950267794,89.45
2,GurobiEdit,AWP_C1Any_1000,30,0.20727834791040267,94.0425,0.37325615763664244,87.06,0.3603364705085754,87.46
2,GurobiEdit,AWP_C1Any_1000,31,0.2086987254528192,93.92,0.3874101791381836,86.87,0.3586588182926178,87.95
2,GurobiEdit,AWP_C1Any_1000,32,0.20812153616271462,93.975,0.3856013310432434,87.15,0.3641955617427826,88.26
2,GurobiEdit,AWP_C1Any_1000,33,0.20903564135011393,93.9475,0.3148940669059753,89.54,0.29742542300224306,90.4
2,GurobiEdit,AWP_C1Any_1000,34,0.20720339564088816,94.06,0.3023563220977783,90.02,0.2881991694450378,90.81
2,GurobiEdit,AWP_C1Any_1000,35,0.20761059381710456,94.15,0.34845625762939453,88.29,0.33453086371421814,89.09
2,GurobiEdit,AWP_C1Any_1000,36,0.20284203185250585,94.1625,0.3096105207443237,89.86,0.30327314896583557,90.05
2,GurobiEdit,AWP_C1Any_1000,37,0.20619768618394774,94.15,0.3319491401672363,89.2,0.3171108154296875,89.69
2,GurobiEdit,AWP_C1Any_1000,38,0.20945223258992735,93.9425,0.3454993728637695,88.65,0.3431841354131699,89.16
2,GurobiEdit,AWP_C1Any_1000,39,0.20566582232237623,94.0275,0.32752746982574465,89.17,0.31502701296806335,89.61
2,GurobiEdit,AWP_C1Any_1000,40,0.20712077753326763,94.0025,0.31011041183471677,89.94,0.29376575360298157,90.18
2,GurobiEdit,AWP_C1Any_1000,41,0.21044941698781217,93.94,0.3350529118061066,88.71,0.3225994348526001,89.13
2,GurobiEdit,AWP_C1Any_1000,42,0.20629851091593598,94.0475,0.29468127841949465,90.31,0.2834847238540649,90.77
2,GurobiEdit,AWP_C1Any_1000,43,0.20038097496992482,94.29,0.31938025970458983,89.55,0.30268247451782226,90.19
2,GurobiEdit,AWP_C1Any_1000,44,0.20231826379657172,94.17,0.3090490206718445,89.65,0.3028273973703384,90.14
2,GurobiEdit,AWP_C1Any_1000,45,0.20689411059069557,93.9125,0.33539268827438357,88.91,0.32077244696617124,89.42
2,GurobiEdit,AWP_C1Any_1000,46,0.20471474966302086,94.0875,0.33296032857894897,89.26,0.31995245242118836,89.73
2,GurobiEdit,AWP_C1Any_1000,47,0.2009903420084201,94.285,0.3491209345817566,88.53,0.32638647685050964,89.16
2,GurobiEdit,AWP_C1Any_1000,48,0.20772052751467251,93.995,0.3005294403076172,90.11,0.28502393369674683,90.66
2,GurobiEdit,AWP_C1Any_1000,49,0.2028245877819701,94.2,0.3816831756591797,87.23,0.3560813917160034,88.42
2,GurobiEdit,AWP_C1Any_1000,50,0.203783708234755,94.1275,0.3192286204338074,89.23,0.30436652669906616,90.24
2,GurobiEdit,AWP_C1Any_1000,51,0.2062517890867334,94.03,0.3239279896736145,89.4,0.3058001000404358,90.24
2,GurobiEdit,AWP_C1Any_1000,52,0.2029415515665048,94.2025,0.3036578030586243,89.71,0.2936451852321625,90.44
2,GurobiEdit,AWP_C1Any_1000,53,0.20211616603615948,94.2525,0.35112848348617554,88.12,0.3519373693466187,87.89
2,GurobiEdit,AWP_C1Any_1000,54,0.20120052276804043,94.275,0.32237715969085695,89.02,0.3007098916530609,89.7
2,GurobiEdit,AWP_C1Any_1000,55,0.20376280419076212,94.1575,0.3338296270370483,88.83,0.3301288971185684,89.22
2,GurobiEdit,AWP_C1Any_1000,56,0.20323327757394352,94.1725,0.34951816816329956,88.03,0.3345564559459686,88.36
2,GurobiEdit,AWP_C1Any_1000,57,0.2019046510751255,94.27,0.31826925115585325,89.23,0.3122354847431183,89.97
2,GurobiEdit,AWP_C1Any_1000,58,0.2054115383626935,94.0975,0.3665925799369812,87.65,0.3455995307922363,88.72
2,GurobiEdit,AWP_C1Any_1000,59,0.19721671291433585,94.4425,0.32413154830932617,89.3,0.315145339179039,89.67
2,GurobiEdit,AWP_C1Any_1000,60,0.2030673977761223,94.165,0.32685678396224976,89.51,0.3194389991760254,89.56
2,GurobiEdit,AWP_C1Any_1000,61,0.19985027992115995,94.335,0.3186176398277283,89.38,0.3045547610759735,89.9
2,GurobiEdit,AWP_C1Any_1000,62,0.20325558346966965,94.0925,0.3176185228347778,89.9,0.30923723154067995,89.98
2,GurobiEdit,AWP_C1Any_1000,63,0.1991611201875507,94.25,0.3208485767364502,89.58,0.30517110574245454,90.24
2,GurobiEdit,AWP_C1Any_1000,64,0.20246216511954895,94.275,0.34772926902770995,88.72,0.32239035029411317,89.56
2,GurobiEdit,AWP_C1Any_1000,65,0.20280439154313396,94.2025,0.35599051151275635,88.22,0.35234444971084594,88.43
2,GurobiEdit,AWP_C1Any_1000,66,0.19952204171270607,94.2,0.31724624853134153,89.67,0.30371983058452606,89.8
2,GurobiEdit,AWP_C1Any_1000,67,0.20569771656784386,94.245,0.3320812574386597,88.86,0.31050625743865967,89.95
3,GurobiEdit,AWP_C10Correct_1000,1,0.2180451413931938,93.6375,0.3073146861553192,90.14,0.31622786297798156,89.35
3,GurobiEdit,AWP_C10Correct_1000,2,0.22058122638410654,93.5175,0.3082125635147095,89.92,0.31616654300689695,89.7
3,GurobiEdit,AWP_C10Correct_1000,3,0.215006555493076,93.7175,0.2982107646465301,90.37,0.3127820084095001,89.73
3,GurobiEdit,AWP_C10Correct_1000,4,0.21487450271178357,93.7275,0.28460997121334075,90.78,0.29449059534072874,90.36
3,GurobiEdit,AWP_C10Correct_1000,5,0.21441602987793687,93.7125,0.34407036333084107,88.35,0.35117776422500613,88.09
3,GurobiEdit,AWP_C10Correct_1000,6,0.21769883900214307,93.62,0.3130163830280304,89.4,0.32180712714195253,89.59
3,GurobiEdit,AWP_C10Correct_1000,7,0.21537032968605668,93.8275,0.29577108287811277,90.45,0.29978453578948977,90.71
3,GurobiEdit,AWP_C10Correct_1000,8,0.2091730968497051,93.94,0.3221894349575043,89.36,0.3304308299064636,88.95
3,GurobiEdit,AWP_C10Correct_1000,9,0.21265088350247272,93.875,0.31272421855926513,90.05,0.3216236649990082,89.33
3,GurobiEdit,AWP_C10Correct_1000,10,0.21420953363275375,93.81,0.3028009974479675,89.94,0.3030871939897537,89.97
3,GurobiEdit,AWP_C10Correct_1000,11,0.2143326679500528,93.7675,0.3224160058021545,89.41,0.329338626408577,89.15
3,GurobiEdit,AWP_C10Correct_1000,12,0.2132715615220725,93.8225,0.31347976694107055,89.63,0.32088303203582763,89.28
3,GurobiEdit,AWP_C10Correct_1000,13,0.2118849359190883,93.8025,0.29225224633216856,90.58,0.3022007891654968,90.35
3,GurobiEdit,AWP_C10Correct_1000,14,0.2122831439581542,93.8175,0.3197779706478119,89.37,0.3160555830001831,89.8
3,GurobiEdit,AWP_C10Correct_1000,15,0.2120627165078736,93.925,0.31123259539604187,90.01,0.3209549721717834,89.59
3,GurobiEdit,AWP_C10Correct_1000,16,0.21248540120383802,93.845,0.311573363494873,89.87,0.31955501232147215,89.33
3,GurobiEdit,AWP_C10Correct_1000,17,0.2076499323827771,93.965,0.28217963519096373,91.11,0.28707079095840454,90.47
3,GurobiEdit,AWP_C10Correct_1000,18,0.21110589140520308,93.8875,0.3090741194725037,89.84,0.3133080216407776,89.86
3,GurobiEdit,AWP_C10Correct_1000,19,0.21250278524126107,93.87,0.3077909507751465,89.82,0.31297346754074096,89.96
3,GurobiEdit,AWP_C10Correct_1000,20,0.21318306866735695,93.8825,0.2976881911277771,90.58,0.2962438202857971,90.57
3,GurobiEdit,AWP_C10Correct_1000,21,0.2058160329065003,94.02,0.29428619260787964,90.68,0.30379973905086516,89.91
3,GurobiEdit,AWP_C10Correct_1000,22,0.20670981091051438,94.0625,0.3115867956638336,89.86,0.3217328272342682,89.48
3,GurobiEdit,AWP_C10Correct_1000,23,0.20756608747636168,94.0075,0.35834154415130615,87.87,0.36013006720542906,87.83
3,GurobiEdit,AWP_C10Correct_1000,24,0.20923779831050685,93.9475,0.35209367780685424,88.6,0.34869940860271453,88.05
3,GurobiEdit,AWP_C10Correct_1000,25,0.2082438893354358,94.035,0.35316989312171937,87.84,0.35765524621009825,87.53
3,GurobiEdit,AWP_C10Correct_1000,26,0.20945629022848872,94.015,0.2851688839435577,90.84,0.2873503518104553,90.74
3,GurobiEdit,AWP_C10Correct_1000,27,0.2079858689928969,94.0925,0.29787690744400025,90.38,0.3008960503101349,90.43
3,GurobiEdit,AWP_C10Correct_1000,28,0.20715092201107227,94.085,0.30169000549316405,90.32,0.3089925096035004,89.95
3,GurobiEdit,AWP_C10Correct_1000,29,0.20821057845609256,94.1025,0.28805601768493655,91.18,0.30071002774238587,90.05
3,GurobiEdit,AWP_C10Correct_1000,30,0.20362038072496177,93.965,0.3104169467449188,89.41,0.3136747743606567,89.38
3,GurobiEdit,AWP_C10Correct_1000,31,0.2096758417951794,93.9325,0.3030586205005646,90.08,0.3051886471748352,89.74
3,GurobiEdit,AWP_C10Correct_1000,32,0.20748334011425987,94.0075,0.3059145235538483,90.23,0.3118403396129608,89.73
3,GurobiEdit,AWP_C10Correct_1000,33,0.20905481488369523,93.9875,0.2995406383037567,90.32,0.30799326362609863,90.18
3,GurobiEdit,AWP_C10Correct_1000,34,0.2021488737279234,94.4075,0.3255029625415802,89.36,0.32649255261421206,89.15
3,GurobiEdit,AWP_C10Correct_1000,35,0.20776621192788924,94.0825,0.3002982454776764,90.24,0.3061105828285217,90.2
3,GurobiEdit,AWP_C10Correct_1000,36,0.21073000380596796,93.8775,0.3266234801292419,89.34,0.33691875002384186,89.03
3,GurobiEdit,AWP_C10Correct_1000,37,0.20781408771634483,94.0675,0.3232727256298065,88.8,0.3313846257686615,88.26
3,GurobiEdit,AWP_C10Correct_1000,38,0.20421318543223907,94.215,0.32911657457351684,89.17,0.3351798832893372,89.0
3,GurobiEdit,AWP_C10Correct_1000,39,0.20779451458884504,93.9175,0.34038900332450867,88.19,0.345015775847435,88.28
3,GurobiEdit,AWP_C10Correct_1000,40,0.2086286587646594,93.995,0.29640774331092834,90.21,0.299320218873024,90.53
3,GurobiEdit,AWP_C10Correct_1000,41,0.20753305129254587,93.915,0.278021463060379,91.27,0.29499816253185274,90.46
3,GurobiEdit,AWP_C10Correct_1000,42,0.20095890877060235,94.1775,0.31244028282165526,89.82,0.31676793384552004,89.4
3,GurobiEdit,AWP_C10Correct_1000,43,0.20250522799956533,94.27,0.29839187083244323,90.36,0.305141455745697,89.95
3,GurobiEdit,AWP_C10Correct_1000,44,0.2048335097277888,94.1025,0.3039388641834259,90.18,0.30856474652290344,89.95
3,GurobiEdit,AWP_C10Correct_1000,45,0.20256745546294477,94.2575,0.3039674192905426,90.16,0.31122194311618806,89.64
3,GurobiEdit,AWP_C10Correct_1000,46,0.20460530220510098,94.0675,0.39954927434921267,86.62,0.38856125230789185,87.06
3,GurobiEdit,AWP_C10Correct_1000,47,0.2050027728033142,94.115,0.3413722201824188,88.91,0.33730012073516846,88.97
3,GurobiEdit,AWP_C10Correct_1000,48,0.20627158570784732,93.97,0.2836737202167511,91.23,0.2876922563076019,91.43
3,GurobiEdit,AWP_C10Correct_1000,49,0.20234116459616458,94.2725,0.32348538341522215,89.24,0.3226483682870865,89.32
3,GurobiEdit,AWP_C10Correct_1000,50,0.2047281932240477,94.245,0.3078000794410706,89.88,0.3145117008686066,90.16
3,GurobiEdit,AWP_C10Correct_1000,51,0.20122514129541932,94.2,0.29206004648208617,90.49,0.29641049976348877,90.47
3,GurobiEdit,AWP_C10Correct_1000,52,0.20422511671583493,94.1275,0.2938412428855896,90.84,0.2906811836242676,90.68
3,GurobiEdit,AWP_C10Correct_1000,53,0.2019079148102873,94.2275,0.30857296352386476,89.72,0.3039067529678345,89.83
3,GurobiEdit,AWP_C10Correct_1000,54,0.1993365085210663,94.28,0.2771298991203308,91.1,0.2801426522254944,90.96
3,GurobiEdit,AWP_C10Correct_1000,55,0.20611002736579115,94.1125,0.3465604251861572,88.44,0.35566038675308226,88.28
3,GurobiEdit,AWP_C10Correct_1000,56,0.20522789733288005,94.0775,0.32021720495224,89.43,0.3215268132686615,89.5
3,GurobiEdit,AWP_C10Correct_1000,57,0.20175915004346318,94.3525,0.2921625883102417,90.74,0.29213248071670533,90.46
3,GurobiEdit,AWP_C10Correct_1000,58,0.20073706025894458,94.1925,0.285576850605011,90.54,0.2924699319839478,90.66
3,GurobiEdit,AWP_C10Correct_1000,59,0.20415932742265847,94.1075,0.284920697927475,90.79,0.29297017712593076,90.86
3,GurobiEdit,AWP_C10Correct_1000,60,0.19958352316587497,94.27,0.2923543393135071,90.47,0.290881308722496,90.59
3,GurobiEdit,AWP_C10Correct_1000,61,0.2058347848752817,94.02,0.3292116648197174,89.45,0.3407491418361664,88.7
3,GurobiEdit,AWP_C10Correct_1000,62,0.20186975588813758,94.18,0.3586959419727325,87.76,0.3671431231021881,87.56
3,GurobiEdit,AWP_C10Correct_1000,63,0.19780383961269268,94.3575,0.28548716838359833,90.96,0.2829535348892212,90.95
3,GurobiEdit,AWP_C10Correct_1000,64,0.20285420095958648,94.1825,0.30470469732284544,90.29,0.3152807392477989,89.87
3,GurobiEdit,AWP_C10Correct_1000,65,0.19935511819089943,94.3175,0.30522748575210573,90.12,0.3053283729314804,90.2
3,GurobiEdit,AWP_C10Correct_1000,66,0.2049302000540514,94.0925,0.32137641515731813,89.98,0.3228752522706985,89.9
3,GurobiEdit,AWP_C10Correct_1000,67,0.19902386264012645,94.2525,0.3053740666389465,89.58,0.3069959657073021,89.81
3,GurobiEdit,AWP_C10Correct_1000,68,0.20195859782516765,94.2275,0.29067640643119813,90.45,0.29577413341999054,90.18
3,GurobiEdit,AWP_C10Correct_1000,69,0.20090771909243763,94.215,0.3085837507724762,90.2,0.30808609409332277,90.15
3,GurobiEdit,AWP_C10Correct_1000,70,0.1999955806916895,94.2625,0.28537095131874085,90.77,0.292842179441452,90.33
3,GurobiEdit,AWP_C10Correct_1000,71,0.2021706114038111,94.19,0.2800667376995087,90.67,0.28357121438980104,91.01
3,GurobiEdit,AWP_C10Correct_1000,72,0.1995385706234283,94.4175,0.29878153171539307,90.03,0.31907036945819856,89.37
3,GurobiEdit,AWP_C10Correct_1000,73,0.12663221084319365,96.9525,0.18150273983478546,94.49,0.19192497408390044,93.89
3,GurobiEdit,AWP_C10Correct_1000,74,0.09356463837404601,97.7675,0.1687153177499771,94.74,0.17899354765415193,94.12
3,GurobiEdit,AWP_C10Correct_1000,75,0.08462868974850582,98.035,0.1681871381998062,94.66,0.1753102709889412,94.24
3,GurobiEdit,AWP_C10Correct_1000,76,0.07732021333739018,98.2775,0.163362522482872,94.8,0.16899158489704133,94.5
3,GurobiEdit,AWP_C10Correct_1000,77,0.07288735243268668,98.4025,0.16188345062732695,94.88,0.17006437828540802,94.52
3,GurobiEdit,AWP_C10Correct_1000,78,0.06735105450732258,98.565,0.15871936056613922,94.84,0.16739129158258437,94.45
3,GurobiEdit,AWP_C10Correct_1000,79,0.06342865751026727,98.7525,0.1584996860265732,94.74,0.1632247913837433,94.52
3,GurobiEdit,AWP_C10Correct_1000,80,0.05979503569797205,98.76,0.16017901051044464,94.75,0.1627866415977478,94.7
3,GurobiEdit,AWP_C10Correct_1000,81,0.0559919875757858,98.9125,0.15593445501327516,94.86,0.16447281998395918,94.41
3,GurobiEdit,AWP_C10Correct_1000,82,0.0541985142833223,98.965,0.1562490781545639,94.76,0.16158475816249848,94.55
3,GurobiEdit,AWP_C10Correct_1000,83,0.051142368656092174,99.055,0.15351266238689423,94.98,0.16027124779224397,94.58
3,GurobiEdit,AWP_C10Correct_1000,84,0.0488002099418126,99.135,0.15662915663719176,94.83,0.15843983452320098,94.93
3,GurobiEdit,AWP_C10Correct_1000,85,0.046444449990321275,99.1475,0.15046486945152282,95.04,0.1528793731212616,94.96
3,GurobiEdit,AWP_C10Correct_1000,86,0.043444123250036576,99.2675,0.1498608291745186,94.98,0.15626112146377563,94.95
3,GurobiEdit,AWP_C10Correct_1000,87,0.042896414059586226,99.2775,0.15385880912542343,94.95,0.1534801270365715,94.91
3,GurobiEdit,AWP_C10Correct_1000,88,0.041450149727800784,99.3075,0.14882097862958907,94.91,0.15227151370048522,94.86
3,GurobiEdit,AWP_C10Correct_1000,89,0.03967686086155165,99.3025,0.14986533789634704,95.05,0.1552682674407959,94.83
3,GurobiEdit,AWP_C10Correct_1000,90,0.03830347133104127,99.3925,0.15132215020656586,95.06,0.15172034213542937,95.03
3,GurobiEdit,AWP_C10Correct_1000,91,0.03678224906444359,99.4275,0.1511380273103714,95.04,0.1546277821302414,94.96
3,GurobiEdit,AWP_C10Correct_1000,92,0.03505410129031815,99.455,0.14871961507201195,94.92,0.1507853581905365,95.07
3,GurobiEdit,AWP_C10Correct_1000,93,0.03334014603909784,99.5175,0.147113059258461,95.15,0.14823385379314422,95.12
3,GurobiEdit,AWP_C10Correct_1000,94,0.032101997236807504,99.5275,0.15072225342988968,95.09,0.1544827999353409,94.84
3,GurobiEdit,AWP_C10Correct_1000,95,0.03251984391135339,99.52,0.14967760986089707,94.98,0.15395208603143692,94.94
3,GurobiEdit,AWP_C10Correct_1000,96,0.0302470218741332,99.5875,0.14938757433891298,95.14,0.15161836836338044,94.96
3,GurobiEdit,AWP_C10Correct_1000,97,0.029330411143362902,99.5625,0.1474957426071167,95.19,0.15141541767120362,94.73
3,GurobiEdit,AWP_C10Correct_1000,98,0.028743452455003423,99.56,0.14816640825271607,95.21,0.15483037350177764,94.9
3,GurobiEdit,AWP_C10Correct_1000,99,0.02725127479805352,99.65,0.14923300659656524,94.97,0.15513246767520905,94.87
3,GurobiEdit,AWP_C10Correct_1000,100,0.027018395085899403,99.64,0.15039208030700685,95.09,0.1536084404706955,94.76
3,GurobiEdit,AWP_C1Correct_1000,1,0.21401960005204138,93.7325,0.36241219425201415,88.0,0.35765489859580996,87.76
3,GurobiEdit,AWP_C1Correct_1000,2,0.21734112446395734,93.69,0.3304815227985382,89.17,0.3325617437839508,89.02
3,GurobiEdit,AWP_C1Correct_1000,3,0.21513521756988746,93.67,0.3227912138462067,90.42,0.33485369749069216,89.6
3,GurobiEdit,AWP_C1Correct_1000,4,0.2129465003078357,93.8375,0.3145721067905426,89.91,0.3206938067436218,89.68
3,GurobiEdit,AWP_C1Correct_1000,5,0.21146651547842513,93.915,0.29772315692901613,90.55,0.303246315574646,90.23
3,GurobiEdit,AWP_C1Correct_1000,6,0.2153533766397272,93.72,0.3043840489387512,90.1,0.3124687352180481,89.77
3,GurobiEdit,AWP_C1Correct_1000,7,0.21066985529261276,93.8475,0.3027594738960266,90.15,0.3142728370666504,89.82
3,GurobiEdit,AWP_C1Correct_1000,8,0.21652743432182855,93.68,0.2893704442024231,90.45,0.28996292629241943,90.46
3,GurobiEdit,AWP_C1Correct_1000,9,0.214004988606555,93.82,0.31504358806610105,89.57,0.3164050741672516,89.59
3,GurobiEdit,AWP_C1Correct_1000,10,0.21294555705957138,93.8675,0.32564977655410765,89.31,0.32257895231246947,89.18
3,GurobiEdit,AWP_C1Correct_1000,11,0.21332716553832015,93.895,0.29801076288223266,90.26,0.2961356534481049,90.35
3,GurobiEdit,AWP_C1Correct_1000,12,0.21158024887688243,93.9,0.2965431844234467,90.61,0.30045518243312835,90.56
3,GurobiEdit,AWP_C1Correct_1000,13,0.21306312541230418,93.86,0.29173449277877805,90.43,0.3035335582733154,90.18
3,GurobiEdit,AWP_C1Correct_1000,14,0.21457709174472303,93.82,0.3199019391059876,89.98,0.3354185534000397,89.72
3,GurobiEdit,AWP_C1Correct_1000,15,0.21565993277790446,93.715,0.3272026546001434,89.05,0.3286390104293823,88.54
3,GurobiEdit,AWP_C1Correct_1000,16,0.2152699962877237,93.685,0.3326099549293518,89.31,0.33084404911994936,89.22
3,GurobiEdit,AWP_C1Correct_1000,17,0.21487315349018993,93.81,0.3500350112438202,88.62,0.3538255969047546,88.67
3,GurobiEdit,AWP_C1Correct_1000,18,0.20944252736366595,93.8925,0.3096298171043396,89.92,0.3164537276268005,89.67
3,GurobiEdit,AWP_C1Correct_1000,19,0.21211457916627677,93.8375,0.3041167268276215,89.87,0.3124204614162445,89.71
3,GurobiEdit,AWP_C1Correct_1000,20,0.2113803053340211,94.0025,0.3218959202766418,89.89,0.31739277560710905,89.69
3,GurobiEdit,AWP_C1Correct_1000,21,0.2080172399600474,94.125,0.2723775895833969,91.43,0.2789742646694183,91.23
3,GurobiEdit,AWP_C1Correct_1000,22,0.21257091218385452,93.83,0.30143332052230837,90.32,0.30964826278686525,90.21
3,GurobiEdit,AWP_C1Correct_1000,23,0.20976342944005807,93.9525,0.2904953300476074,90.58,0.30627796082496644,90.11
3,GurobiEdit,AWP_C1Correct_1000,24,0.21071253793117717,93.96,0.3044808671951294,89.83,0.31313376984596253,89.84
3,GurobiEdit,AWP_C1Correct_1000,25,0.21160829907503373,93.87,0.29017164607048035,90.79,0.30599251770973207,90.19
3,GurobiEdit,AWP_C1Correct_1000,26,0.2047830902206631,94.145,0.2961025800704956,90.23,0.29869626529216764,90.58
3,GurobiEdit,AWP_C1Correct_1000,27,0.20787654557643226,93.9925,0.3269025692939758,89.26,0.3301202767372131,89.15
3,GurobiEdit,AWP_C1Correct_1000,28,0.204703412521571,94.1675,0.30842355241775515,89.82,0.3122989460945129,90.1
3,GurobiEdit,AWP_C1Correct_1000,29,0.20752669092470083,94.0725,0.2941148798942566,90.53,0.31146175165176393,89.76
3,GurobiEdit,AWP_C1Correct_1000,30,0.20621466255797366,94.0575,0.3174324233531952,89.98,0.3197979083061218,89.68
3,GurobiEdit,AWP_C1Correct_1000,31,0.20872301622606315,93.9025,0.2855703523635864,91.16,0.2896098407506943,90.74
3,GurobiEdit,AWP_C1Correct_1000,32,0.2026679465136589,94.175,0.29492928223609927,90.28,0.3009793249607086,90.73
3,GurobiEdit,AWP_C1Correct_1000,33,0.20786655106293128,93.9875,0.30965191040039064,90.06,0.31387850954532626,89.84
3,GurobiEdit,AWP_C1Correct_1000,34,0.20381221820276005,94.2725,0.3525471298217773,88.13,0.35883856854438784,88.09
3,GurobiEdit,AWP_C1Correct_1000,35,0.2059351228439389,94.0375,0.3428443507194519,88.71,0.3510714241027832,88.46
3,GurobiEdit,AWP_C1Correct_1000,36,0.20611557866723393,93.975,0.307054324054718,89.84,0.31608145537376403,89.88
3,GurobiEdit,AWP_C1Correct_1000,37,0.20571894574755678,94.0775,0.2725265555381775,91.57,0.28217353649139404,90.97
3,GurobiEdit,AWP_C1Correct_1000,38,0.21047390102387997,93.8825,0.2929358151435852,90.55,0.30007946813106534,90.55
3,GurobiEdit,AWP_C1Correct_1000,39,0.204389937840902,94.155,0.2856183963298798,91.01,0.29138070011138917,90.65
3,GurobiEdit,AWP_C1Correct_1000,40,0.20745970718205548,94.09,0.302957105255127,89.95,0.30582428739070894,89.87
3,GurobiEdit,AWP_C1Correct_1000,41,0.2082479856313227,94.1275,0.32466908659934995,89.36,0.33040159957408904,88.76
3,GurobiEdit,AWP_C1Correct_1000,42,0.2035151610073571,94.1225,0.30729152688980105,90.31,0.31379883518218993,89.7
3,GurobiEdit,AWP_C1Correct_1000,43,0.20784002528213463,93.9675,0.30280866518020627,90.28,0.3158371898651123,89.49
3,GurobiEdit,AWP_C1Correct_1000,44,0.2074962124799768,94.1125,0.2879610106945038,90.75,0.29616597180366516,90.4
3,GurobiEdit,AWP_C1Correct_1000,45,0.2039868972552851,94.2225,0.297324955534935,90.4,0.28994529166221616,90.68
3,GurobiEdit,AWP_C1Correct_1000,46,0.20101394197240044,94.13,0.31683279356956484,89.67,0.3239345051765442,89.25
