Run,Phase,TrainingType,Epoch,Train_loss,Train_acc,Val_loss,Val_acc,Test_loss,Test_acc
1,Train,AWP,1,2.975701825660572,23.793677204658902,2.7777023633321125,36.44444444444444,2.76721102306305,37.65541740674956
1,Train,AWP,2,2.3823477991840294,39.93344425956739,2.286736711131202,40.44444444444444,2.26837912164827,44.227353463587924
1,Train,AWP,3,2.0888632807815286,45.09151414309484,2.073264194859399,46.888888888888886,2.0978239196655384,45.648312611012436
1,Train,AWP,4,1.8588909140804357,50.91514143094842,1.9038198841942682,52.44444444444444,1.904308477049399,53.46358792184725
1,Train,AWP,5,1.697537896925943,56.18413754853023,1.7217112889554766,56.22222222222222,1.7300491523573285,55.06216696269982
1,Train,AWP,6,1.5391586705258018,61.17581808097615,1.5995871048503452,57.77777777777778,1.6104294080717314,58.43694493783304
1,Train,AWP,7,1.3972921695625573,64.83638380476982,1.5394728133413527,56.666666666666664,1.5208934158033842,58.792184724689164
1,Train,AWP,8,1.2844420713290834,67.16583471991126,1.4402060715357463,62.888888888888886,1.4461358626824712,62.52220248667851
1,Train,AWP,9,1.1541651571006106,69.2179700499168,1.3751191972361672,63.111111111111114,1.374265856683572,62.87744227353463
1,Train,AWP,10,1.080824891726176,71.43649473100388,1.306318032476637,63.55555555555556,1.3160132940454974,65.18650088809947
1,Train,AWP,11,0.9881373236053869,74.20965058236273,1.2305086544487212,67.33333333333333,1.2319952823340787,67.85079928952042
1,Train,AWP,12,0.9083417758607027,77.26012201885746,1.1912145679195723,67.55555555555556,1.1801636606507784,68.9165186500888
1,Train,AWP,13,0.8384499769461783,77.87021630615641,1.1542227928506004,67.77777777777777,1.182996303531247,67.14031971580818
1,Train,AWP,14,0.7711939738507856,79.97781475318912,1.123484172075987,68.88888888888889,1.1413821718832529,70.15985790408526
1,Train,AWP,15,0.7258707577722114,82.52911813643927,1.1034063495778375,69.11111111111111,1.0962062769207184,72.11367673179396
1,Train,AWP,16,0.645531755267528,84.69217970049917,1.102961926145686,72.22222222222223,1.0782994703120068,72.11367673179396
1,Train,AWP,17,0.5953589683039147,84.636716583472,1.0661006418450012,71.55555555555556,1.0532140287158755,73.17939609236234
1,Train,AWP,18,0.5641201739771324,85.96783139212424,1.0307881777154075,70.66666666666667,1.0323874579864962,71.9360568383659
1,Train,AWP,19,0.5210948685805002,88.35274542429285,1.0064348747001755,71.77777777777777,1.0249705890567433,73.17939609236234
1,Train,AWP,20,0.5062106680451778,88.13089295618414,1.0199459786050848,72.88888888888889,1.017206922305837,75.66607460035524
1,Train,AWP,21,0.449484838989743,90.23849140321686,0.9759050950407981,72.22222222222223,0.9947623336293981,74.60035523978685
1,Train,AWP,22,0.41774773205581467,90.8485856905158,0.9856239111473163,72.44444444444444,1.0013857258361356,73.53463587921847
1,Train,AWP,23,0.3884283212716119,91.68053244592346,0.9817518941892518,73.55555555555556,0.9718804217570628,74.06749555950266
1,Train,AWP,24,0.35154304601121367,92.51247920133112,0.949171934136086,75.33333333333333,0.9559899234009467,75.31083481349911
1,Train,AWP,25,0.3307205543183444,92.67886855241265,0.947529161390331,74.44444444444444,0.9434614452545004,75.13321492007105
1,Train,AWP,26,0.3008370245235008,93.89905712701054,0.9474927642693122,73.77777777777777,0.9214809853484321,76.19893428063943
1,Train,AWP,27,0.28499005970201996,94.28729894620078,0.9419595287574662,74.22222222222223,0.943149488942026,74.24511545293073
1,Train,AWP,28,0.2512103121793061,95.06378258458125,0.9374025859269831,74.0,0.9274506611256574,75.66607460035524
1,Train,AWP,29,0.22474857785722666,95.78480310593456,0.9109226497345501,75.11111111111111,0.9409682799401969,74.60035523978685
1,Train,AWP,30,0.2052821956182781,95.50748752079866,0.927305983354648,75.33333333333333,0.9158926973546165,76.73179396092362
1,Train,AWP,31,0.18753209997687423,96.50582362728785,0.9092771708634164,75.55555555555556,0.8972433448684787,76.73179396092362
1,Train,AWP,32,0.17572084239177538,96.67221297836939,0.9221283819278081,75.55555555555556,0.8942111304979341,78.68561278863233
1,Train,AWP,33,0.15534427317610958,97.22684414864115,0.9287387581293781,75.33333333333333,0.9147450593606193,76.02131438721136
1,Train,AWP,34,0.14146759942696804,98.00332778702163,0.9119731912761927,75.77777777777777,0.9044135889405679,77.26465364120781
1,Train,AWP,35,0.128775684914568,98.00332778702163,0.9032219414578544,76.44444444444444,0.9033685672770173,77.26465364120781
1,Train,AWP,36,0.12487594972838435,98.33610648918469,0.9252290750874413,74.44444444444444,0.9041911297962466,76.90941385435168
1,Train,AWP,37,0.11159966372999183,98.39156960621187,0.8939775637206104,76.0,0.8849560907424873,76.3765541740675
1,Train,AWP,38,0.1054134914945615,98.44703272323905,0.8934071131050587,77.11111111111111,0.9002994292582754,76.3765541740675
1,Train,AWP,39,0.09424823538906742,98.50249584026622,0.8646092091831896,77.33333333333333,0.8666930361708781,78.86323268206039
1,Train,AWP,40,0.08454812082805131,98.7798114254021,0.9503701651096343,75.55555555555556,0.8840191417223183,76.3765541740675
1,Train,AWP,41,0.07900099753679936,98.89073765945646,0.9144898292753432,76.66666666666667,0.8716050166219843,76.90941385435168
1,Train,AWP,42,0.07537947997058693,98.89073765945646,0.9130261554072301,76.0,0.8676229461259994,77.797513321492
1,Train,AWP,43,0.07020717841295297,98.94620077648364,0.896551901259356,75.33333333333333,0.8786367237250292,77.97513321492008
1,Train,AWP,44,0.06444251022644733,99.00166389351081,0.9139420989880132,76.0,0.8854528568142472,77.26465364120781
1,Train,AWP,45,0.06214860161733732,99.22351636161952,0.8968387265917328,76.88888888888889,0.8716357057090339,77.61989342806395
1,Train,AWP,46,0.05625169014296772,99.057127010538,0.883810827297469,76.66666666666667,0.8790757493058065,77.797513321492
1,Train,AWP,47,0.05315260623434657,99.11259012756517,0.8941083418660694,76.66666666666667,0.8774462209925135,77.26465364120781
1,Train,AWP,48,0.056742082644057903,99.11259012756517,0.8807827237662342,76.88888888888889,0.8654026265254453,76.90941385435168
1,Train,AWP,49,0.050727323424724635,99.057127010538,0.8852703432573212,76.66666666666667,0.8815131414000137,76.02131438721136
1,Train,AWP,50,0.04576138474798778,99.057127010538,0.8759445982488493,77.55555555555556,0.8588232477435422,76.55417406749557
1,Train,AWP,51,0.04524281691236977,99.2789794786467,0.8878184631239209,77.77777777777777,0.8812384160754947,77.08703374777976
1,Train,AWP,52,0.04449044772538177,99.22351636161952,0.898353806036628,77.11111111111111,0.8722448450633942,79.04085257548846
1,Train,AWP,53,0.04182175568125227,99.16805324459234,0.9234707677033213,75.77777777777777,0.8853561090533729,76.3765541740675
1,Train,AWP,54,0.037511013154136505,99.50083194675541,0.9072953902950718,76.0,0.8590910263213976,78.68561278863233
1,Train,AWP,55,0.039787081674787034,99.2789794786467,0.8995428711093134,77.33333333333333,0.8819884684327229,77.44227353463587
1,Train,AWP,56,0.03718093986083802,99.33444259567388,0.8809226787214478,76.44444444444444,0.8475090557474438,77.797513321492
1,Train,AWP,57,0.03438582745168293,99.16805324459234,0.9140224072751072,76.88888888888889,0.8660085732729355,78.15275310834814
1,Train,AWP,58,0.032913360793731715,99.33444259567388,0.8900047338712547,76.66666666666667,0.8610107578985644,77.26465364120781
1,Train,AWP,59,0.034643355422048716,99.11259012756517,0.9027288572386735,77.33333333333333,0.869596193145901,77.97513321492008
1,Train,AWP,60,0.03175107286752839,99.2789794786467,0.8858726988360286,76.88888888888889,0.8490819429207864,77.97513321492008
1,Train,AWP,61,0.030269951935400042,99.50083194675541,0.8898644804499215,76.22222222222223,0.8692261994837868,77.797513321492
1,Train,AWP,62,0.0284035872390265,99.33444259567388,0.8756882097447912,78.0,0.8372229140774606,77.97513321492008
1,Train,AWP,63,0.029433956524978083,99.057127010538,0.9109273166509552,77.33333333333333,0.8692830883588503,76.73179396092362
1,Train,AWP,64,0.02712800810440329,99.22351636161952,0.8994021423678431,77.55555555555556,0.8668224457949135,78.15275310834814
2,Train,AWP,1,3.0072249696965803,20.74320576816417,2.7579687950346203,30.88888888888889,2.7625534365062814,32.682060390763766
2,Train,AWP,2,2.6276996052056028,32.66777592900721,2.5367215220133463,33.333333333333336,2.5394705544568295,33.747779751332146
2,Train,AWP,3,2.2661737266339754,41.76372712146423,2.2760168504714966,38.44444444444444,2.2790399918971223,40.852575488454704
2,Train,AWP,4,2.0162230269950734,45.75707154742096,2.1221974245707194,43.111111111111114,2.1392579599553274,46.00355239786856
2,Train,AWP,5,1.894495403557493,48.14198557958957,1.9214860110812717,48.0,1.9089881514147797,47.60213143872114
2,Train,AWP,6,1.722600731933326,55.684969495285635,1.8024577787187364,54.0,1.8008675503264948,53.46358792184725
2,Train,AWP,7,1.5675467503698248,58.23627287853577,1.7027983877393935,52.888888888888886,1.7110880560392172,55.59502664298402
2,Train,AWP,8,1.4506487595407587,62.45146977260122,1.5967597113715277,54.666666666666664,1.626391851245616,56.12788632326821
2,Train,AWP,9,1.3310706803673191,66.27842484747643,1.5191713571548462,59.333333333333336,1.5085756378529551,61.27886323268206
2,Train,AWP,10,1.2069267850173147,69.55074875207987,1.4342485801378886,60.44444444444444,1.4367205563065848,62.699822380106575
2,Train,AWP,11,1.1110151504215442,71.93566278424848,1.3963772832022774,61.111111111111114,1.358271141035307,63.765541740674955
2,Train,AWP,12,1.0105876148792736,75.09706045479756,1.317607396973504,62.0,1.2967738918893925,65.89698046181172
2,Train,AWP,13,0.9430629579644454,76.7054908485857,1.3045700777901543,62.0,1.3104921018251516,65.71936056838366
2,Train,AWP,14,0.8812916132441738,77.92567942318358,1.2051303834385343,67.55555555555556,1.213687382201742,68.20603907637656
2,Train,AWP,15,0.8180974167689943,79.92235163616195,1.1889222036467657,68.0,1.2056559004538012,68.73889875666075
2,Train,AWP,16,0.7524929083230203,81.08707709373267,1.166271562576294,66.88888888888889,1.1800481275809171,67.67317939609237
2,Train,AWP,17,0.7018728878414422,82.36272878535773,1.160379022889667,69.55555555555556,1.1592902933937195,67.85079928952042
2,Train,AWP,18,0.6658989070800313,83.69384359400998,1.1236388546890683,68.88888888888889,1.1020709026346833,69.62699822380107
2,Train,AWP,19,0.6079601159221247,85.52412645590682,1.0967867390314738,68.88888888888889,1.0888400151928619,71.04795737122558
2,Train,AWP,20,0.5681179991939611,86.74431503050471,1.12870086034139,68.88888888888889,1.1348857111024602,71.04795737122558
2,Train,AWP,21,0.5262139669635839,87.57626178591237,1.0992955960167778,70.44444444444444,1.0681810802507146,69.9822380106572
2,Train,AWP,22,0.4897560393601133,88.01996672212978,1.0796312031481001,70.22222222222223,1.0369816503982137,73.71225577264654
2,Train,AWP,23,0.4504724385445578,90.34941763727122,1.073923838933309,70.44444444444444,1.0161594569577206,72.64653641207815
2,Train,AWP,24,0.4218415963022332,91.07043815862451,1.0133269068929884,71.33333333333333,0.9698014664819354,73.35701598579041
2,Train,AWP,25,0.37941598081797884,91.73599556295063,1.0083304720454747,73.77777777777777,1.0126845692656603,74.42273534635879
2,Train,AWP,26,0.37014885482035187,91.45867997781475,1.0480702757835387,72.44444444444444,0.9874163025437621,74.24511545293073
2,Train,AWP,27,0.3323520560536468,92.95618413754853,1.0100249465306599,72.22222222222223,0.9755168808078257,74.24511545293073
2,Train,AWP,28,0.3111318464864764,93.732667775929,1.0168184079064264,71.77777777777777,0.9750114183866321,74.95559502664298
2,Train,AWP,29,0.298977236214437,93.89905712701054,1.032740398645401,72.44444444444444,0.9548184847323552,74.60035523978685
2,Train,AWP,30,0.2809019386768341,94.45368829728231,1.0103941433959538,72.66666666666667,0.9487385784753898,76.55417406749557
2,Train,AWP,31,0.24914402619265674,95.45202440377149,0.9451805485619439,74.0,0.9216702605860695,76.02131438721136
2,Train,AWP,32,0.23040037321155532,95.95119245701608,0.9873781485027737,73.33333333333333,0.9299158847776654,76.3765541740675
2,Train,AWP,33,0.21639956573122426,95.39656128674432,0.9916627445485857,73.33333333333333,0.922399582701932,76.02131438721136
2,Train,AWP,34,0.1938996254874949,96.50582362728785,0.9635557548205058,73.77777777777777,0.9105509533340088,76.73179396092362
2,Train,AWP,35,0.1806542917824628,96.72767609539656,0.9940264484617445,72.66666666666667,0.93211650371975,75.8436944937833
2,Train,AWP,36,0.16628681646104446,97.1159179145868,0.96715237432056,74.0,0.9197892562534203,76.90941385435168
2,Train,AWP,37,0.15089545595018486,97.55962285080422,0.9628536208470663,75.11111111111111,0.9235420471609803,76.90941385435168
2,Train,AWP,38,0.14158177552254578,97.78147531891292,0.9554475541909536,75.33333333333333,0.9452450733836972,77.26465364120781
2,Train,AWP,39,0.13054390728735088,97.72601220188575,0.9721677083439297,74.22222222222223,0.9312266495680936,76.73179396092362
2,Train,AWP,40,0.12458484476072747,97.94786466999446,0.9974633292357127,73.55555555555556,0.9675770394543771,74.60035523978685
2,Train,AWP,41,0.10947526736479056,98.16971713810317,0.9743884456157684,74.66666666666667,0.9170804217484239,76.90941385435168
2,Train,AWP,42,0.10743126018266928,98.61342207432058,0.978528976307975,75.11111111111111,0.9028323142397255,76.55417406749557
2,Train,AWP,43,0.09325478627885643,98.61342207432058,0.9483709059821235,74.66666666666667,0.8977753399320436,77.26465364120781
2,Train,AWP,44,0.08371654956748611,98.94620077648364,0.9710632195737627,74.22222222222223,0.9092603152217492,76.3765541740675
2,Train,AWP,45,0.08428793990363677,98.7798114254021,0.9472121887736851,75.55555555555556,0.9016862884296194,78.50799289520427
2,Train,AWP,46,0.0771071278702533,99.11259012756517,1.016428870426284,73.77777777777777,0.9112826779511216,77.26465364120781
2,Train,AWP,47,0.07014613276706975,98.83527454242929,0.9760404589441087,75.11111111111111,0.8854607533180481,76.90941385435168
2,Train,AWP,48,0.06290230893513613,99.44536882972822,0.9861444478564793,74.66666666666667,0.9086411381487737,76.90941385435168
2,Train,AWP,49,0.05957111856785782,99.22351636161952,0.9750364945994483,72.66666666666667,0.9000109340962466,77.797513321492
2,Train,AWP,50,0.05763033212146215,99.16805324459234,0.9888622072007921,73.55555555555556,0.8972339626950862,76.90941385435168
2,Train,AWP,51,0.051404965943411776,99.50083194675541,0.9832358165582021,75.33333333333333,0.885499487338227,77.61989342806395
2,Train,AWP,52,0.055743150658121236,99.16805324459234,0.9976818656921387,73.11111111111111,0.893026361986333,76.3765541740675
2,Train,AWP,53,0.053994822005430855,99.2789794786467,0.9843193875418769,74.66666666666667,0.9350936097319554,77.08703374777976
2,Train,AWP,54,0.048745417313879,99.2789794786467,0.9757567612330119,76.44444444444444,0.9337822733509816,76.73179396092362
2,Train,AWP,55,0.04461028549428049,99.22351636161952,0.9640772676467896,76.0,0.9099010606006873,76.90941385435168
2,Train,AWP,56,0.04188613462049449,99.50083194675541,0.9732762784428066,75.33333333333333,0.9063315992880461,77.08703374777976
3,Train,AWP,1,3.00864969638356,23.68275097060455,2.993518886566162,34.666666666666664,3.0295778498132955,31.793960923623445
3,Train,AWP,2,2.9103423754374185,32.113144758735444,2.7200512970818416,36.44444444444444,2.767411686387409,39.786856127886324
3,Train,AWP,3,2.3111142631162678,43.81586245146977,2.211228467093574,47.77777777777778,2.209670298476414,46.714031971580816
3,Train,AWP,4,1.9982737909283554,49.58402662229617,1.9672948137919108,51.77777777777778,1.977542754388406,51.86500888099467
3,Train,AWP,5,1.7945362329483032,54.187465335551856,1.722479936811659,55.333333333333336,1.7154891130979277,50.799289520426285
3,Train,AWP,6,1.6219426456250643,56.07321131447588,1.7974663013882106,53.55555555555556,1.7137178733124403,55.59502664298402
3,Train,AWP,7,1.4946304141429432,61.89683860232945,1.5048816182878282,62.22222222222222,1.4655842465575168,59.85790408525755
3,Train,AWP,8,1.3340441061739337,66.05657237936772,1.4897556410895454,65.11111111111111,1.456613985090442,64.29840142095915
3,Train,AWP,9,1.1952569453339827,70.04991680532446,1.4833803176879883,62.0,1.4220327333701017,63.58792184724689
3,Train,AWP,10,1.1097653696411534,71.82473655019412,1.4501868682437473,64.0,1.3529246126567915,66.78507992895204
3,Train,AWP,11,1.0191316311819512,74.98613422074321,1.2270457225375706,68.66666666666667,1.1849363068280805,70.15985790408526
3,Train,AWP,12,0.929327738912482,78.03660565723794,1.225176476372613,68.44444444444444,1.2171374351897841,68.56127886323269
3,Train,AWP,13,0.8789724948113424,78.14753189129229,1.152456323835585,69.77777777777777,1.12468125638064,70.15985790408526
3,Train,AWP,14,0.7907055323584038,79.70049916805324,1.1098378859625921,70.66666666666667,1.0698563027763028,69.9822380106572
3,Train,AWP,15,0.7287648409082178,81.7526344980588,1.099267094930013,70.66666666666667,1.0306228409863705,73.17939609236234
3,Train,AWP,16,0.6681888652475256,84.08208541320022,1.0816556655036078,71.77777777777777,1.0784941003335307,72.82415630550622
3,Train,AWP,17,0.6102136891139182,85.24681087077094,1.262662198808458,73.55555555555556,1.0974239468786264,71.9360568383659
3,Train,AWP,18,0.5732641627914027,85.69051580698836,1.2873083432515462,72.0,1.1087074156976298,73.35701598579041
3,Train,AWP,19,0.5231516324637229,87.29894620077648,1.2229659949408638,72.0,1.1621068675818707,73.71225577264654
3,Train,AWP,20,0.5054280067745008,88.85191347753744,1.0891700490315754,71.11111111111111,1.053583770090479,71.40319715808171
3,Train,AWP,21,0.460967877454925,90.07210205213534,0.9905836656358507,74.0,0.9455411695671759,74.60035523978685
3,Train,AWP,22,0.41421180153102205,90.51580698835275,0.9997785176171197,73.77777777777777,0.9702274067787252,74.24511545293073
3,Train,AWP,23,0.37920606763739334,91.5696062118691,0.9907026863098145,74.66666666666667,0.921027633690707,76.02131438721136
3,Train,AWP,24,0.3547061420323556,92.95618413754853,1.0101683404710557,74.88888888888889,1.1063986772118835,74.77797513321492
3,Train,AWP,25,0.3453630802401325,92.17970049916805,0.9945568953620063,75.33333333333333,0.957538449637208,73.8898756660746
3,Train,AWP,26,0.3117243522091916,93.17803660565724,1.2162533802456326,74.44444444444444,1.0402927790399554,76.02131438721136
3,Train,AWP,27,0.2957183444186261,93.732667775929,1.1900085650549994,74.0,0.9694089762482719,73.53463587921847
3,Train,AWP,28,0.275179235035913,94.28729894620078,1.1688167179955375,74.88888888888889,0.9609990314734342,75.48845470692717
3,Train,AWP,29,0.2482619699940347,94.17637271214642,1.6776171747843425,74.44444444444444,1.4053185650976259,77.26465364120781
3,Train,AWP,30,0.2289657221551527,95.23017193566278,1.2732047515445286,75.11111111111111,0.9878267687125062,76.02131438721136
3,Train,AWP,31,0.21748765080905796,95.45202440377149,1.196156088511149,73.55555555555556,0.9468614400809442,77.08703374777976
3,Train,AWP,32,0.21510696672556692,95.00831946755407,1.2167923630608453,74.22222222222223,0.9204605455720404,76.02131438721136
3,Train,AWP,33,0.2022853300236819,95.45202440377149,1.0919913567437065,74.88888888888889,0.8563146947967435,76.73179396092362
3,Train,AWP,34,0.19916833322822003,95.78480310593456,1.0363213698069254,76.22222222222223,0.8992060385842942,77.61989342806395
3,Train,AWP,35,0.18762687083921933,95.8957293399889,0.9441189946068658,75.77777777777777,0.8592703794501391,76.3765541740675
3,Train,AWP,36,0.1954351408701194,95.84026622296173,0.9711233848995633,74.44444444444444,0.8560312170118464,76.73179396092362
3,Train,AWP,37,0.1673651156587559,96.78313921242373,0.9830797979566785,75.33333333333333,0.8763773554595283,76.3765541740675
3,Train,AWP,38,0.1305716256692744,97.72601220188575,0.9495904943678114,76.22222222222223,0.8441388201544171,77.08703374777976
3,Train,AWP,39,0.0952606043337207,98.44703272323905,0.9532494280073378,75.77777777777777,0.8128060316319575,79.21847246891652
3,Train,AWP,40,0.12848393210585704,97.50415973377704,0.9809557957119411,75.33333333333333,0.8192337428485945,79.21847246891652
3,Train,AWP,41,0.11915584571920988,97.8369384359401,0.9640619775984023,75.77777777777777,0.7988030604528491,78.68561278863233
3,Train,AWP,42,0.13155388126247808,96.94952856350527,1.0144199625651042,73.77777777777777,0.8257733161030189,77.797513321492
3,Train,AWP,43,0.11709804865613319,97.8369384359401,0.9622532018025716,76.0,0.8494402887977884,78.15275310834814
3,Train,AWP,44,0.09535690325132587,98.33610648918469,0.9446011543273926,77.77777777777777,0.7721915984026704,78.86323268206039
3,Train,AWP,45,0.05528497048898747,99.2789794786467,0.9748335202534993,75.11111111111111,0.8197423528820329,78.68561278863233
3,Train,AWP,46,0.08102654585647479,98.22518025513034,1.0021643776363796,75.77777777777777,0.8147230145139338,79.39609236234459
3,Train,AWP,47,0.13335396019382434,97.17138103161398,0.9961740557352702,76.22222222222223,0.8493984159525504,77.08703374777976
3,Train,AWP,48,0.12388724384404588,97.33777038269551,1.0364746941460503,74.22222222222223,0.8965169310993242,76.73179396092362
3,Train,AWP,49,0.11125612866721656,97.50415973377704,1.0150333542293972,76.44444444444444,0.8432012754054095,77.97513321492008
3,Train,AWP,50,0.06958218995612442,98.72434830837493,0.978266904619005,75.33333333333333,0.821182748987662,77.797513321492
3,Train,AWP,51,0.05307593321623771,99.11259012756517,0.9579111692640516,76.44444444444444,0.8447290038554326,77.97513321492008
3,Train,AWP,52,0.038264442856113114,99.16805324459234,0.9591295125749376,76.22222222222223,0.7906136064927489,80.2841918294849
3,Train,AWP,53,0.044012684636471566,99.2789794786467,0.9903863885667589,75.77777777777777,0.8221340156152024,77.797513321492
3,Train,AWP,54,0.0723229111008869,98.5579589572934,1.0758123694525825,74.0,0.8445229448814798,78.86323268206039
3,Train,AWP,55,0.08893384833068571,97.72601220188575,0.9806947464413113,76.0,0.7979586124420166,78.50799289520427
3,Train,AWP,56,0.05567229838976473,98.5579589572934,0.9833842722574869,76.0,0.807967948659487,78.86323268206039
3,Train,AWP,57,0.04186353491815297,99.22351636161952,0.960729857550727,76.22222222222223,0.7935561805592972,79.21847246891652
3,Train,AWP,58,0.025311218676761837,99.50083194675541,1.0089087380303277,73.55555555555556,0.8779335504738518,77.44227353463587
3,Train,AWP,59,0.028958467251964305,99.50083194675541,0.9748992453681098,75.55555555555556,0.8333170106948798,78.68561278863233
3,Train,AWP,60,0.023380660770558996,99.61175818080976,0.9437932311164008,75.77777777777777,0.8026241752224748,79.57371225577265
3,Train,AWP,61,0.026000450308058868,99.44536882972822,0.988867604997423,75.33333333333333,0.8029163350643951,79.04085257548846
3,Train,AWP,62,0.024135351989810403,99.61175818080976,0.9660682593451606,76.22222222222223,0.8071220330827825,79.21847246891652
3,Train,AWP,63,0.023208645009027237,99.66722129783693,0.9624943436516655,76.0,0.8054615280344474,77.797513321492
3,Train,AWP,64,0.021006242956214567,99.61175818080976,0.9532806714375813,76.66666666666667,0.7900868173602631,79.57371225577265
3,Train,AWP,65,0.019453310522071103,99.66722129783693,0.9760959434509278,75.55555555555556,0.8014852872538524,77.797513321492
3,Train,AWP,66,0.018931590184046512,99.72268441486412,1.01221651924981,75.33333333333333,0.8112873224339731,78.86323268206039
3,Train,AWP,67,0.017163478373141403,99.77814753189129,0.9524818282657199,76.22222222222223,0.796177689495561,78.68561278863233
3,Train,AWP,68,0.016991688130554138,99.61175818080976,0.9793914784325494,76.22222222222223,0.8270990560575658,77.797513321492
3,Train,AWP,69,0.018741479692898952,99.66722129783693,0.9991110367245144,74.88888888888889,0.7813488696015326,78.86323268206039
3,Train,AWP,70,0.016222178588801046,99.55629506378258,0.9931772433386908,74.88888888888889,0.7941933602465194,79.39609236234459
3,Train,AWP,71,0.01869239529447728,99.66722129783693,0.958987774319119,76.0,0.8123395518130138,79.92895204262878
3,Train,AWP,72,0.015390574774835585,99.66722129783693,0.9832490179273817,77.11111111111111,0.7964664006317911,79.39609236234459
3,Train,AWP,73,0.014823660611893916,99.72268441486412,0.9565471331278483,75.55555555555556,0.7923930400641731,78.3303730017762
3,Train,AWP,74,0.016155213664955738,99.55629506378258,0.963360981411404,75.55555555555556,0.8034978820206217,78.68561278863233
3,Train,AWP,75,0.01795397615141905,99.55629506378258,0.9897675842709012,75.77777777777777,0.8351185609773463,78.68561278863233
3,Train,AWP,76,0.01497944228743252,99.66722129783693,1.014784247080485,75.55555555555556,0.8328021645122481,77.61989342806395
3,Train,AWP,77,0.015562070672514668,99.72268441486412,0.9768942684597439,75.11111111111111,0.838083109254312,77.97513321492008
3,Train,AWP,78,0.015318782185204327,99.55629506378258,0.9820863511827257,75.55555555555556,0.8650324032319375,77.08703374777976
3,Train,AWP,79,0.01553138905294697,99.50083194675541,0.9717158402336968,75.55555555555556,0.8595545637035878,77.26465364120781
3,Train,AWP,80,0.014427372836507857,99.61175818080976,0.9869540066189236,74.88888888888889,0.8395438302262003,78.68561278863233
3,Train,AWP,81,0.012476144950804218,99.72268441486412,0.9823523118760851,75.33333333333333,0.8494954008615674,77.08703374777976
3,Train,AWP,82,0.012831861741448703,99.66722129783693,0.9572939544253879,76.0,0.8293783064422133,78.50799289520427
3,Train,AWP,83,0.013609383173548338,99.72268441486412,1.0030845832824706,76.0,0.823777031729107,77.97513321492008
3,Train,AWP,84,0.013578842659562565,99.66722129783693,0.9791982629564073,76.0,0.8637975631132854,78.3303730017762
3,Train,AWP,85,0.013212814702439988,99.66722129783693,1.016778180864122,75.11111111111111,0.8265118412607305,77.61989342806395
1,Train_Extra,AWP,1,0.08820340014471297,98.28064337215751,0.8899720494780275,76.22222222222223,0.87223394111884,76.90941385435168
1,Train_Extra,AWP,2,0.07824870388497386,98.5579589572934,0.8769090061096682,77.11111111111111,0.866485163542983,76.90941385435168
1,Train_Extra,AWP,3,0.07711653543734237,98.7798114254021,0.8988330936431885,76.66666666666667,0.8920579566413513,76.73179396092362
1,Train_Extra,AWP,4,0.06849886493332553,98.94620077648364,0.8807657188963559,76.66666666666667,0.8963693952052251,76.90941385435168
1,Train_Extra,AWP,5,0.06288688986055684,98.94620077648364,0.8917932574906283,76.22222222222223,0.8884782769963754,77.797513321492
1,Train_Extra,AWP,6,0.06152275229166997,99.11259012756517,0.922567725835575,75.11111111111111,0.8955492655718517,77.26465364120781
1,Train_Extra,AWP,7,0.05489231064392809,99.11259012756517,0.9000384844674004,75.77777777777777,0.8994174399553777,76.90941385435168
1,Train_Extra,AWP,8,0.05233162389904784,99.22351636161952,0.9145948771842652,76.44444444444444,0.9017577732435128,76.73179396092362
1,Train_Extra,AWP,9,0.0502786921059484,99.11259012756517,0.9408134331636958,76.0,0.8893550799540898,76.19893428063943
1,Train_Extra,AWP,10,0.04763864301014365,99.22351636161952,0.9418063324938217,76.22222222222223,0.8837892471367682,77.61989342806395
1,Train_Extra,AWP,11,0.04406240196048952,99.11259012756517,0.9266769961184925,75.77777777777777,0.893687911821301,77.61989342806395
1,Train_Extra,AWP,12,0.043537689364727655,99.057127010538,0.9204731645476487,76.88888888888889,0.8852666176021841,76.73179396092362
1,Train_Extra,AWP,13,0.040475092958985714,99.22351636161952,0.9086790205662449,75.77777777777777,0.8792591433753764,76.73179396092362
1,Train_Extra,AWP,14,0.038707775602999483,99.33444259567388,0.9198270353302359,76.44444444444444,0.8983407492747739,77.797513321492
1,Train_Extra,AWP,15,0.03793627082517272,99.33444259567388,0.9301271575492703,77.33333333333333,0.8815108025264571,77.44227353463587
1,Train_Extra,AWP,16,0.035655080826887696,99.33444259567388,0.9080633935539258,77.11111111111111,0.8763478896969377,78.68561278863233
1,Train_Extra,AWP,17,0.03483258599513456,99.22351636161952,0.8837440716268288,77.77777777777777,0.859148133499796,77.97513321492008
1,Train_Extra,AWP,18,0.034268792232563884,99.22351636161952,0.8649325593519542,78.0,0.8646650500661738,78.68561278863233
1,Train_Extra,AWP,19,0.031270544306097325,99.33444259567388,0.9022251731322871,78.0,0.9009201876011877,79.39609236234459
1,Train_Extra,AWP,20,0.03443734496096639,99.2789794786467,0.8965084240337213,78.22222222222223,0.8777958328304664,77.44227353463587
1,Train_Extra,AWP,21,0.02837466406881025,99.38990571270105,0.9041669865159525,77.55555555555556,0.893521308475447,78.3303730017762
1,Train_Extra,AWP,22,0.029476652023987027,99.38990571270105,0.930695788839625,77.55555555555556,0.8723320294019384,78.50799289520427
1,Train_Extra,AWP,23,0.02625402394812881,99.38990571270105,0.8883378500905302,76.66666666666667,0.8636707651890404,78.15275310834814
1,Train_Extra,AWP,24,0.0275091345160546,99.33444259567388,0.8739951983177,77.55555555555556,0.8636529191560898,76.90941385435168
1,Train_Extra,AWP,25,0.025907260259580716,99.50083194675541,0.877770806108084,78.22222222222223,0.8502498333661637,78.15275310834814
1,Train_Extra,AWP,26,0.02688672427463819,99.2789794786467,0.8639863639614648,77.33333333333333,0.8528526163863458,77.61989342806395
1,Train_Extra,AWP,27,0.027002959520343626,99.38990571270105,0.9161959256066217,76.88888888888889,0.8746704331088023,77.97513321492008
1,Train_Extra,AWP,28,0.025597870766528343,99.38990571270105,0.8687223009868629,78.44444444444444,0.846747019151176,77.797513321492
1,Train_Extra,AWP,29,0.025763333409518134,99.33444259567388,0.9015771675565176,78.44444444444444,0.8751437763549507,78.3303730017762
1,Train_Extra,AWP,30,0.024818238830847435,99.44536882972822,0.913007690473977,77.33333333333333,0.8620574753830742,78.3303730017762
1,Train_Extra,AWP,31,0.02412377467395313,99.38990571270105,0.8650838576381406,78.66666666666667,0.8677707694563518,78.15275310834814
1,Train_Extra,AWP,32,0.023731220029539576,99.38990571270105,0.8745879695067803,78.44444444444444,0.871024686743904,78.68561278863233
1,Train_Extra,AWP,33,0.025257681139025902,99.50083194675541,0.8547322692308161,78.44444444444444,0.8589767511953893,78.50799289520427
1,Train_Extra,AWP,34,0.023645408047167093,99.38990571270105,0.8700663685177763,78.44444444444444,0.8782651350299164,79.39609236234459
1,Train_Extra,AWP,35,0.023538998842827584,99.33444259567388,0.9027877748084979,78.66666666666667,0.8965516575276322,77.797513321492
1,Train_Extra,AWP,36,0.021701455087678737,99.44536882972822,0.8724138423655596,77.77777777777777,0.8532219966393805,77.797513321492
1,Train_Extra,AWP,37,0.021937239958022377,99.44536882972822,0.872803323780083,78.22222222222223,0.8741577217888028,78.50799289520427
1,Train_Extra,AWP,38,0.022213746287059365,99.44536882972822,0.8503229074769963,79.11111111111111,0.8523499230931961,78.86323268206039
1,Train_Extra,AWP,39,0.021356707659402962,99.38990571270105,0.8696632264885638,79.33333333333333,0.8753893720531972,78.50799289520427
1,Train_Extra,AWP,40,0.02144275422273367,99.38990571270105,0.8809071031854384,78.44444444444444,0.8667601681517877,78.68561278863233
1,Train_Extra,AWP,41,0.021095933752101764,99.44536882972822,0.8787635754442049,78.22222222222223,0.8616886454407741,77.61989342806395
1,Train_Extra,AWP,42,0.021162656286992786,99.38990571270105,0.8806389400818282,78.44444444444444,0.8703437950429018,78.50799289520427
1,Train_Extra,AWP,43,0.021752984593867472,99.38990571270105,0.8819066257433344,78.66666666666667,0.8619827800703302,78.15275310834814
1,Train_Extra,AWP,44,0.02051954047362271,99.38990571270105,0.8852462686142988,78.44444444444444,0.8738149548508558,77.61989342806395
1,Train_Extra,AWP,45,0.021511400049029475,99.44536882972822,0.8629879832391938,77.11111111111111,0.8657282086926286,77.61989342806395
1,Train_Extra,AWP,46,0.021573115454725268,99.38990571270105,0.8847775206259555,78.0,0.8690661467201545,78.15275310834814
1,Train_Extra,AWP,47,0.020580670943385677,99.50083194675541,0.8743597398615546,78.66666666666667,0.8664527246414239,78.3303730017762
1,Train_Extra,AWP,48,0.020291382785919205,99.44536882972822,0.8997907973536187,78.66666666666667,0.8729009873913618,77.26465364120781
1,Train_Extra,AWP,49,0.02123354960706804,99.44536882972822,0.8640723874916633,78.0,0.8672055336340706,78.15275310834814
1,Train_Extra,AWP,50,0.020093376303026288,99.50083194675541,0.8879773529339582,77.77777777777777,0.8599422306192916,78.86323268206039
2,Train_Extra,AWP,1,0.23087617898719354,95.84026622296173,0.962409057352278,74.88888888888889,0.9150186220240212,76.02131438721136
2,Train_Extra,AWP,2,0.21688694572239592,96.22850804215197,0.9646118593215942,74.44444444444444,0.9154693366790961,77.26465364120781
2,Train_Extra,AWP,3,0.18705553907835692,96.78313921242373,1.0072947764396667,72.88888888888889,0.9201660453743875,75.48845470692717
2,Train_Extra,AWP,4,0.17852061163437993,96.83860232945092,1.003205509185791,74.0,0.9186770246888563,75.66607460035524
2,Train_Extra,AWP,5,0.16922985357150697,96.8940654464781,0.9993434757656521,72.88888888888889,0.9154185652732849,77.797513321492
2,Train_Extra,AWP,6,0.1539424908135021,97.33777038269551,0.9805545936690436,74.22222222222223,0.9105237800740433,78.15275310834814
2,Train_Extra,AWP,7,0.14427086400489011,97.61508596783139,0.9852220589584775,73.55555555555556,0.8932974225250908,76.73179396092362
2,Train_Extra,AWP,8,0.1295522871639645,97.94786466999446,0.9736780616309908,75.11111111111111,0.8841891430622731,76.55417406749557
2,Train_Extra,AWP,9,0.11487752610915586,98.44703272323905,0.9737141677406099,74.66666666666667,0.8924865070498857,76.90941385435168
2,Train_Extra,AWP,10,0.11354463913461618,98.33610648918469,0.9584629241625467,74.88888888888889,0.9066545162912372,77.97513321492008
2,Train_Extra,AWP,11,0.10387589253093067,98.44703272323905,0.9385428057279852,76.44444444444444,0.865006510995421,76.90941385435168
2,Train_Extra,AWP,12,0.09607029020002014,98.83527454242929,0.9558189810978042,74.44444444444444,0.9098571549512141,76.55417406749557
2,Train_Extra,AWP,13,0.08729878012417701,98.89073765945646,0.9415960080756082,75.55555555555556,0.8920548411076277,77.61989342806395
2,Train_Extra,AWP,14,0.07908700733331211,98.89073765945646,0.9571776538425022,74.88888888888889,0.8804000148129506,77.26465364120781
2,Train_Extra,AWP,15,0.07332573706905048,99.057127010538,0.9707105563746559,74.88888888888889,0.8737078156606766,78.15275310834814
2,Train_Extra,AWP,16,0.07270792904391624,98.89073765945646,0.9298553574085235,76.22222222222223,0.8593013477156048,77.797513321492
2,Train_Extra,AWP,17,0.0654261531961853,98.89073765945646,0.9708409302102194,74.22222222222223,0.8639173698255902,78.15275310834814
2,Train_Extra,AWP,18,0.06239396033056995,99.16805324459234,0.9546700650784704,76.44444444444444,0.9011451429414495,77.797513321492
2,Train_Extra,AWP,19,0.05487847344525028,99.38990571270105,0.9575668730172846,74.0,0.8739638700154916,78.3303730017762
2,Train_Extra,AWP,20,0.052564680167849646,99.2789794786467,0.9652499219444063,74.66666666666667,0.9018329071744509,77.44227353463587
2,Train_Extra,AWP,21,0.05232568984655173,99.22351636161952,0.9650733454359902,75.77777777777777,0.8888221716584364,77.44227353463587
2,Train_Extra,AWP,22,0.045171536235628945,99.50083194675541,0.9741665702395969,75.77777777777777,0.8827390050379887,77.61989342806395
2,Train_Extra,AWP,23,0.043880402698720754,99.38990571270105,0.970290693640709,76.0,0.9032075434764367,77.44227353463587
2,Train_Extra,AWP,24,0.04617940007071746,99.16805324459234,0.9698268936740028,74.88888888888889,0.8908952781616265,77.797513321492
2,Train_Extra,AWP,25,0.0405755654108106,99.16805324459234,0.9762493895159827,75.77777777777777,0.8978319233730039,77.61989342806395
2,Train_Extra,AWP,26,0.03844587944382638,99.38990571270105,0.9899027332994673,74.88888888888889,0.8992875937246726,77.08703374777976
2,Train_Extra,AWP,27,0.03718229459206525,99.44536882972822,0.9480331383811103,75.55555555555556,0.9050544445298705,78.68561278863233
2,Train_Extra,AWP,28,0.037711875178246645,99.2789794786467,0.9524096162451638,76.44444444444444,0.873666980126823,78.15275310834814
2,Train_Extra,AWP,29,0.03476638114079833,99.50083194675541,0.9567091245121426,75.55555555555556,0.9016433889658371,78.68561278863233
2,Train_Extra,AWP,30,0.0322287517656948,99.50083194675541,0.9277055189344618,76.88888888888889,0.8724116422566809,79.21847246891652
2,Train_Extra,AWP,31,0.03365907495792367,99.33444259567388,0.9509218149715,76.22222222222223,0.8926633834627128,78.15275310834814
2,Train_Extra,AWP,32,0.03321572653785871,99.55629506378258,0.9469643395476871,77.33333333333333,0.8773584395488244,77.797513321492
2,Train_Extra,AWP,33,0.030445154854341558,99.44536882972822,0.9676226523187426,75.77777777777777,0.9185910445123541,78.15275310834814
2,Train_Extra,AWP,34,0.029195222909676664,99.55629506378258,0.9747001946634717,75.55555555555556,0.8900811549401834,78.68561278863233
2,Train_Extra,AWP,35,0.02969976709011877,99.66722129783693,0.9386720659335455,75.77777777777777,0.9084341724007845,78.3303730017762
2,Train_Extra,AWP,36,0.028533989751482743,99.61175818080976,0.9654698883162605,76.0,0.904605213109384,78.50799289520427
2,Train_Extra,AWP,37,0.027400803482650143,99.61175818080976,0.9786729876862632,75.55555555555556,0.9015993249352829,77.797513321492
2,Train_Extra,AWP,38,0.026715431256187066,99.61175818080976,0.9727583930227491,75.11111111111111,0.897873232356185,78.86323268206039
2,Train_Extra,AWP,39,0.026307343113187113,99.61175818080976,0.9673211036788093,76.22222222222223,0.8946983794124258,77.97513321492008
2,Train_Extra,AWP,40,0.02533334406223475,99.72268441486412,0.9451273347271814,75.55555555555556,0.886639169435518,79.04085257548846
2,Train_Extra,AWP,41,0.02546597558906988,99.66722129783693,0.9548353261417812,76.22222222222223,0.8939010169535716,78.86323268206039
2,Train_Extra,AWP,42,0.02734873770621785,99.61175818080976,0.9417873613039652,76.44444444444444,0.8609606136648947,79.21847246891652
2,Train_Extra,AWP,43,0.02465658776641807,99.66722129783693,0.9455406150552962,75.77777777777777,0.9012385179052133,78.68561278863233
2,Train_Extra,AWP,44,0.02568444327385933,99.61175818080976,0.9465640046861437,77.55555555555556,0.874828610602323,79.39609236234459
2,Train_Extra,AWP,45,0.024753960482612775,99.72268441486412,0.9667287619908651,75.33333333333333,0.9024396391575544,78.68561278863233
2,Train_Extra,AWP,46,0.025553783798067456,99.72268441486412,0.9872576638062796,74.22222222222223,0.8871992539554887,78.50799289520427
2,Train_Extra,AWP,47,0.02510076812305079,99.66722129783693,0.9307854727904001,77.11111111111111,0.8768048575462287,78.3303730017762
2,Train_Extra,AWP,48,0.0258438525182244,99.55629506378258,0.9767489663097594,74.88888888888889,0.895684320592118,77.97513321492008
2,Train_Extra,AWP,49,0.024916566459037233,99.55629506378258,0.9518584038151635,76.88888888888889,0.9040396038846479,78.15275310834814
2,Train_Extra,AWP,50,0.02692452983179113,99.55629506378258,0.9449000194337633,77.33333333333333,0.8959795383746416,78.86323268206039
3,Train_Extra,AWP,1,0.02260485674630393,99.61175818080976,0.9696196365356445,75.33333333333333,0.8081254286833809,80.10657193605684
3,Train_Extra,AWP,2,0.021491329287783356,99.77814753189129,0.9999334579043918,75.77777777777777,0.8231409126446048,79.21847246891652
3,Train_Extra,AWP,3,0.02074545427437937,99.55629506378258,0.9507704204983182,74.66666666666667,0.8389669348672694,77.44227353463587
3,Train_Extra,AWP,4,0.016931500134728196,99.66722129783693,1.0092122883266872,75.77777777777777,0.8457094237181899,77.797513321492
3,Train_Extra,AWP,5,0.018573719938694125,99.66722129783693,0.9922988393571641,76.0,0.8132372860586664,80.10657193605684
3,Train_Extra,AWP,6,0.01788059448856011,99.66722129783693,1.0163846842447917,75.33333333333333,0.849965113412,78.68561278863233
3,Train_Extra,AWP,7,0.016523165624229272,99.66722129783693,1.04723678694831,75.77777777777777,0.8479043977933921,77.26465364120781
3,Train_Extra,AWP,8,0.018452242960369115,99.55629506378258,0.9802780342102051,75.33333333333333,0.7893134817136964,79.7513321492007
3,Train_Extra,AWP,9,0.016897517705761027,99.55629506378258,1.0029732492234973,73.77777777777777,0.840192520491395,76.90941385435168
3,Train_Extra,AWP,10,0.01611360317308521,99.77814753189129,0.9837421459621853,75.77777777777777,0.8080357631823945,79.57371225577265
3,Train_Extra,AWP,11,0.014492958918900081,99.72268441486412,1.020148983001709,75.33333333333333,0.7994110124784507,79.39609236234459
3,Train_Extra,AWP,12,0.016023932694735236,99.72268441486412,0.9894690789116753,75.55555555555556,0.8137922035017403,78.3303730017762
3,Train_Extra,AWP,13,0.014255203649793801,99.66722129783693,0.9827531263563368,75.55555555555556,0.7946059267643714,78.50799289520427
3,Train_Extra,AWP,14,0.014658776834901226,99.72268441486412,0.9939494514465332,75.11111111111111,0.7986505799141066,78.50799289520427
3,Train_Extra,AWP,15,0.013270929018689091,99.66722129783693,1.0007942581176759,75.77777777777777,0.8378064388915446,77.97513321492008
3,Train_Extra,AWP,16,0.012622486722345153,99.66722129783693,0.9941140005323622,74.22222222222223,0.8250144503044616,79.57371225577265
3,Train_Extra,AWP,17,0.01372467158076337,99.61175818080976,1.0148938369750977,74.88888888888889,0.8191083846464885,79.04085257548846
3,Train_Extra,AWP,18,0.01172714690849381,99.72268441486412,1.0191411548190648,74.44444444444444,0.8250330908895598,78.15275310834814
3,Train_Extra,AWP,19,0.012977095004252828,99.66722129783693,1.0034523391723633,76.22222222222223,0.84453522110917,78.15275310834814
3,Train_Extra,AWP,20,0.011962928537589809,99.77814753189129,1.0418057505289713,74.0,0.8274536643104485,78.3303730017762
3,Train_Extra,AWP,21,0.011662653347134198,99.61175818080976,1.0265980169508193,75.11111111111111,0.8296900395813462,77.44227353463587
3,Train_Extra,AWP,22,0.012070964192644808,99.61175818080976,1.0235144996643066,74.22222222222223,0.8475364050687312,77.08703374777976
3,Train_Extra,AWP,23,0.01832958857177577,99.44536882972822,1.0293748813205295,75.77777777777777,0.8400044730247443,78.86323268206039
3,Train_Extra,AWP,24,0.012050611612370662,99.61175818080976,1.0050543022155762,75.33333333333333,0.8076654460883268,80.2841918294849
3,Train_Extra,AWP,25,0.010823314617338934,99.72268441486412,1.005435036553277,76.0,0.8179040489781179,79.92895204262878
3,Train_Extra,AWP,26,0.010644324716147884,99.72268441486412,1.0912424511379666,74.0,0.8320975730304819,79.04085257548846
3,Train_Extra,AWP,27,0.010612256839266863,99.61175818080976,1.0098227013481988,77.11111111111111,0.8179777960159004,79.21847246891652
3,Train_Extra,AWP,28,0.010641994175354117,99.72268441486412,1.003730591668023,76.22222222222223,0.792735405544193,80.63943161634103
3,Train_Extra,AWP,29,0.010402841583351818,99.72268441486412,1.0403683747185601,75.77777777777777,0.8243749734563471,79.7513321492007
3,Train_Extra,AWP,30,0.010393058317468354,99.83361064891847,1.016220448811849,76.88888888888889,0.8058881624130331,79.39609236234459
3,Train_Extra,AWP,31,0.010770081005287929,99.72268441486412,1.014983344607883,76.0,0.8230764045385018,79.57371225577265
3,Train_Extra,AWP,32,0.010177931086601396,99.72268441486412,1.044119447072347,75.33333333333333,0.8178750290328614,77.97513321492008
3,Train_Extra,AWP,33,0.010298112215343536,99.66722129783693,1.003313988579644,76.66666666666667,0.7929139432644547,80.10657193605684
3,Train_Extra,AWP,34,0.012360317683615313,99.66722129783693,0.9957704416910808,77.33333333333333,0.8167453299195474,78.86323268206039
3,Train_Extra,AWP,35,0.010511629577530058,99.66722129783693,0.9947037675645616,76.44444444444444,0.7958930472497618,79.57371225577265
3,Train_Extra,AWP,36,0.01040457894212746,99.66722129783693,1.0024398125542535,75.11111111111111,0.8063658887709013,79.39609236234459
3,Train_Extra,AWP,37,0.010651865076445239,99.77814753189129,1.0509710396660699,74.44444444444444,0.8360437178061233,78.3303730017762
3,Train_Extra,AWP,38,0.00992722977606351,99.77814753189129,1.036706502702501,75.11111111111111,0.832770487872576,79.04085257548846
3,Train_Extra,AWP,39,0.0099267389680455,99.72268441486412,0.9574163818359375,77.77777777777777,0.7992529282561416,79.04085257548846
3,Train_Extra,AWP,40,0.009842044183690297,99.77814753189129,1.0121230125427245,75.77777777777777,0.8066425441001702,79.39609236234459
3,Train_Extra,AWP,41,0.008704890269304119,99.77814753189129,1.0017817793952095,76.44444444444444,0.8018154571788985,79.04085257548846
3,Train_Extra,AWP,42,0.009406453279345379,99.66722129783693,1.0305746544731988,75.33333333333333,0.8091487956512885,79.39609236234459
3,Train_Extra,AWP,43,0.00876472121218971,99.83361064891847,0.9994125493367513,75.55555555555556,0.8117041670407961,79.21847246891652
3,Train_Extra,AWP,44,0.008829200569858872,99.77814753189129,1.0054073524475098,76.22222222222223,0.8027639859099583,80.2841918294849
3,Train_Extra,AWP,45,0.009350244433766133,99.77814753189129,1.024118111928304,75.33333333333333,0.7901741889823182,79.7513321492007
3,Train_Extra,AWP,46,0.00909039276864445,99.72268441486412,0.9961638959248861,75.77777777777777,0.7949131152346122,79.7513321492007
3,Train_Extra,AWP,47,0.008661029773576414,99.77814753189129,1.0100125079684787,76.0,0.7892770555472501,79.7513321492007
3,Train_Extra,AWP,48,0.008941800481631634,99.72268441486412,1.0300256305270725,73.77777777777777,0.8239417240208885,78.3303730017762
3,Train_Extra,AWP,49,0.009564043826366398,99.72268441486412,1.0316524378458658,74.44444444444444,0.8091520991037413,78.15275310834814
3,Train_Extra,AWP,50,0.009463992086239159,99.83361064891847,1.0018229293823242,75.33333333333333,0.7954823025378198,79.04085257548846
11,Train,AWP,1,3.073190316819308,22.351636161952303,2.957583073510064,29.555555555555557,2.9791484344916066,28.241563055062166
11,Train,AWP,2,2.619835698813723,33.38879645036051,2.39594374232822,38.0,2.4589774036915646,35.879218472468914
11,Train,AWP,3,2.1692851049858226,44.037714919578484,2.0260385862986245,49.111111111111114,2.0636971839579554,46.714031971580816
11,Train,AWP,4,1.8948740791856198,50.582362728785355,1.8002176666259766,55.333333333333336,1.8757333027109584,47.60213143872114
11,Train,AWP,5,1.6895047007945545,56.0177481974487,1.6553674586613973,58.666666666666664,1.7167980539650518,57.19360568383659
11,Train,AWP,6,1.5269429683685303,60.62118691070438,1.550652711391449,61.333333333333336,1.6085830236624654,60.39076376554174
11,Train,AWP,7,1.350823646051842,64.72545757071548,1.395714823404948,63.77777777777778,1.494163223100598,61.63410301953819
11,Train,AWP,8,1.218194654113368,70.32723239046034,1.2624699166085984,66.44444444444444,1.3633338621623987,65.36412078152753
11,Train,AWP,9,1.1042450540944149,71.49195784803106,1.2525306516223484,68.22222222222223,1.307171542098213,67.31793960923623
11,Train,AWP,10,1.0246715043720447,73.71048252911814,1.1694393544726902,69.55555555555556,1.212173840927612,68.73889875666075
11,Train,AWP,11,0.9295963571782697,76.9273433166944,1.199878247578939,69.55555555555556,1.2237263261530793,69.27175843694494
11,Train,AWP,12,0.8349295331720721,79.5895729339989,1.0604721233579848,72.0,1.1095074629063717,71.58081705150977
11,Train,AWP,13,0.7836307370871828,80.92068774265114,1.0657586181163787,73.33333333333333,1.1014183941785227,72.11367673179396
11,Train,AWP,14,0.7278072603961878,82.64004437049363,1.017396895620558,73.77777777777777,1.0687492946113193,73.17939609236234
11,Train,AWP,15,0.6570893735216375,83.74930671103716,0.976709168487125,73.55555555555556,1.0125823618040204,75.48845470692717
11,Train,AWP,16,0.6058114301740077,86.35607321131448,0.9249280917644501,75.33333333333333,0.9899860537920286,75.8436944937833
11,Train,AWP,17,0.5531858184881377,87.18801996672212,0.990612579981486,73.11111111111111,1.080173085680228,73.71225577264654
11,Train,AWP,18,0.5243395514655531,88.35274542429285,0.9482201743125915,76.44444444444444,0.9841090042680025,74.95559502664298
11,Train,AWP,19,0.47359176947359455,89.6838602329451,0.9008318094412485,75.55555555555556,0.9655235542073767,74.77797513321492
11,Train,AWP,20,0.42350814007876214,90.73765945646146,0.9069713323646121,76.0,0.9341937002873124,73.35701598579041
11,Train,AWP,21,0.38760103546736535,91.846921797005,0.8703968775272369,75.33333333333333,0.9169836563073085,75.66607460035524
11,Train,AWP,22,0.3562857981836587,92.40155296727676,0.9358601722452375,75.11111111111111,0.9826475964134582,73.71225577264654
11,Train,AWP,23,0.3424527509170666,92.95618413754853,0.9006294478972753,74.0,0.9199982235740811,75.13321492007105
11,Train,AWP,24,0.3110629944947728,94.17637271214642,0.8521750503116183,75.33333333333333,0.8828177685000757,76.55417406749557
11,Train,AWP,25,0.2737226007800353,94.89739323349973,0.8515104855431451,74.88888888888889,0.8963557399187376,77.26465364120781
11,Train,AWP,26,0.2525437080807853,95.6738768718802,0.819818491074774,76.44444444444444,0.8639050284880304,77.26465364120781
11,Train,AWP,27,0.22261455576670797,96.28397115917915,0.8303882147206201,76.22222222222223,0.8787949830558329,76.19893428063943
11,Train,AWP,28,0.19465080413379168,97.22684414864115,0.8361085210906135,77.33333333333333,0.8613556329141078,77.44227353463587
11,Train,AWP,29,0.18669004143591514,97.22684414864115,1.1617437691158718,67.55555555555556,1.221367977863942,66.60746003552399
11,Train,AWP,30,0.20635632726184108,96.3948973932335,0.8810134845972061,75.55555555555556,0.9156246240354982,74.24511545293073
11,Train,AWP,31,0.1941920495346973,96.67221297836939,0.8447173255019718,77.33333333333333,0.9009350593306031,77.26465364120781
11,Train,AWP,32,0.16590818677816474,97.8369384359401,0.8324966064426634,76.44444444444444,0.8779193882832095,77.26465364120781
11,Train,AWP,33,0.15575142877927997,97.72601220188575,0.8213252471552954,78.22222222222223,0.8565855583119774,78.15275310834814
11,Train,AWP,34,0.13232229813410526,97.89240155296727,0.8424489959081014,78.44444444444444,0.8949955540906049,76.19893428063943
11,Train,AWP,35,0.1259648307765785,98.22518025513034,0.8284263475073709,76.22222222222223,0.8635135300417777,77.08703374777976
11,Train,AWP,36,0.10758662694378902,98.7798114254021,0.8233439675966898,76.22222222222223,0.8581082545631097,76.3765541740675
11,Train,AWP,37,0.10506094992160797,98.28064337215751,0.8083350847661496,76.66666666666667,0.8892525637763855,75.13321492007105
11,Train,AWP,38,0.09387446325599101,98.61342207432058,0.8096512153910266,76.66666666666667,0.8593027201046105,77.08703374777976
11,Train,AWP,39,0.08713175460957644,98.5579589572934,0.8434102874000867,78.66666666666667,0.8913489971872333,76.73179396092362
11,Train,AWP,40,0.08234904611711963,98.89073765945646,0.8247261134121153,77.11111111111111,0.8502377788296389,78.3303730017762
11,Train,AWP,41,0.0714487730639807,98.83527454242929,0.820492181678613,77.77777777777777,0.8685111298654261,76.90941385435168
11,Train,AWP,42,0.06843024034772002,98.66888519134775,0.8033727016713884,78.22222222222223,0.8572694656057002,76.90941385435168
11,Train,AWP,43,0.06270627886579748,99.22351636161952,0.8218328761061032,76.66666666666667,0.8561921545286162,77.26465364120781
11,Train,AWP,44,0.06163986752692022,98.66888519134775,0.8202853685948583,76.22222222222223,0.8700689687186829,76.19893428063943
11,Train,AWP,45,0.054484202542848754,99.057127010538,0.7991698423359129,78.44444444444444,0.8596137357647423,77.26465364120781
11,Train,AWP,46,0.056149354678366264,99.057127010538,0.8194779411454995,77.11111111111111,0.8435554938460328,76.73179396092362
11,Train,AWP,47,0.048753841959855014,99.057127010538,0.7931646807160643,78.88888888888889,0.8579416884833924,75.48845470692717
11,Train,AWP,48,0.04809541421893396,99.22351636161952,0.801740083537168,77.11111111111111,0.8786865328810778,75.31083481349911
11,Train,AWP,49,0.04718398164729016,99.11259012756517,0.8041032837662432,77.33333333333333,0.8784965575270712,76.73179396092362
11,Train,AWP,50,0.04334839990591271,99.38990571270105,0.8239438298510181,77.33333333333333,0.8765933668211129,76.90941385435168
11,Train,AWP,51,0.041985953659668826,99.00166389351081,0.8476654736532105,76.66666666666667,0.8669919525115994,76.90941385435168
11,Train,AWP,52,0.03863722070430716,99.38990571270105,0.8360691553354264,75.77777777777777,0.8962003187430265,76.02131438721136
11,Train,AWP,53,0.03978787373195876,99.11259012756517,0.8322947418855297,77.11111111111111,0.8884043839642676,75.66607460035524
11,Train,AWP,54,0.0357002447228552,99.16805324459234,0.8160915111336443,76.22222222222223,0.8700533224464945,77.26465364120781
11,Train,AWP,55,0.035224482572327055,99.057127010538,0.8099942985508177,78.0,0.8705622834380101,76.19893428063943
11,Train,AWP,56,0.03252182115000068,99.33444259567388,0.8009010412130091,78.0,0.845392730265697,76.73179396092362
11,Train,AWP,57,0.03212838226994663,99.33444259567388,0.8266530656566222,77.33333333333333,0.8836723511003051,75.66607460035524
11,Train,AWP,58,0.030151511321922665,99.22351636161952,0.8139818409830332,79.33333333333333,0.8528357896669296,77.797513321492
11,Train,AWP,59,0.028449045183757942,99.44536882972822,0.7701300719545947,79.55555555555556,0.841004829211938,77.61989342806395
11,Train,AWP,60,0.02796275844274644,99.38990571270105,0.8251074348265927,78.0,0.8587759064103528,76.3765541740675
11,Train,AWP,61,0.026872055707172604,99.61175818080976,0.7947974229355653,78.44444444444444,0.855322042324615,77.08703374777976
11,Train,AWP,62,0.027866863600680965,99.50083194675541,0.8082793769157595,77.77777777777777,0.8703729456313761,76.02131438721136
11,Train,AWP,63,0.028416240734881477,99.44536882972822,0.7804825933774312,79.77777777777777,0.8732182117804329,76.55417406749557
11,Train,AWP,64,0.027413015327367344,99.55629506378258,0.801771951607532,79.33333333333333,0.861580978066629,76.90941385435168
11,Train,AWP,65,0.024747571916107023,99.33444259567388,0.8224433403669132,78.88888888888889,0.8516710310592109,77.61989342806395
11,Train,AWP,66,0.027619057198120446,99.2789794786467,0.7622289227714969,80.0,0.8824364423328352,76.90941385435168
11,Train,AWP,67,0.02429190193703235,99.22351636161952,0.772983629465517,79.77777777777777,0.8517431418806791,76.90941385435168
11,Train,AWP,68,0.023535481625514335,99.50083194675541,0.7849037992457549,78.88888888888889,0.8845887948522347,76.55417406749557
11,Train,AWP,69,0.024402396553277708,99.44536882972822,0.7806632947590616,79.55555555555556,0.8504856526322305,77.26465364120781
11,Train,AWP,70,0.024183927393894186,99.44536882972822,0.783906750590023,79.33333333333333,0.887370250788294,76.90941385435168
11,Train,AWP,71,0.02402060482601978,99.44536882972822,0.7854517352994945,79.11111111111111,0.8978529893272088,76.90941385435168
11,Train,AWP,72,0.0244299253885912,99.33444259567388,0.7550168159148759,80.44444444444444,0.8371281484092319,77.797513321492
11,Train,AWP,73,0.024690047511013977,99.33444259567388,0.7544949004240334,79.77777777777777,0.8710623407872066,77.797513321492
11,Train,AWP,74,0.02346621086951672,99.38990571270105,0.7816841329282357,79.11111111111111,0.8649885582458062,77.26465364120781
11,Train,AWP,75,0.020586706340525365,99.50083194675541,0.7757218875115116,80.22222222222223,0.8594920277383781,76.90941385435168
11,Train,AWP,76,0.021290316023831173,99.33444259567388,0.7855601722829871,78.88888888888889,0.8648521135797721,77.797513321492
11,Train,AWP,77,0.01965291269548368,99.44536882972822,0.7818612090415424,78.88888888888889,0.8661154495886333,78.15275310834814
11,Train,AWP,78,0.019385095742906918,99.61175818080976,0.7770407948891321,78.0,0.8725666313781196,75.48845470692717
11,Train,AWP,79,0.018511133840340272,99.61175818080976,0.7934738311357796,79.11111111111111,0.8595745529628774,76.90941385435168
11,Train,AWP,80,0.017682099471832708,99.55629506378258,0.8133092389462723,78.0,0.8776282853385695,77.26465364120781
11,Train,AWP,81,0.019644922595226058,99.44536882972822,0.7867811726137168,79.11111111111111,0.8518227749565355,77.797513321492
11,Train,AWP,82,0.017874614723647635,99.66722129783693,0.8262079025225507,79.11111111111111,0.8855030278329528,77.08703374777976
11,Train,AWP,83,0.01957232238961743,99.50083194675541,0.8328260443256134,78.88888888888889,0.8581876672182371,77.08703374777976
11,Train,AWP,84,0.018332013995141574,99.55629506378258,0.8096143990962041,79.55555555555556,0.8426289475832274,78.15275310834814
11,Train,AWP,85,0.018123647296114972,99.61175818080976,0.8063942167990737,79.77777777777777,0.8503748129781991,77.797513321492
11,Train,AWP,86,0.01779108194903912,99.50083194675541,0.801731398579561,79.33333333333333,0.8701395126684944,77.61989342806395
11,Train,AWP,87,0.01745529555544061,99.61175818080976,0.8002347526347472,79.77777777777777,0.835947013663568,77.44227353463587
11,Train,AWP,88,0.015278231491449109,99.66722129783693,0.8028163098129961,80.22222222222223,0.8442192230089096,77.26465364120781
11,Train,AWP,89,0.01643960474655359,99.50083194675541,0.7834725446999073,78.44444444444444,0.8234185926867632,78.68561278863233
11,Train,AWP,90,0.016462995797363027,99.44536882972822,0.8358888907813363,77.77777777777777,0.9238101949065024,76.19893428063943
11,Train,AWP,91,0.01710581918361417,99.55629506378258,0.7998675954383281,79.55555555555556,0.9105547058857567,76.90941385435168
11,Train,AWP,92,0.0169860094401724,99.44536882972822,0.8129538604906864,78.44444444444444,0.9047422798658137,76.90941385435168
11,Train,AWP,93,0.020783328829055422,99.50083194675541,0.8120058282071517,78.22222222222223,0.9138968585862994,77.08703374777976
11,Train,AWP,94,0.016761936574128635,99.2789794786467,0.7873267237883476,78.88888888888889,0.9037351125510505,78.15275310834814
11,Train,AWP,95,0.015437124004963328,99.50083194675541,0.8219602504517469,79.33333333333333,0.8650650630835741,76.73179396092362
11,Train,AWP,96,0.015610672151588165,99.61175818080976,0.7881382530017031,79.55555555555556,0.8846965337943015,77.08703374777976
11,Train,AWP,97,0.015565274706061342,99.50083194675541,0.7856330215175532,80.44444444444444,0.8708940951904649,77.26465364120781
11,Train,AWP,98,0.016948477663263156,99.50083194675541,0.8301453582528565,77.55555555555556,0.8880595032317601,76.02131438721136
11,Train,AWP,99,0.017878748198742408,99.44536882972822,0.7989446530118585,79.55555555555556,0.8691449076413684,76.90941385435168
11,Train,AWP,100,0.01586855639777097,99.61175818080976,0.7922176028374168,80.44444444444444,0.8423160452190555,78.15275310834814
11,Train,AWP,101,0.016191847744937007,99.55629506378258,0.7690896137762401,80.0,0.8233198179444877,78.3303730017762
11,Train,AWP,102,0.015016669368681809,99.38990571270105,0.8032888636282749,79.77777777777777,0.8892959627334432,76.90941385435168
11,Train,AWP,103,0.016349308576696274,99.44536882972822,0.7880202355815304,78.88888888888889,0.8915393854330954,76.73179396092362
11,Train,AWP,104,0.014193611052050664,99.50083194675541,0.7733348788362411,79.33333333333333,0.8734997311874986,76.55417406749557
11,Train,AWP,105,0.014538080084317347,99.55629506378258,0.8082510972975029,78.88888888888889,0.9112008428912391,76.73179396092362
11,Train,AWP,106,0.01423540085619479,99.61175818080976,0.7964328121549139,80.44444444444444,0.9052826407535886,77.08703374777976
11,Train,AWP,107,0.013731862598082475,99.38990571270105,0.8242730969883916,79.55555555555556,0.8913773391428892,75.8436944937833
11,Train,AWP,108,0.014807513450362245,99.44536882972822,0.8656245903629396,78.88888888888889,0.9081202599337427,76.19893428063943
11,Train,AWP,109,0.014493971812873752,99.66722129783693,0.8088015966738263,79.33333333333333,0.9309891995909371,75.48845470692717
11,Train,AWP,110,0.01339664857164679,99.50083194675541,0.8033752196385628,79.55555555555556,0.8840487848166674,77.08703374777976
11,Train,AWP,111,0.013438478758632156,99.66722129783693,0.835906216253837,78.66666666666667,0.9391230653911882,75.8436944937833
11,Train,AWP,112,0.013005299294538992,99.50083194675541,0.8129348116057614,80.22222222222223,0.8980231647169611,75.66607460035524
11,Train,AWP,113,0.013921523786337818,99.44536882972822,0.8414580281280603,78.22222222222223,0.9117065589762496,75.8436944937833
11,Train,AWP,114,0.013784567697847817,99.55629506378258,0.8073997303957327,79.77777777777777,0.8877499615955522,76.02131438721136
11,Train,AWP,115,0.014294701219912161,99.44536882972822,0.8129174652364519,79.33333333333333,0.9109054297791069,77.08703374777976
11,Train,AWP,116,0.015246100907557104,99.38990571270105,0.803442616061204,78.88888888888889,0.9544392491742095,75.8436944937833
11,Train,AWP,117,0.012735424503038655,99.61175818080976,0.8320796418272787,80.66666666666667,0.959475568937366,75.31083481349911
11,Train,AWP,118,0.012969768938012095,99.44536882972822,0.8199909961492651,80.88888888888889,0.932530918299199,75.48845470692717
11,Train,AWP,119,0.012649268912674304,99.61175818080976,0.7979849541725383,80.44444444444444,0.9222138605575155,76.73179396092362
11,Train,AWP,120,0.01256878099102004,99.72268441486412,0.812546312428183,79.55555555555556,0.9338478910774787,76.3765541740675
11,Train,AWP,121,0.011681817964193198,99.61175818080976,0.8009107129648327,79.77777777777777,0.8901413829457908,76.3765541740675
11,Train,AWP,122,0.015280417105379073,99.44536882972822,0.8455412838773595,77.77777777777777,0.8860758151296613,76.73179396092362
11,Train,AWP,123,0.01252845591117971,99.55629506378258,0.8111361751022438,79.11111111111111,0.8798821791874155,76.3765541740675
11,Train_Extra,AWP,1,0.021586366467537324,99.38990571270105,0.7956100321478314,79.77777777777777,0.8631211584880552,77.08703374777976
11,Train_Extra,AWP,2,0.020939599158928582,99.44536882972822,0.806194280197637,78.66666666666667,0.8689116404704472,76.19893428063943
11,Train_Extra,AWP,3,0.01992334467930752,99.44536882972822,0.7851779678153495,80.0,0.8606848056108871,77.797513321492
11,Train_Extra,AWP,4,0.020297140354829792,99.38990571270105,0.7969057045049137,79.55555555555556,0.8938602293786951,77.26465364120781
11,Train_Extra,AWP,5,0.02010570003920676,99.66722129783693,0.7810003830254492,78.88888888888889,0.8794352320117171,77.97513321492008
11,Train_Extra,AWP,6,0.020128891094620422,99.61175818080976,0.7791555240957273,78.88888888888889,0.8751481566081886,76.90941385435168
11,Train_Extra,AWP,7,0.021042034667181343,99.33444259567388,0.7572313403752116,81.11111111111111,0.8357130820543686,78.15275310834814
11,Train_Extra,AWP,8,0.020154471204844874,99.38990571270105,0.8065815939257542,79.11111111111111,0.8897962760755902,77.26465364120781
11,Train_Extra,AWP,9,0.018339896339743415,99.66722129783693,0.762461356682082,80.0,0.8193857657125957,77.97513321492008
11,Train_Extra,AWP,10,0.021646512541593166,99.50083194675541,0.7843845192881094,78.88888888888889,0.8779906788261915,78.3303730017762
11,Train_Extra,AWP,11,0.018350364333999,99.50083194675541,0.7975339910098248,78.88888888888889,0.852595897804992,78.68561278863233
11,Train_Extra,AWP,12,0.018320819789854188,99.50083194675541,0.8011691600912147,79.11111111111111,0.8736297374931999,77.61989342806395
11,Train_Extra,AWP,13,0.01779846755354747,99.50083194675541,0.8118382598045799,78.0,0.8921707946919633,77.97513321492008
11,Train_Extra,AWP,14,0.017834278256550692,99.55629506378258,0.83332885387871,78.44444444444444,0.9098599179388152,76.90941385435168
11,Train_Extra,AWP,15,0.02243540312874278,99.22351636161952,0.8271809747111466,79.11111111111111,0.889082504631571,77.61989342806395
11,Train_Extra,AWP,16,0.01737580566846749,99.50083194675541,0.7864568135680424,81.55555555555556,0.8811683428223984,77.26465364120781
11,Train_Extra,AWP,17,0.01748750051238427,99.33444259567388,0.8159413687719239,79.33333333333333,0.8510045981957688,77.44227353463587
11,Train_Extra,AWP,18,0.01908842297761064,99.44536882972822,0.7725254098491536,79.77777777777777,0.8565406981412301,78.15275310834814
11,Train_Extra,AWP,19,0.015599549839910316,99.72268441486412,0.8217518479045894,78.22222222222223,0.8786649399074737,77.26465364120781
11,Train_Extra,AWP,20,0.016396586869010014,99.50083194675541,0.8471893648347921,78.66666666666667,0.8686920711456353,77.44227353463587
11,Train_Extra,AWP,21,0.01634399571635744,99.44536882972822,0.7997655203524563,80.22222222222223,0.8617336282086415,77.797513321492
11,Train_Extra,AWP,22,0.015235410958299772,99.55629506378258,0.832409489436282,80.0,0.9452724816744111,76.3765541740675
11,Train_Extra,AWP,23,0.016147862831865877,99.61175818080976,0.7997616311038533,79.11111111111111,0.8485825652551058,77.08703374777976
11,Train_Extra,AWP,24,0.015738452002487816,99.38990571270105,0.8157092022895813,77.77777777777777,0.8567235099274142,77.97513321492008
11,Train_Extra,AWP,25,0.017585524329262085,99.33444259567388,0.7871164140146639,78.44444444444444,0.8380542678053807,78.50799289520427
11,Train_Extra,AWP,26,0.014993656422583419,99.38990571270105,0.7414098799394236,78.88888888888889,0.8372501048059278,77.797513321492
11,Train_Extra,AWP,27,0.01628173112444449,99.44536882972822,0.8163200939322511,77.33333333333333,0.886794645875216,76.55417406749557
11,Train_Extra,AWP,28,0.014347471008812519,99.50083194675541,0.7874773903325614,79.33333333333333,0.8567975983950004,77.97513321492008
11,Train_Extra,AWP,29,0.015507704329170417,99.55629506378258,0.8069643780237271,78.22222222222223,0.8736513215737487,76.55417406749557
11,Train_Extra,AWP,30,0.013718416326140103,99.61175818080976,0.7474591415209902,80.0,0.8554887265549248,77.08703374777976
11,Train_Extra,AWP,31,0.014016547575266216,99.55629506378258,0.816580016658538,78.44444444444444,0.8791780109727362,76.90941385435168
11,Train_Extra,AWP,32,0.01477395548493389,99.38990571270105,0.8074858383503225,78.88888888888889,0.8649303368946164,78.15275310834814
11,Train_Extra,AWP,33,0.014693212946631798,99.55629506378258,0.8596114560133881,77.77777777777777,0.8694079426211532,77.08703374777976
11,Train_Extra,AWP,34,0.01299187539476215,99.61175818080976,0.7916042713489797,79.11111111111111,0.8531149286995138,77.61989342806395
11,Train_Extra,AWP,35,0.013385597193662665,99.66722129783693,0.8346796541930073,78.66666666666667,0.8724667274295542,77.797513321492
11,Train_Extra,AWP,36,0.014408889085691618,99.55629506378258,0.7986241326563888,80.44444444444444,0.8642008996983828,77.08703374777976
11,Train_Extra,AWP,37,0.014689765212926687,99.38990571270105,0.7967004530307733,79.55555555555556,0.8313855040772135,77.97513321492008
11,Train_Extra,AWP,38,0.014085919682034537,99.44536882972822,0.850718264048919,78.66666666666667,0.8379734074878862,77.44227353463587
11,Train_Extra,AWP,39,0.015930224254956108,99.50083194675541,0.8311256979157527,78.66666666666667,0.863175980151229,76.3765541740675
11,Train_Extra,AWP,40,0.014057352364863874,99.38990571270105,0.8216914352055432,78.88888888888889,0.8748635542752687,76.73179396092362
11,Train_Extra,AWP,41,0.013636572092461089,99.66722129783693,0.8066858682233012,79.33333333333333,0.8838194443531612,76.3765541740675
11,Train_Extra,AWP,42,0.012576980589839973,99.66722129783693,0.8075758214667439,79.11111111111111,0.9039222611838929,76.3765541740675
11,Train_Extra,AWP,43,0.01292044507837936,99.55629506378258,0.7774900345773332,80.0,0.8947677294695567,75.8436944937833
11,Train_Extra,AWP,44,0.014446928588624456,99.44536882972822,0.82522475275418,78.0,0.8831414513647239,75.8436944937833
11,Train_Extra,AWP,45,0.01332258994041599,99.61175818080976,0.7770602826049758,79.11111111111111,0.8591131306456842,77.797513321492
11,Train_Extra,AWP,46,0.013066877590557724,99.72268441486412,0.8141577585393356,79.77777777777777,0.8652777502422434,77.08703374777976
11,Train_Extra,AWP,47,0.012907783339502649,99.55629506378258,0.8013713282853779,79.77777777777777,0.8710959995195243,76.73179396092362
11,Train_Extra,AWP,48,0.013004809164589173,99.50083194675541,0.8474679988457097,78.22222222222223,0.8742183285962202,75.8436944937833
11,Train_Extra,AWP,49,0.012491298827195638,99.61175818080976,0.8206918920431701,78.66666666666667,0.850036030552527,76.90941385435168
11,Train_Extra,AWP,50,0.01284731717641351,99.50083194675541,0.8022282411530613,78.66666666666667,0.8597474928224066,76.73179396092362
11,Train_Extra,AWP,51,0.011838479629276614,99.61175818080976,0.822575589634685,78.44444444444444,0.8568688343092138,77.26465364120781
11,Train_Extra,AWP,52,0.012399711127376608,99.66722129783693,0.8172749225857358,79.55555555555556,0.8451758798866882,77.08703374777976
11,Train_Extra,AWP,53,0.011431369800815,99.83361064891847,0.8282959895394743,78.0,0.8625630815753293,76.19893428063943
11,Train_Extra,AWP,54,0.011175779626794616,99.44536882972822,0.8454495905774335,78.0,0.8508766864163414,77.26465364120781
11,Train_Extra,AWP,55,0.011243808318109234,99.61175818080976,0.8308118438575831,78.44444444444444,0.8884166392297559,76.55417406749557
11,Train_Extra,AWP,56,0.012728934911520858,99.61175818080976,0.8339883291328118,79.33333333333333,0.8923145257346795,76.3765541740675
11,Train_Extra,AWP,57,0.01162425840167296,99.61175818080976,0.8045524986791942,78.22222222222223,0.8649370647027268,77.08703374777976
11,Train_Extra,AWP,58,0.011358874551788495,99.55629506378258,0.7840793863808115,77.33333333333333,0.8511442062486341,77.08703374777976
11,Train_Extra,AWP,59,0.011640795450371673,99.55629506378258,0.7909354730452307,79.55555555555556,0.8683344307843576,77.44227353463587
11,Train_Extra,AWP,60,0.013949075697414708,99.50083194675541,0.7984335248586204,79.11111111111111,0.8635484585753554,77.797513321492
11,Train_Extra,AWP,61,0.012157770829569352,99.61175818080976,0.7870373253513956,79.33333333333333,0.866767384442724,77.44227353463587
11,Train_Extra,AWP,62,0.011196699322266667,99.72268441486412,0.8103108750821816,79.33333333333333,0.8592128783305627,77.61989342806395
11,Train_Extra,AWP,63,0.011064197630172171,99.50083194675541,0.8152959593266456,77.77777777777777,0.8617522849918047,77.44227353463587
11,Train_Extra,AWP,64,0.01121258746787677,99.50083194675541,0.7812817835518056,79.77777777777777,0.8712271794967923,76.73179396092362
11,Train_Extra,AWP,65,0.010814726400687442,99.55629506378258,0.819290800133927,78.44444444444444,0.8862366803374214,77.61989342806395
11,Train_Extra,AWP,66,0.0113063450982353,99.72268441486412,0.8122641359590408,79.55555555555556,0.8442042430806541,77.26465364120781
11,Train_Extra,AWP,67,0.011735408210497872,99.61175818080976,0.8235433335591935,79.77777777777777,0.9056841573325609,76.73179396092362
11,Train_Extra,AWP,68,0.010100049804079166,99.66722129783693,0.7887714415695518,80.44444444444444,0.8653149835593323,76.73179396092362
11,Train_Extra,AWP,69,0.010181328081607557,99.66722129783693,0.8358892479652746,78.44444444444444,0.8582006379512022,77.26465364120781
11,Train_Extra,AWP,70,0.010046446469220283,99.55629506378258,0.8366643636694385,78.22222222222223,0.8705670283065172,77.08703374777976
11,Train_Extra,AWP,71,0.009762488770208796,99.66722129783693,0.821933243183626,78.66666666666667,0.8577235930766348,76.90941385435168
11,Train_Extra,AWP,72,0.010247482650651875,99.55629506378258,0.7922187775373459,79.33333333333333,0.861125111579895,76.19893428063943
11,Train_Extra,AWP,73,0.010219667362163594,99.50083194675541,0.8334369515648319,78.66666666666667,0.874933395250229,76.3765541740675
11,Train_Extra,AWP,74,0.009390604344253805,99.77814753189129,0.8130116298235953,80.44444444444444,0.8784286300411868,78.3303730017762
11,Train_Extra,AWP,75,0.010001419272412661,99.72268441486412,0.7747214858109752,79.77777777777777,0.8840475908181172,76.73179396092362
11,Train_Extra,AWP,76,0.00993656023638323,99.66722129783693,0.8203433249414795,80.0,0.8880744128625304,77.44227353463587
11,Train_Extra,AWP,77,0.0099924365712101,99.55629506378258,0.820393043777181,80.0,0.8950268705615354,77.97513321492008
11,Train_Extra,AWP,78,0.010468300617822822,99.50083194675541,0.777825349830091,79.55555555555556,0.8581420869217461,78.15275310834814
11,Train_Extra,AWP,79,0.009541046780150123,99.61175818080976,0.8053091089551647,80.44444444444444,0.8569092701849251,77.97513321492008
11,Train_Extra,AWP,80,0.009651969511699127,99.61175818080976,0.804944807347945,80.0,0.9085886577941596,76.90941385435168
11,Train_Extra,AWP,81,0.009983003105796678,99.55629506378258,0.7989582573725945,78.88888888888889,0.8596216507957418,77.61989342806395
11,Train_Extra,AWP,82,0.009977791377694526,99.61175818080976,0.8054358909848249,80.0,0.8870999366309672,77.44227353463587
11,Train_Extra,AWP,83,0.009544487043872084,99.72268441486412,0.8098675672834118,78.66666666666667,0.8676216405407785,77.797513321492
11,Train_Extra,AWP,84,0.010267506506735165,99.61175818080976,0.8103154738247395,80.22222222222223,0.8688179345579808,77.797513321492
11,Train_Extra,AWP,85,0.010021185546320978,99.66722129783693,0.8097516396714167,79.55555555555556,0.8596847072164289,78.86323268206039
11,Train_Extra,AWP,86,0.01049601348227282,99.72268441486412,0.7951889286852545,80.0,0.857817788954103,78.68561278863233
11,Train_Extra,AWP,87,0.00894369569039299,99.72268441486412,0.7966169525165525,78.88888888888889,0.8348449362742965,77.97513321492008
11,Train_Extra,AWP,88,0.009192473400106425,99.77814753189129,0.7859438103333943,79.33333333333333,0.8763764165011011,77.44227353463587
11,Train_Extra,AWP,89,0.009529337427872969,99.66722129783693,0.8457840122282505,78.88888888888889,0.8723754370403121,77.08703374777976
11,Train_Extra,AWP,90,0.009828158101810371,99.66722129783693,0.7990750658558682,79.33333333333333,0.8796722607333114,77.61989342806395
11,Train_Extra,AWP,91,0.009215496195553752,99.72268441486412,0.80369853105603,79.33333333333333,0.873249759259063,77.08703374777976
11,Train_Extra,AWP,92,0.009236525792706137,99.66722129783693,0.7745149040149731,80.88888888888889,0.8651933640400428,78.15275310834814
11,Train_Extra,AWP,93,0.009103764628730061,99.61175818080976,0.7908198832772259,79.55555555555556,0.8740720194144105,77.61989342806395
11,Train_Extra,AWP,94,0.008923878608345004,99.61175818080976,0.8413376321043405,78.44444444444444,0.8978234152599084,77.08703374777976
11,Train_Extra,AWP,95,0.009013299406465274,99.66722129783693,0.7964448887358109,80.0,0.8836713493611419,76.73179396092362
11,Train_Extra,AWP,96,0.008455557112475824,99.66722129783693,0.7850079664888068,79.55555555555556,0.8815859374102225,76.73179396092362
11,Train_Extra,AWP,97,0.008745607267452502,99.72268441486412,0.7665647795165165,79.77777777777777,0.8824301519783522,77.26465364120781
11,Train_Extra,AWP,98,0.008619415190830631,99.72268441486412,0.7692885481338534,78.66666666666667,0.8966356877958795,76.73179396092362
11,Train_Extra,AWP,99,0.01095719557263676,99.72268441486412,0.7906773415202689,79.11111111111111,0.87616130577311,77.61989342806395
11,Train_Extra,AWP,100,0.008650272412699434,99.77814753189129,0.8070518955205463,79.33333333333333,0.8768444325953563,77.26465364120781
11,Train_Extra,AWP,101,0.008092992820597271,99.66722129783693,0.7757843482158043,79.33333333333333,0.8994989079649877,77.44227353463587
11,Train_Extra,AWP,102,0.008081605584409676,99.72268441486412,0.8132438813548328,79.55555555555556,0.9157866904409486,76.73179396092362
11,Train_Extra,AWP,103,0.008559490907365424,99.77814753189129,0.8072439286030001,79.11111111111111,0.9206237841668815,77.08703374777976
11,Train_Extra,AWP,104,0.008224225081217458,99.72268441486412,0.7889491220791307,79.33333333333333,0.9004835008939672,77.97513321492008
11,Train_Extra,AWP,105,0.008520891072980145,99.66722129783693,0.7932312650161071,79.11111111111111,0.8659451742578781,76.90941385435168
11,Train_Extra,AWP,106,0.010208947390518069,99.66722129783693,0.8216492438461218,78.88888888888889,0.8792891493910795,77.44227353463587
11,Train_Extra,AWP,107,0.008430974268999865,99.66722129783693,0.7969229551352974,79.55555555555556,0.8530638472013321,77.61989342806395
11,Train_Extra,AWP,108,0.008108871307820408,99.72268441486412,0.7970305361039937,78.44444444444444,0.8993365408895706,77.08703374777976
11,Train_Extra,AWP,109,0.007557100329441917,99.77814753189129,0.7804345313832164,79.11111111111111,0.8801806230316366,77.44227353463587
11,Train_Extra,AWP,110,0.007944655253372172,99.66722129783693,0.7577597125795567,80.44444444444444,0.8908720903667633,77.797513321492
11,Train_Extra,AWP,111,0.010354302125051618,99.72268441486412,0.758536127626689,80.44444444444444,0.8783458818550856,77.26465364120781
11,Train_Extra,AWP,112,0.008099633619279126,99.77814753189129,0.772999313366082,79.77777777777777,0.8924799729833383,76.90941385435168
11,Train_Extra,AWP,113,0.007937364413999348,99.72268441486412,0.7745928853460484,79.33333333333333,0.8704380910731124,77.44227353463587
11,Train_Extra,AWP,114,0.007620863831936987,99.72268441486412,0.7736364364137666,79.55555555555556,0.8832228459007575,77.61989342806395
11,Train_Extra,AWP,115,0.007167688118020203,99.83361064891847,0.7482291054441076,80.22222222222223,0.8487741347951533,78.15275310834814
11,Train_Extra,AWP,116,0.0076304287292275645,99.77814753189129,0.7656352306343615,80.22222222222223,0.8670574915769045,78.15275310834814
11,Train_Extra,AWP,117,0.007469710218924375,99.72268441486412,0.7777866680733859,79.11111111111111,0.8641053277264692,77.44227353463587
11,Train_Extra,AWP,118,0.007493604096102021,99.66722129783693,0.7871086411333332,79.77777777777777,0.8874357324722182,78.15275310834814
11,Train_Extra,AWP,119,0.006921732478587185,99.66722129783693,0.7629913100155278,80.0,0.8544377617895286,77.97513321492008
11,Train_Extra,AWP,120,0.006446333304394788,99.77814753189129,0.7757792321608091,79.11111111111111,0.8521958233831619,77.44227353463587
11,Train_Extra,AWP,121,0.006989122571611548,99.66722129783693,0.7644866698866503,79.33333333333333,0.8845507452797086,77.61989342806395
11,Train_Extra,AWP,122,0.006965482494132103,99.77814753189129,0.784805476775186,80.0,0.8911161693755941,78.3303730017762
11,Train_Extra,AWP,123,0.006308282926686827,99.88907376594564,0.7943900868958897,78.66666666666667,0.8784368599286935,76.90941385435168
11,Train_Extra,AWP,124,0.009614893709607586,99.77814753189129,0.805309772774991,77.33333333333333,0.8790400794725435,76.90941385435168
11,Train_Extra,AWP,125,0.0072346074565869285,99.77814753189129,0.7951567447827094,79.33333333333333,0.857281220319216,78.15275310834814
11,Train_Extra,AWP,126,0.007303332740424625,99.66722129783693,0.7815712863144775,79.77777777777777,0.8672305637735669,77.61989342806395
11,Train_Extra,AWP,127,0.007715134305487338,99.77814753189129,0.7721665998134348,80.22222222222223,0.8753283525656638,77.26465364120781
11,Train_Extra,AWP,128,0.006680742148187403,99.77814753189129,0.7914284507102437,79.55555555555556,0.8937416277812599,76.55417406749557
11,Train_Extra,AWP,129,0.007168564290367884,99.83361064891847,0.7688866854986797,79.77777777777777,0.8653141124633871,76.90941385435168
11,Train_Extra,AWP,130,0.006613260359715736,99.88907376594564,0.783587217276088,79.33333333333333,0.855138409412987,77.08703374777976
11,Train_Extra,AWP,131,0.006850503844090558,99.83361064891847,0.8044761116036938,79.77777777777777,0.887228846126509,77.26465364120781
11,Train_Extra,AWP,132,0.005942677893153016,99.88907376594564,0.8038179787827863,79.33333333333333,0.930922778842716,77.08703374777976
11,Train_Extra,AWP,133,0.006718366670324222,99.83361064891847,0.7786258787568658,78.88888888888889,0.8961418653254399,77.61989342806395
11,Train_Extra,AWP,134,0.006349841088849006,99.77814753189129,0.7637987664238446,79.77777777777777,0.8935874692076688,76.90941385435168
11,Train_Extra,AWP,135,0.006526163291071721,99.72268441486412,0.7839054752793163,78.44444444444444,0.8850091232076208,77.26465364120781
11,Train_Extra,AWP,136,0.006312865048050554,99.88907376594564,0.7836636230359889,79.33333333333333,0.8978563534430034,78.3303730017762
11,Train_Extra,AWP,137,0.006720782549165418,99.77814753189129,0.7972156184715116,79.33333333333333,0.8861081462558591,77.797513321492
11,Train_Extra,AWP,138,0.005967409971880873,99.88907376594564,0.7964099203484754,79.33333333333333,0.8616908464719728,77.61989342806395
11,Train_Extra,AWP,139,0.006236600696738286,99.83361064891847,0.8224312486675465,79.11111111111111,0.873699430250571,77.61989342806395
11,Train_Extra,AWP,140,0.006356801069750075,99.83361064891847,0.7932670400395162,80.44444444444444,0.8734051522734322,77.97513321492008
11,Train_Extra,AWP,141,0.00643726184161527,99.72268441486412,0.7628116630431678,79.33333333333333,0.8581089115905084,77.26465364120781
11,Train_Extra,AWP,142,0.006163272651815133,99.77814753189129,0.7925003466941416,80.0,0.8562044618820001,78.15275310834814
11,Train_Extra,AWP,143,0.006697904860821406,99.83361064891847,0.7781084814088212,80.44444444444444,0.8766057671280991,77.44227353463587
11,Train_Extra,AWP,144,0.006152356617875691,99.88907376594564,0.7811433768189616,81.11111111111111,0.8710747993225314,78.15275310834814
11,Train_Extra,AWP,145,0.006228123206886251,99.83361064891847,0.7899408016467674,80.44444444444444,0.8452791869111002,77.797513321492
11,Train_Extra,AWP,146,0.006534578474728684,99.83361064891847,0.7764641968724835,79.55555555555556,0.8663651720880403,78.50799289520427
11,Train_Extra,AWP,147,0.006676360962732711,99.83361064891847,0.8129851361757351,79.33333333333333,0.8708642138892762,77.797513321492
11,Train_Extra,AWP,148,0.0062108978199192505,99.83361064891847,0.8016283211515596,79.77777777777777,0.8888675497437879,77.26465364120781
11,Train_Extra,AWP,149,0.00592269630042689,99.83361064891847,0.79680085276357,80.22222222222223,0.8521065794553468,77.61989342806395
11,Train_Extra,AWP,150,0.005645126950408316,99.83361064891847,0.7805105254809476,80.22222222222223,0.8401331285388601,77.26465364120781
11,Train_Extra,AWP,151,0.005854342698033801,99.88907376594564,0.770220267505178,80.22222222222223,0.8612265379348403,77.97513321492008
11,Train_Extra,AWP,152,0.006026035127752836,99.83361064891847,0.7756362255931728,80.22222222222223,0.8709432227573428,77.797513321492
11,Train_Extra,AWP,153,0.006267022179121054,99.77814753189129,0.7941471816816678,79.11111111111111,0.8503364870857388,77.97513321492008
11,Train_Extra,AWP,154,0.006151953641643846,99.83361064891847,0.7772000798810688,79.77777777777777,0.8685028066008383,77.797513321492
11,Train_Extra,AWP,155,0.005516561477347032,99.88907376594564,0.7670852933720582,79.77777777777777,0.882052854576924,77.08703374777976
11,Train_Extra,AWP,156,0.005801713728272405,99.83361064891847,0.8002424365292407,79.11111111111111,0.8681368209540739,76.19893428063943
11,Train_Extra,AWP,157,0.005667294200464855,99.83361064891847,0.7948251781136625,78.88888888888889,0.8670675792660214,77.797513321492
11,Train_Extra,AWP,158,0.006056777855152623,99.77814753189129,0.7968479774499105,79.77777777777777,0.9006677609777366,76.55417406749557
11,Train_Extra,AWP,159,0.005774272464852976,99.88907376594564,0.7980362496431916,79.55555555555556,0.8765053630510401,77.797513321492
11,Train_Extra,AWP,160,0.006107248602283857,99.77814753189129,0.7828651232996748,79.55555555555556,0.86680828042818,77.797513321492
11,Train_Extra,AWP,161,0.006294892409514113,99.77814753189129,0.80877170238023,78.44444444444444,0.8961005439555031,77.97513321492008
11,Train_Extra,AWP,162,0.00595106022675489,99.83361064891847,0.7844051074986863,79.33333333333333,0.8816936356983218,77.61989342806395
11,Train_Extra,AWP,163,0.005863755527299649,99.83361064891847,0.8150121567408658,79.55555555555556,0.8559110298038164,78.3303730017762
11,Train_Extra,AWP,164,0.005632643288168893,99.88907376594564,0.7808135483062102,79.55555555555556,0.8825736316863851,77.44227353463587
11,Train_Extra,AWP,165,0.005656433276926053,99.83361064891847,0.7829145434146954,79.55555555555556,0.869691959071117,76.90941385435168
11,Train_Extra,AWP,166,0.005645856356223751,99.88907376594564,0.7824181440912394,79.33333333333333,0.8560054126471863,77.97513321492008
11,Train_Extra,AWP,167,0.006215694157218789,99.83361064891847,0.7745772822822133,80.44444444444444,0.8337823194889997,78.86323268206039
11,Train_Extra,AWP,168,0.006119517347542569,99.83361064891847,0.7938986899010423,79.55555555555556,0.8807335452542212,77.08703374777976
11,Train_Extra,AWP,169,0.005916146932704897,99.83361064891847,0.7915942012415164,80.22222222222223,0.8767866122786148,77.97513321492008
11,Train_Extra,AWP,170,0.005853689318571828,99.83361064891847,0.7919723457015223,80.44444444444444,0.8680558357103256,76.90941385435168
11,Train_Extra,AWP,171,0.005791300501298616,99.83361064891847,0.7736172595082058,79.77777777777777,0.8687911321595972,77.08703374777976
11,Train_Extra,AWP,172,0.005552123059731042,99.83361064891847,0.7829575773173322,78.88888888888889,0.9060127495872403,76.90941385435168
11,Train_Extra,AWP,173,0.005853163546130976,99.77814753189129,0.7912574038551086,80.0,0.8827198277993482,77.97513321492008
11,Train_Extra,AWP,174,0.005938618055855234,99.83361064891847,0.7949192426705526,79.77777777777777,0.8940742665878622,77.44227353463587
11,Train_Extra,AWP,175,0.005580049043872573,99.88907376594564,0.7874437947902414,80.44444444444444,0.8589552672675829,78.3303730017762
11,Train_Extra,AWP,176,0.005859164327072601,99.83361064891847,0.783073481687655,80.0,0.8402054000705428,77.08703374777976
11,Train_Extra,AWP,177,0.005841553037610362,99.83361064891847,0.8044347971636387,79.33333333333333,0.8916714153323673,76.90941385435168
11,Train_Extra,AWP,178,0.005955360210480234,99.83361064891847,0.8128246484603733,78.66666666666667,0.873522351097256,77.44227353463587
11,Train_Extra,AWP,179,0.005730597570889809,99.83361064891847,0.7836366618610918,79.77777777777777,0.8769641665751726,76.90941385435168
11,Train_Extra,AWP,180,0.005447431549168469,99.88907376594564,0.776842848551977,79.77777777777777,0.8699887647933688,77.61989342806395
11,Train_Extra,AWP,181,0.006161255291213788,99.83361064891847,0.7922329392429027,79.55555555555556,0.8800386073957751,77.797513321492
11,Train_Extra,AWP,182,0.005629579288468353,99.83361064891847,0.793363564711892,79.33333333333333,0.8739501981074602,77.61989342806395
11,Train_Extra,AWP,183,0.005492660786809498,99.83361064891847,0.7857079189746744,79.33333333333333,0.84080499145955,77.797513321492
11,Train_Extra,AWP,184,0.005830823703722113,99.83361064891847,0.7839967162772599,80.0,0.8606932861978589,77.797513321492
11,Train_Extra,AWP,185,0.0059689636185985846,99.83361064891847,0.8179603369399491,78.66666666666667,0.8779524662143172,77.26465364120781
11,Train_Extra,AWP,186,0.005686880876677797,99.83361064891847,0.8012216207385063,79.33333333333333,0.8797781361568038,77.61989342806395
11,Train_Extra,AWP,187,0.006019330268476583,99.83361064891847,0.7973942691806911,79.77777777777777,0.8734054868217048,77.97513321492008
11,Train_Extra,AWP,188,0.005934148317656333,99.83361064891847,0.774281678326014,80.22222222222223,0.8782218800556596,77.797513321492
11,Train_Extra,AWP,189,0.005397047433418042,99.83361064891847,0.7753354817877213,81.11111111111111,0.8435713836185462,77.797513321492
11,Train_Extra,AWP,190,0.0057872328054560185,99.83361064891847,0.7961609289065624,80.44444444444444,0.8839687049706495,77.61989342806395
11,Train_Extra,AWP,191,0.0058727282479307365,99.83361064891847,0.7895834847167135,80.44444444444444,0.871477680562021,77.08703374777976
11,Train_Extra,AWP,192,0.005566045516293104,99.88907376594564,0.784142485824931,80.0,0.8595017167221801,77.97513321492008
11,Train_Extra,AWP,193,0.005227848226224938,99.83361064891847,0.7781590008901225,80.44444444444444,0.8432690417576005,77.797513321492
11,Train_Extra,AWP,194,0.005843404928638943,99.77814753189129,0.7833217334188521,80.66666666666667,0.8671957493675326,78.3303730017762
11,Train_Extra,AWP,195,0.0059729883934395685,99.83361064891847,0.7760348464217451,80.44444444444444,0.8564981404248605,78.15275310834814
11,Train_Extra,AWP,196,0.004808839508577397,99.88907376594564,0.7753126469151014,80.22222222222223,0.8642895026909945,77.97513321492008
11,Train_Extra,AWP,197,0.005517921677541412,99.83361064891847,0.789685696864811,78.66666666666667,0.8861377656353938,76.90941385435168
11,Train_Extra,AWP,198,0.005422668236414003,99.88907376594564,0.7942685700890919,79.55555555555556,0.8868615004774943,77.61989342806395
11,Train_Extra,AWP,199,0.005643216842017545,99.83361064891847,0.7885245208649172,80.0,0.8577173761957281,77.26465364120781
11,Train_Extra,AWP,200,0.005579556766877016,99.77814753189129,0.7861144307297137,80.66666666666667,0.870984870841194,77.44227353463587
12,Train,AWP,1,3.224660844133611,13.643926788685524,3.341370258331299,9.555555555555555,3.343439958447038,11.012433392539965
12,Train,AWP,2,3.326495651613202,8.596783139212423,3.3406298722161187,6.444444444444445,3.3305098171979455,8.880994671403197
12,Train,AWP,3,3.3419941224549947,10.038824181919024,3.3348714605967205,8.666666666666666,3.321744493227022,9.41385435168739
12,Train,AWP,4,3.307258626870942,12.756516916250693,3.327595346238878,10.88888888888889,3.3179331969198493,11.190053285968029
12,Train,AWP,5,3.2877922267244575,15.085967831392125,3.289018703036838,12.88888888888889,3.287337783810089,12.433392539964476
12,Train,AWP,6,3.239194811436168,15.69606211869107,3.254594963921441,14.444444444444445,3.257692407333618,13.49911190053286
12,Train,AWP,7,3.1226498369585003,23.46089850249584,3.139369404051039,19.555555555555557,3.148186629872974,20.603907637655418
12,Train,AWP,8,2.9657954249465677,24.403771491957848,2.898633895450168,27.77777777777778,2.9134333408958746,27.886323268206038
12,Train,AWP,9,2.567682906201011,30.72656683305602,2.576890542772081,29.333333333333332,2.5343936311203463,32.149200710479576
12,Train,AWP,10,2.466877161410817,30.837493067110373,2.4181273057725696,32.0,2.384818240550229,35.34635879218472
12,Train,AWP,11,2.2223945709696986,37.71491957848031,2.278878413306342,37.111111111111114,2.2696580679336193,39.96447602131439
12,Train,AWP,12,2.09403251555928,40.98724348308375,2.1901050440470375,38.44444444444444,2.2143210759171374,35.34635879218472
12,Train,AWP,13,1.9635521445358008,43.427620632279535,2.0194304280810886,43.111111111111114,2.0477404039664124,43.3392539964476
12,Train,AWP,14,1.882236265299613,46.25623960066556,2.069663694699605,42.44444444444444,2.090301489957061,40.674955595026645
12,Train,AWP,15,1.7953671426103825,48.41930116472546,1.9122122436099582,47.77777777777778,1.922707471712021,44.760213143872114
12,Train,AWP,16,1.690107033963789,52.19079312257349,1.8973351457383898,45.111111111111114,1.905791140364923,44.760213143872114
12,Train,AWP,17,1.6054851757852655,55.13033832501387,1.8308967214160496,50.22222222222222,1.8144101116204134,49.91119005328597
12,Train,AWP,18,1.5452489518282706,56.90515806988353,1.7339132086435953,54.888888888888886,1.7921908126207693,53.10834813499112
12,Train,AWP,19,1.4628885137407404,61.00942872989462,1.6829108079274495,55.333333333333336,1.7171048307080041,50.62166962699823
12,Train,AWP,20,1.3724102702057153,63.28341652800887,1.6116424051920573,59.333333333333336,1.6438373119750624,57.90408525754884
12,Train,AWP,21,1.3058300060138368,66.1120354963949,1.6238956112331815,58.888888888888886,1.649507125995087,58.43694493783304
12,Train,AWP,22,1.2089029937459712,66.1120354963949,1.5854262097676595,58.22222222222222,1.6019986177634176,57.37122557726465
12,Train,AWP,23,1.1412479563763267,70.04991680532446,1.4896383992830913,61.333333333333336,1.5012575112693476,60.39076376554174
12,Train,AWP,24,1.0596634212293123,73.65501941209097,1.4979664089944627,59.77777777777778,1.485440632166278,61.63410301953819
12,Train,AWP,25,1.0043457244571887,72.93399889073766,1.4208001905017429,62.0,1.4214158763258748,63.41030195381883
12,Train,AWP,26,0.9352116835744757,74.81974486966168,1.4317449914084541,60.888888888888886,1.4187826038889098,62.699822380106575
12,Train,AWP,27,0.8873160063174733,76.76095396561287,1.4128329496913485,61.55555555555556,1.3941364252334378,63.765541740674955
12,Train,AWP,28,0.852591197741659,77.92567942318358,1.351066300868988,63.333333333333336,1.3404618156527965,65.18650088809947
12,Train,AWP,29,0.8226218338598285,77.20465890183029,1.3028203678131103,66.88888888888889,1.3104107437082972,66.42984014209591
12,Train,AWP,30,0.7633747725110305,80.03327787021631,1.3180936373604668,64.22222222222223,1.3016898164105457,65.0088809946714
12,Train,AWP,31,0.7368759763868231,81.2534664448142,1.2972589590814378,66.44444444444444,1.2837233613270003,66.25222024866785
12,Train,AWP,32,0.6898084596583718,82.19633943427621,1.2616684495078192,68.22222222222223,1.2451048778174825,65.0088809946714
12,Train,AWP,33,0.6574107497407679,83.86023294509151,1.2610992709795634,67.33333333333333,1.2532812539044749,67.67317939609237
12,Train,AWP,34,0.6074744164943695,84.74764281752634,1.2429366223017375,67.55555555555556,1.2416538730607787,67.14031971580818
12,Train,AWP,35,0.5841271417182788,84.91403216860787,1.225635023381975,66.0,1.2245225730628357,67.85079928952042
12,Train,AWP,36,0.5425219687453487,86.18968386023295,1.2352008718914456,69.55555555555556,1.1923870849778766,69.44937833037301
12,Train,AWP,37,0.5116558665769142,87.13255684969495,1.2487251619497934,65.11111111111111,1.2288522783858737,66.42984014209591
12,Train,AWP,38,0.4786531669006013,89.51747088186356,1.2016822465260824,67.77777777777777,1.1775630253034628,70.15985790408526
12,Train,AWP,39,0.4524899344695242,89.73932334997227,1.1712577046288384,69.33333333333333,1.153135617926955,69.09413854351688
12,Train,AWP,40,0.4225837583081764,89.96117581808097,1.152133243083954,71.33333333333333,1.1502643057126982,68.56127886323269
12,Train,AWP,41,0.39087847973171036,91.40321686078758,1.171028154823515,69.77777777777777,1.145770304791669,70.51509769094139
12,Train,AWP,42,0.3657031592569853,92.34608985024958,1.203473392923673,67.55555555555556,1.1826810478952383,68.56127886323269
12,Train,AWP,43,0.3565616173702374,92.40155296727676,1.1497924907339945,70.66666666666667,1.1536453540964617,70.51509769094139
12,Train,AWP,44,0.3214643291736904,93.39988907376595,1.0964707703722847,72.22222222222223,1.1227145703181916,71.58081705150977
12,Train,AWP,45,0.3001750271048462,93.67720465890183,1.1082998826768664,71.55555555555556,1.0970292656713863,71.58081705150977
12,Train,AWP,46,0.27308405883479536,94.12090959511924,1.0950503169827992,71.11111111111111,1.1068966073210667,70.87033747779752
12,Train,AWP,47,0.2566080238474043,94.78646699944537,1.11398658408059,73.33333333333333,1.0683778274546296,71.75843694493783
12,Train,AWP,48,0.23879631621795788,94.84193011647254,1.091667521794637,71.33333333333333,1.100184667173965,71.75843694493783
12,Train,AWP,49,0.2264767256483697,95.72933998890737,1.089212059047487,70.22222222222223,1.095394422910565,72.29129662522203
12,Train,AWP,50,0.20771512519894986,96.28397115917915,1.092481392721335,71.33333333333333,1.0845491068824782,70.33747779751332
12,Train,AWP,51,0.1894828539929892,96.8940654464781,1.09386480278439,71.11111111111111,1.1139280698650895,72.64653641207815
12,Train,AWP,52,0.18121532252744624,96.94952856350527,1.0836210070053736,70.44444444444444,1.0815171609975094,72.64653641207815
12,Train,AWP,53,0.1750265193220816,96.78313921242373,1.105328500337071,71.33333333333333,1.09700847794277,71.75843694493783
12,Train,AWP,54,0.16029102348706178,96.83860232945092,1.0698128403557672,73.77777777777777,1.092763673136967,71.75843694493783
12,Train,AWP,55,0.14545170988952905,97.50415973377704,1.1091831541889243,70.44444444444444,1.1117980983075197,69.44937833037301
12,Train,AWP,56,0.13805690865244782,97.78147531891292,1.09204727490743,72.88888888888889,1.075590118633494,73.00177619893428
12,Train,AWP,57,0.127627568090694,97.94786466999446,1.08904153343704,72.88888888888889,1.065041054205615,73.17939609236234
12,Train,AWP,58,0.11603827745114502,98.33610648918469,1.1018112111091614,73.33333333333333,1.0967439965710546,71.9360568383659
12,Train,AWP,59,0.11375935238442923,98.0587909040488,1.074011701428228,72.22222222222223,1.0701250693302595,72.11367673179396
12,Train,AWP,60,0.10350311237076919,97.94786466999446,1.0670825127595,72.0,1.0915432312984026,71.40319715808171
12,Train,AWP,61,0.09789112844226654,98.28064337215751,1.0524894979099433,74.0,1.0365524117307172,72.29129662522203
12,Train,AWP,62,0.09668217449073206,98.39156960621187,1.0270845531423887,73.77777777777777,1.0726950406816458,73.17939609236234
12,Train,AWP,63,0.09189867022398271,98.39156960621187,1.0688359204265807,73.77777777777777,1.0761902270901478,71.75843694493783
12,Train,AWP,64,0.08629465158701989,98.22518025513034,1.0307496079471377,74.44444444444444,1.0611885809347854,72.29129662522203
12,Train,AWP,65,0.08211366260391578,98.66888519134775,1.0796668193903234,72.88888888888889,1.1041939328449446,72.82415630550622
12,Train,AWP,66,0.07975018253190476,98.44703272323905,1.077803939713372,72.88888888888889,1.0701790456238267,71.58081705150977
12,Train,AWP,67,0.07653126973462732,98.44703272323905,1.0834738659279215,72.66666666666667,1.075442090551129,74.24511545293073
12,Train,AWP,68,0.07445473812128368,98.66888519134775,1.0604516349401738,72.44444444444444,1.0474032015402406,73.35701598579041
12,Train,AWP,69,0.06785352926766663,98.83527454242929,1.1063283175643948,69.33333333333333,1.056255368314035,73.17939609236234
12,Train,AWP,70,0.0652806915081384,98.83527454242929,1.0672944010628593,73.11111111111111,1.0297557081676503,75.31083481349911
12,Train,AWP,71,0.06707729005434535,98.44703272323905,1.0768984878725476,73.77777777777777,1.0293982172943983,73.8898756660746
12,Train,AWP,72,0.06223697418739137,99.22351636161952,1.1059407907020715,73.11111111111111,1.063799756670083,73.35701598579041
12,Train,AWP,73,0.06153012524571335,98.66888519134775,1.1107737049874333,73.55555555555556,1.0475478703768173,72.82415630550622
12,Train,AWP,74,0.0602154163153548,98.94620077648364,1.096579998532931,73.55555555555556,1.0362275425960072,75.31083481349911
12,Train,AWP,75,0.06019861154715743,98.89073765945646,1.076851343512535,72.44444444444444,1.0500212378442606,73.71225577264654
12,Train,AWP,76,0.050983644956559465,99.11259012756517,1.1126778409712845,72.44444444444444,1.0314709638405863,75.66607460035524
12,Train,AWP,77,0.04746705006089127,98.89073765945646,1.0526360674285227,72.88888888888889,1.0143015678991856,73.53463587921847
12,Train,AWP,78,0.044133428141082585,99.22351636161952,1.0726626051962376,72.66666666666667,1.0253807731885893,73.71225577264654
12,Train,AWP,79,0.050660881605979646,98.72434830837493,1.1062351525078218,72.0,1.0327939754269262,74.06749555950266
12,Train,AWP,80,0.0474247538337582,99.11259012756517,1.0600697848366367,75.33333333333333,1.0173711016588907,73.71225577264654
12,Train,AWP,81,0.044415720738470554,98.89073765945646,1.0606087680243783,73.33333333333333,1.0445528371295962,73.35701598579041
12,Train,AWP,82,0.04703107138017291,99.00166389351081,1.052967874813411,73.33333333333333,1.0365016151279158,74.42273534635879
12,Train,AWP,83,0.04737787331013303,99.22351636161952,1.0844181139436033,73.77777777777777,1.0102374913637422,75.13321492007105
12,Train,AWP,84,0.04427519537867945,99.16805324459234,1.0531732531719737,72.44444444444444,1.034346756249084,73.53463587921847
12,Train,AWP,85,0.04190084673954468,99.16805324459234,1.0650868167935146,74.44444444444444,1.0639820772208286,74.42273534635879
12,Train,AWP,86,0.043194306377125416,99.11259012756517,1.0739994716644288,73.11111111111111,1.0249161381492817,75.48845470692717
12,Train,AWP,87,0.04045560403743334,99.00166389351081,1.0597988826202023,73.77777777777777,1.0180763923041987,74.42273534635879
12,Train,AWP,88,0.03979809485833373,98.94620077648364,1.0499123186162775,74.66666666666667,1.0129070030012521,76.3765541740675
12,Train,AWP,89,0.03799521678797247,99.00166389351081,1.0606314222431845,73.77777777777777,1.007199410011671,73.8898756660746
12,Train,AWP,90,0.03698599914480981,99.22351636161952,1.0462338741723862,74.22222222222223,1.040945453923295,74.60035523978685
12,Train,AWP,91,0.03493922201328372,99.11259012756517,1.0640224346001115,73.77777777777777,1.0540399102504046,74.24511545293073
12,Train,AWP,92,0.03578303634646561,99.22351636161952,1.0828590120913253,74.44444444444444,1.077444140695128,73.35701598579041
12,Train,AWP,93,0.03491133031141209,99.33444259567388,1.055872402878271,74.22222222222223,1.054688119761262,74.60035523978685
12,Train,AWP,94,0.03616629821950929,99.057127010538,1.0417653188440534,75.55555555555556,1.0367443940567505,74.95559502664298
12,Train,AWP,95,0.03314759219147004,99.00166389351081,1.0425800148894389,74.44444444444444,1.014263505410555,74.42273534635879
12,Train,AWP,96,0.03134399405353817,99.38990571270105,1.0435217844529285,75.33333333333333,1.046868194165916,74.95559502664298
12,Train,AWP,97,0.031079067297181802,99.2789794786467,1.0842741440153785,74.0,1.0836516201601993,74.06749555950266
12,Train,AWP,98,0.031067976021420276,99.11259012756517,1.0892750239537823,74.44444444444444,1.1034457914359193,74.06749555950266
12,Train,AWP,99,0.030961554101259822,99.22351636161952,1.1002631255570385,73.11111111111111,1.0880687543808039,75.48845470692717
12,Train,AWP,100,0.029657287322997786,99.33444259567388,1.0406929762247537,74.88888888888889,1.035586516979956,73.71225577264654
12,Train,AWP,101,0.02983120499636259,99.38990571270105,1.059265268014537,74.0,1.08988995831559,73.00177619893428
12,Train,AWP,102,0.02835687713109349,99.16805324459234,1.0722947381809353,73.77777777777777,1.0618288569933145,73.8898756660746
12,Train,AWP,103,0.029237895483036704,99.22351636161952,1.0547741817600198,75.33333333333333,1.0498611772462698,73.00177619893428
12,Train,AWP,104,0.030122833865645685,99.2789794786467,1.0818452466030914,74.22222222222223,1.009939285726361,74.42273534635879
12,Train,AWP,105,0.029466037736519388,99.22351636161952,1.0115682231220935,75.33333333333333,1.020208556952739,74.95559502664298
12,Train,AWP,106,0.02741196571048676,99.16805324459234,1.0543097099992964,73.77777777777777,1.0823273800617847,73.35701598579041
12,Train,AWP,107,0.027258978360087463,99.33444259567388,1.044096754077408,74.22222222222223,1.0089174310013413,75.66607460035524
12,Train,AWP,108,0.026196304267566455,99.2789794786467,1.0397052191529008,74.22222222222223,0.9844819536005837,74.42273534635879
12,Train,AWP,109,0.02528051699699605,99.44536882972822,1.047014685480131,75.11111111111111,0.9943136501905127,76.3765541740675
12,Train,AWP,110,0.02516756225949186,99.50083194675541,1.056794684049156,74.66666666666667,1.0325081714728375,73.8898756660746
12,Train,AWP,111,0.025229292282458852,99.33444259567388,1.0686015949149927,74.66666666666667,1.0272329622221248,74.24511545293073
12,Train,AWP,112,0.0239925567579472,99.50083194675541,1.0578499618462391,73.77777777777777,1.0438385056348296,73.71225577264654
12,Train,AWP,113,0.02526525318982047,99.2789794786467,1.0439068945248922,74.88888888888889,1.068084083272551,74.06749555950266
12,Train,AWP,114,0.024641298133422408,99.16805324459234,1.0919413018806112,74.44444444444444,1.067330028828677,73.35701598579041
12,Train,AWP,115,0.02436300371610151,99.44536882972822,1.025602047012912,74.22222222222223,1.0304378851268896,75.48845470692717
12,Train,AWP,116,0.023363829004218836,99.44536882972822,0.9834324946337276,75.77777777777777,1.0352911858109768,74.95559502664298
12,Train,AWP,117,0.022356986386799498,99.22351636161952,1.0093511659941738,75.11111111111111,1.0045905206385557,74.06749555950266
12,Train,AWP,118,0.023957824853265232,99.38990571270105,1.0525584977989395,74.44444444444444,1.039199446911922,74.06749555950266
12,Train,AWP,119,0.02276708365810153,99.50083194675541,1.018802718685733,75.33333333333333,1.0148600020163012,75.31083481349911
12,Train,AWP,120,0.024145274239249136,99.44536882972822,1.0078479608231121,76.0,1.0181535865654954,76.3765541740675
12,Train,AWP,121,0.022918621566260986,99.38990571270105,1.0423485697309176,74.88888888888889,0.9904769972416689,76.02131438721136
12,Train,AWP,122,0.022665908813411205,99.33444259567388,1.0499629076653056,74.22222222222223,1.0281054584001774,74.42273534635879
12,Train,AWP,123,0.022367901724289384,99.38990571270105,1.032945206090808,75.11111111111111,1.057460489959107,74.06749555950266
12,Train,AWP,124,0.020768503701363347,99.44536882972822,1.0329922073168887,75.11111111111111,1.025053114916461,75.13321492007105
12,Train,AWP,125,0.022881263103172705,99.38990571270105,1.001414600569341,76.0,1.0592820805300616,74.60035523978685
12,Train,AWP,126,0.021619945503117747,99.44536882972822,1.017977796536353,76.22222222222223,1.0491187483548694,74.60035523978685
12,Train,AWP,127,0.021371946173818095,99.38990571270105,1.008176892105904,76.22222222222223,1.0528653411204607,73.35701598579041
12,Train,AWP,128,0.020901940646581352,99.38990571270105,1.0181954475637112,75.55555555555556,1.0464116879085452,74.42273534635879
12,Train,AWP,129,0.022302801167314642,99.38990571270105,1.003408372849226,75.33333333333333,1.0079174885529607,75.48845470692717
12,Train,AWP,130,0.020219809020330246,99.55629506378258,1.0270930501611697,74.22222222222223,1.001925228967548,75.8436944937833
12,Train,AWP,131,0.020769048096170944,99.44536882972822,1.031450662209342,74.66666666666667,1.0147810632339802,76.73179396092362
12,Train,AWP,132,0.021249662349490744,99.44536882972822,1.0094395974940724,74.88888888888889,1.0060877777755155,74.77797513321492
12,Train,AWP,133,0.020196418306512528,99.50083194675541,1.0018020318076015,74.66666666666667,1.0135860303367221,75.8436944937833
12,Train,AWP,134,0.019019437541270202,99.44536882972822,0.9980994076654315,75.11111111111111,1.012821593780077,76.19893428063943
12,Train,AWP,135,0.0183106198347288,99.50083194675541,1.0453282159732449,74.44444444444444,1.0508112022338922,74.77797513321492
12,Train,AWP,136,0.019124412723294085,99.22351636161952,1.018475369968348,74.22222222222223,0.96450440043031,76.55417406749557
12,Train,AWP,137,0.019228570302131407,99.33444259567388,1.0051321994761626,73.77777777777777,1.0009167262123067,75.31083481349911
12,Train,AWP,138,0.020603428476310352,99.38990571270105,1.0365241612328424,74.0,1.0202802221686125,74.42273534635879
12,Train,AWP,139,0.020537168835289776,99.50083194675541,1.0416967276442382,74.66666666666667,1.0169543296786863,74.60035523978685
12,Train,AWP,140,0.019819611193318116,99.44536882972822,1.0218770234907666,75.55555555555556,1.023752900465767,75.13321492007105
12,Train,AWP,141,0.021599848362568178,99.2789794786467,1.0107392952094476,75.11111111111111,0.9937822926743204,75.8436944937833
12,Train,AWP,142,0.01988985125800562,99.44536882972822,1.0130177200544213,75.33333333333333,0.9964421127871552,75.31083481349911
12,Train,AWP,143,0.022233790474976495,99.50083194675541,0.9988199452890291,74.0,1.0344345948624145,74.77797513321492
12,Train,AWP,144,0.018716178358565167,99.50083194675541,0.9920033290630413,74.66666666666667,0.9966659190176224,75.66607460035524
12,Train,AWP,145,0.018745858465288683,99.44536882972822,1.0448769245400198,74.88888888888889,1.021064825845654,75.48845470692717
12,Train,AWP,146,0.018433269156192086,99.33444259567388,1.0300435871755083,74.0,0.9864632011942076,75.48845470692717
12,Train,AWP,147,0.018444611931938613,99.44536882972822,1.0382243760509624,73.33333333333333,1.033892524602358,75.13321492007105
12,Train,AWP,148,0.01745091306184533,99.55629506378258,1.0048580757694112,76.0,1.0197401116626936,76.55417406749557
12,Train,AWP,149,0.019232158340807808,99.44536882972822,1.057712378890978,73.55555555555556,1.0583105191032587,76.02131438721136
12,Train,AWP,150,0.018249492775730528,99.55629506378258,1.0496387533119156,72.66666666666667,1.0316391245298233,73.8898756660746
12,Train,AWP,151,0.017890156387645555,99.44536882972822,1.0479610935805572,73.55555555555556,1.035036562391115,76.02131438721136
12,Train,AWP,152,0.01852189505313474,99.2789794786467,1.0272596068680286,75.77777777777777,1.0199441981781439,75.48845470692717
12,Train,AWP,153,0.017416131621422738,99.55629506378258,1.077076944578439,73.55555555555556,1.0925946360582992,73.8898756660746
12,Train,AWP,154,0.017234661240588155,99.50083194675541,1.0369872290123667,74.22222222222223,1.0372027882885975,74.95559502664298
12,Train,AWP,155,0.016906021060748844,99.50083194675541,1.0017844121158124,75.33333333333333,1.0297237623013147,74.77797513321492
12,Train,AWP,156,0.016327327268459556,99.50083194675541,1.040174575066194,75.33333333333333,1.0426673787525238,75.66607460035524
12,Train,AWP,157,0.01819817741654748,99.55629506378258,1.0572698580556446,75.77777777777777,1.0373288232098676,75.48845470692717
12,Train,AWP,158,0.017433087931733513,99.61175818080976,1.0378278427488274,74.66666666666667,1.046635940909174,75.66607460035524
12,Train,AWP,159,0.01669094183996908,99.55629506378258,1.0225159846908516,74.66666666666667,1.0188435553233959,76.02131438721136
12,Train,AWP,160,0.01624030806532685,99.55629506378258,1.0304068038115899,75.11111111111111,1.040093677082028,75.13321492007105
12,Train,AWP,161,0.01665102382264051,99.55629506378258,1.0453354398161172,74.44444444444444,1.001862999389269,76.55417406749557
12,Train,AWP,162,0.016026030558063405,99.50083194675541,1.030527152898204,74.44444444444444,1.017373547037372,75.48845470692717
12,Train,AWP,163,0.016429212138367195,99.61175818080976,0.9927140344534483,76.44444444444444,0.9963322784718569,76.19893428063943
12,Train,AWP,164,0.01716569749221794,99.50083194675541,1.0176111209765077,73.77777777777777,1.0083873905042984,76.19893428063943
12,Train,AWP,165,0.016125736349638094,99.61175818080976,1.0677865132896436,74.66666666666667,1.0158175050047744,75.8436944937833
12,Train,AWP,166,0.0167999873448392,99.50083194675541,1.076120974396666,73.55555555555556,1.0283932461408274,75.31083481349911
12,Train,AWP,167,0.016503302832828474,99.55629506378258,1.0116608379988208,75.55555555555556,1.0101294477286602,76.55417406749557
12,Train,AWP,168,0.016189002344107025,99.50083194675541,1.0268412142578098,75.11111111111111,0.9952914183347306,76.02131438721136
12,Train,AWP,169,0.015768415827647243,99.55629506378258,1.01632866224481,74.66666666666667,1.0126708098033816,75.8436944937833
12,Train,AWP,170,0.01612061878110756,99.55629506378258,1.011222163517442,74.66666666666667,1.0252323167573918,74.95559502664298
12,Train,AWP,171,0.015534010646341924,99.50083194675541,1.0294390172863173,74.66666666666667,1.0170121800624243,75.48845470692717
12,Train,AWP,172,0.015725611512990373,99.55629506378258,0.9852064449898899,75.55555555555556,1.022441732311757,74.60035523978685
12,Train,AWP,173,0.015236024084100663,99.55629506378258,1.0169555146992206,74.88888888888889,1.0111796292699675,74.95559502664298
12,Train,AWP,174,0.015596970414391538,99.55629506378258,1.041023243609816,76.22222222222223,1.0328872021731008,75.66607460035524
12,Train,AWP,175,0.015136622251910075,99.55629506378258,1.0163591215862997,74.66666666666667,1.002459536013764,76.19893428063943
12,Train,AWP,176,0.018135554157197475,99.50083194675541,1.0213862874648638,74.22222222222223,1.0257736423299326,74.95559502664298
12,Train,AWP,177,0.01547766437962357,99.55629506378258,0.9996687238932483,75.33333333333333,1.0090226371165492,76.3765541740675
12,Train,AWP,178,0.015147308813890018,99.61175818080976,1.0396458190513982,74.66666666666667,1.0418721376049793,74.95559502664298
12,Train,AWP,179,0.014617685373594756,99.61175818080976,1.0071584449408368,75.55555555555556,0.9749736516979617,76.02131438721136
12,Train,AWP,180,0.015554572518898599,99.66722129783693,1.0012427063907186,75.55555555555556,0.9798312998156776,76.02131438721136
12,Train,AWP,181,0.014572175721057871,99.72268441486412,1.0592759326483225,74.88888888888889,0.9811245865762551,76.19893428063943
12,Train,AWP,182,0.0148995443330996,99.61175818080976,1.0161998105245746,74.66666666666667,0.9899842512544053,74.42273534635879
12,Train,AWP,183,0.015281780350242594,99.66722129783693,1.0322917038202286,74.0,1.0007051466625072,74.06749555950266
12,Train,AWP,184,0.013817174282545844,99.55629506378258,1.0113699787467096,76.22222222222223,1.0064674781016727,75.31083481349911
12,Train,AWP,185,0.014866630139295012,99.50083194675541,0.9898694784297711,76.44444444444444,1.0326973917640971,74.42273534635879
12,Train,AWP,186,0.0146742758010269,99.55629506378258,1.0288084174030356,75.55555555555556,1.0041933625036616,75.48845470692717
12,Train,AWP,187,0.017167237600548554,99.38990571270105,1.0412756269839074,74.88888888888889,1.0258232583796365,74.95559502664298
12,Train,AWP,188,0.014826241702968744,99.50083194675541,0.9867782151616282,75.77777777777777,1.015922613719852,76.19893428063943
12,Train,AWP,189,0.014431677830176787,99.50083194675541,1.0021589663459196,76.44444444444444,0.9827406160784868,75.8436944937833
12,Train,AWP,190,0.017308231379853135,99.44536882972822,1.0142917397328548,74.88888888888889,0.9924089836608453,76.02131438721136
12,Train,AWP,191,0.014165346686352501,99.55629506378258,0.9942034299257729,75.11111111111111,1.017052441994208,75.31083481349911
12,Train_Extra,AWP,1,0.025607099094869273,99.22351636161952,1.071421993970871,74.44444444444444,1.0548032642893004,74.06749555950266
12,Train_Extra,AWP,2,0.021853055269865876,99.55629506378258,1.0477884471250904,75.55555555555556,1.0551308346895723,74.06749555950266
12,Train_Extra,AWP,3,0.02112001590144804,99.50083194675541,1.00060354779164,73.55555555555556,0.9988865217137718,74.77797513321492
12,Train_Extra,AWP,4,0.02263915764878651,99.33444259567388,1.0314253923214145,74.22222222222223,1.045239516515715,74.06749555950266
12,Train_Extra,AWP,5,0.022273656609876638,99.33444259567388,1.0055118008702992,74.88888888888889,1.021493643045849,74.95559502664298
12,Train_Extra,AWP,6,0.022797011323028096,99.38990571270105,1.0121222560273277,75.55555555555556,1.0367169223500823,74.95559502664298
12,Train_Extra,AWP,7,0.022494101639542925,99.38990571270105,1.034211206117438,76.0,1.045013950095507,75.13321492007105
12,Train_Extra,AWP,8,0.022162650758809035,99.22351636161952,1.0094419131883317,75.33333333333333,1.0147834692289308,75.13321492007105
12,Train_Extra,AWP,9,0.02149957674351243,99.44536882972822,1.0389902165780465,75.11111111111111,1.0405420956349076,75.48845470692717
12,Train_Extra,AWP,10,0.023704929553021333,99.44536882972822,1.0195173887825675,75.11111111111111,1.0419961324170046,74.95559502664298
12,Train_Extra,AWP,11,0.021098574455990865,99.16805324459234,1.0662229156163003,73.55555555555556,1.0196927239585727,75.13321492007105
12,Train_Extra,AWP,12,0.01968992873617824,99.55629506378258,1.0749286184708278,75.77777777777777,1.0585443564884192,73.17939609236234
12,Train_Extra,AWP,13,0.0212403578569361,99.33444259567388,1.0387506654610237,74.22222222222223,1.0781469431905932,73.8898756660746
12,Train_Extra,AWP,14,0.0226003761105076,99.2789794786467,1.0509581531211734,73.77777777777777,1.0233196471131292,75.13321492007105
12,Train_Extra,AWP,15,0.0200969732954706,99.33444259567388,1.0512520710089142,74.44444444444444,1.0158940905152587,74.95559502664298
12,Train_Extra,AWP,16,0.020987408666610065,99.44536882972822,1.0500576235105594,75.11111111111111,1.0058711898475092,75.8436944937833
12,Train_Extra,AWP,17,0.02143717706897868,99.44536882972822,1.0551766568256749,74.22222222222223,1.0629272456702712,73.71225577264654
12,Train_Extra,AWP,18,0.018302927941508722,99.44536882972822,1.0508720652759076,75.11111111111111,0.995135886207567,74.77797513321492
12,Train_Extra,AWP,19,0.02016012035432811,99.50083194675541,0.9852361282333731,76.0,1.0079380623189,75.31083481349911
12,Train_Extra,AWP,20,0.01911292409140355,99.50083194675541,0.9938499793803526,76.0,0.9800813646977156,75.8436944937833
12,Train_Extra,AWP,21,0.01900689981534685,99.50083194675541,1.0132773662192953,75.33333333333333,1.013811681876174,74.06749555950266
12,Train_Extra,AWP,22,0.01980073032124589,99.38990571270105,1.0105827707755897,75.77777777777777,1.0189592531265204,74.60035523978685
12,Train_Extra,AWP,23,0.01872128488397912,99.38990571270105,1.0502834514590602,74.22222222222223,1.0377595113395162,75.48845470692717
12,Train_Extra,AWP,24,0.01877927325110425,99.38990571270105,1.0209656087309122,75.33333333333333,1.019613235288996,74.60035523978685
12,Train_Extra,AWP,25,0.020552343114998126,99.50083194675541,0.9955224366030759,75.55555555555556,1.0115418421438702,74.24511545293073
12,Train_Extra,AWP,26,0.017873876470778333,99.61175818080976,0.9917919659718043,75.77777777777777,1.0184485512135508,74.42273534635879
12,Train_Extra,AWP,27,0.018754747416415626,99.44536882972822,0.9966326543047196,75.33333333333333,1.0096943751109853,74.77797513321492
12,Train_Extra,AWP,28,0.018256066834733804,99.33444259567388,1.0323517590906057,73.77777777777777,1.0232816644502576,74.60035523978685
12,Train_Extra,AWP,29,0.018055307754446148,99.33444259567388,1.0155133727689585,75.77777777777777,1.0385358244657092,73.8898756660746
12,Train_Extra,AWP,30,0.017710012275513196,99.44536882972822,1.0136616104448006,74.22222222222223,1.044331105310159,75.48845470692717
12,Train_Extra,AWP,31,0.018417429426080434,99.50083194675541,1.028653912409726,76.22222222222223,1.0366769836385128,75.13321492007105
12,Train_Extra,AWP,32,0.018463465381054242,99.44536882972822,1.0288465302954946,76.22222222222223,0.9992674908883619,75.48845470692717
12,Train_Extra,AWP,33,0.018919829175023262,99.50083194675541,0.9947657360343469,75.55555555555556,1.011452047693581,74.24511545293073
12,Train_Extra,AWP,34,0.017513438742689527,99.50083194675541,0.9973310080915689,75.33333333333333,0.9871891061535525,74.77797513321492
12,Train_Extra,AWP,35,0.01695522413335806,99.55629506378258,0.9832868027935425,75.77777777777777,0.9919856704149534,75.13321492007105
12,Train_Extra,AWP,36,0.01739389952190482,99.2789794786467,0.9837301212042157,74.66666666666667,1.0138007888361997,74.42273534635879
12,Train_Extra,AWP,37,0.017845090317311126,99.44536882972822,0.9897401612562438,74.88888888888889,1.0014345739069883,74.60035523978685
12,Train_Extra,AWP,38,0.016698448734946157,99.55629506378258,1.002500132723815,76.0,1.0116401339085446,75.48845470692717
12,Train_Extra,AWP,39,0.01748025609719518,99.50083194675541,1.0517393246458637,75.55555555555556,1.036194380498483,73.8898756660746
12,Train_Extra,AWP,40,0.017307644118677433,99.55629506378258,0.9862291507629884,77.11111111111111,1.0245833449846475,74.60035523978685
12,Train_Extra,AWP,41,0.017307119439927895,99.50083194675541,1.053074959392349,74.22222222222223,1.0392846121034232,74.06749555950266
12,Train_Extra,AWP,42,0.017741245421858735,99.55629506378258,1.045509801838133,75.11111111111111,1.0148776905151287,74.77797513321492
12,Train_Extra,AWP,43,0.01643937153602836,99.50083194675541,1.0344289876396457,75.77777777777777,1.005197614484316,76.02131438721136
12,Train_Extra,AWP,44,0.01638722544527825,99.55629506378258,1.0144129866527187,74.66666666666667,1.0176492652079987,75.66607460035524
12,Train_Extra,AWP,45,0.016273504874685353,99.61175818080976,1.0210242022077243,75.33333333333333,1.0383074825652752,74.24511545293073
12,Train_Extra,AWP,46,0.015608615168419323,99.66722129783693,1.0152037850932942,75.33333333333333,1.0233780018601493,73.53463587921847
12,Train_Extra,AWP,47,0.015926561005854684,99.55629506378258,1.0613345229294564,74.44444444444444,1.0225600273105222,73.8898756660746
12,Train_Extra,AWP,48,0.016107877217061622,99.61175818080976,1.0244827367406752,76.44444444444444,1.00671784619455,74.77797513321492
12,Train_Extra,AWP,49,0.016416894602834395,99.50083194675541,1.0190437775581247,76.22222222222223,1.0279156564607501,75.48845470692717
12,Train_Extra,AWP,50,0.02379476568628952,99.2789794786467,1.0256211727567845,74.22222222222223,1.0464855780821711,74.42273534635879
12,Train_Extra,AWP,51,0.016610422591360186,99.61175818080976,1.0166712256479595,74.44444444444444,1.0303505538411928,73.53463587921847
12,Train_Extra,AWP,52,0.016126874211374997,99.55629506378258,1.0107383857791623,74.0,1.0206181983964693,74.42273534635879
12,Train_Extra,AWP,53,0.016067564935758383,99.50083194675541,1.020760654558738,74.88888888888889,1.0329520620842387,74.42273534635879
12,Train_Extra,AWP,54,0.016440464365459456,99.55629506378258,1.0161899116138617,74.44444444444444,1.005732537798094,74.77797513321492
12,Train_Extra,AWP,55,0.015011626664393892,99.55629506378258,0.9887429772131145,74.88888888888889,1.0100566034418652,75.13321492007105
12,Train_Extra,AWP,56,0.01741849827547476,99.50083194675541,1.0230262092728581,75.11111111111111,1.035212085683223,74.60035523978685
12,Train_Extra,AWP,57,0.015141101792993905,99.50083194675541,1.0107673619811735,75.33333333333333,1.0398899574051106,73.8898756660746
12,Train_Extra,AWP,58,0.015135428437293229,99.61175818080976,1.00499598019032,75.55555555555556,1.006163189720303,74.77797513321492
12,Train_Extra,AWP,59,0.015168589324355452,99.55629506378258,0.9872318638116121,76.0,1.003351703100899,76.19893428063943
12,Train_Extra,AWP,60,0.014876786238522056,99.55629506378258,1.0160871324274274,75.33333333333333,1.007161686094362,76.3765541740675
12,Train_Extra,AWP,61,0.01543705145779409,99.50083194675541,1.018948832762738,74.88888888888889,1.0261836814202805,74.24511545293073
12,Train_Extra,AWP,62,0.015593390783147984,99.61175818080976,1.0501014196189742,76.22222222222223,1.0100982623244263,75.8436944937833
12,Train_Extra,AWP,63,0.015194318658598749,99.61175818080976,1.0336303219964935,74.22222222222223,1.0451693124076613,74.24511545293073
12,Train_Extra,AWP,64,0.016086302213615886,99.38990571270105,0.9818427767459718,76.22222222222223,1.0177712298625317,76.02131438721136
12,Train_Extra,AWP,65,0.014720222424601385,99.50083194675541,1.0448011067313039,73.77777777777777,1.0216403764475726,74.42273534635879
12,Train_Extra,AWP,66,0.014088324659193555,99.66722129783693,1.0378355009874536,74.66666666666667,1.0038479486113119,75.8436944937833
12,Train_Extra,AWP,67,0.013344079684956293,99.61175818080976,1.0028921777755022,74.88888888888889,0.9775500051928667,76.90941385435168
12,Train_Extra,AWP,68,0.014104620598485334,99.61175818080976,1.019546801371293,74.22222222222223,1.028488036370828,75.8436944937833
12,Train_Extra,AWP,69,0.013859248556719538,99.50083194675541,1.0352696026323571,75.11111111111111,1.025181645186714,76.02131438721136
12,Train_Extra,AWP,70,0.013959293204702829,99.61175818080976,1.003116156200154,75.33333333333333,1.0064341594228525,74.95559502664298
12,Train_Extra,AWP,71,0.013329206243884471,99.61175818080976,1.012909423513338,75.77777777777777,1.028127236645768,74.06749555950266
12,Train_Extra,AWP,72,0.01385357026460074,99.55629506378258,1.031935927345314,75.33333333333333,1.0384487531960116,74.95559502664298
12,Train_Extra,AWP,73,0.014499011023680827,99.55629506378258,1.0332329184851712,75.33333333333333,1.0623070088415332,75.66607460035524
12,Train_Extra,AWP,74,0.015150403441542662,99.55629506378258,1.0098749766333235,76.44444444444444,1.0187799386402219,76.02131438721136
12,Train_Extra,AWP,75,0.01331858649408739,99.55629506378258,1.03522907204926,75.33333333333333,1.0095101014758936,76.3765541740675
12,Train_Extra,AWP,76,0.01597607766866292,99.55629506378258,1.0210263737829195,75.33333333333333,1.0469970432098552,75.48845470692717
12,Train_Extra,AWP,77,0.013480379020492955,99.50083194675541,1.0482837267013059,75.33333333333333,1.0538053753956174,75.13321492007105
12,Train_Extra,AWP,78,0.013203960552345961,99.61175818080976,1.011015397430294,75.33333333333333,1.032235651626045,75.13321492007105
12,Train_Extra,AWP,79,0.01266228303562425,99.66722129783693,1.0271183802880761,75.55555555555556,1.0614943358233302,74.95559502664298
12,Train_Extra,AWP,80,0.01290854795839997,99.61175818080976,1.030886609810922,75.33333333333333,1.0539091090749466,74.95559502664298
12,Train_Extra,AWP,81,0.012028566306342551,99.61175818080976,1.0157062161506878,75.77777777777777,1.0611540250625746,75.31083481349911
12,Train_Extra,AWP,82,0.013281241926291076,99.50083194675541,1.02277839810484,75.33333333333333,1.0494279616891173,75.13321492007105
12,Train_Extra,AWP,83,0.011677745945155294,99.66722129783693,1.0033091869329414,76.22222222222223,1.0449145202314876,74.95559502664298
12,Train_Extra,AWP,84,0.012840049339278618,99.61175818080976,0.9867729213419888,76.66666666666667,1.0402311859503521,73.53463587921847
12,Train_Extra,AWP,85,0.012194827121372024,99.66722129783693,1.0149803507100377,75.33333333333333,1.042496000047687,74.24511545293073
12,Train_Extra,AWP,86,0.012488943802421553,99.55629506378258,0.9825124408449564,77.11111111111111,1.0184663957643254,74.42273534635879
12,Train_Extra,AWP,87,0.01317385129381396,99.55629506378258,1.0056422365125683,76.22222222222223,1.0386999786217725,75.8436944937833
12,Train_Extra,AWP,88,0.01245723684265262,99.66722129783693,1.0140708123219924,75.33333333333333,1.0385263908396394,74.06749555950266
12,Train_Extra,AWP,89,0.013902521266381404,99.55629506378258,0.9921618537252976,75.77777777777777,1.0553410667297471,74.95559502664298
12,Train_Extra,AWP,90,0.012551812670528562,99.61175818080976,0.9837657242123452,76.22222222222223,1.045031085319248,74.60035523978685
12,Train_Extra,AWP,91,0.012410680642923373,99.50083194675541,1.011555932528443,76.0,1.0454509355670394,74.24511545293073
12,Train_Extra,AWP,92,0.01256984319198844,99.55629506378258,0.9781755343555576,75.55555555555556,1.0019621290068008,76.02131438721136
12,Train_Extra,AWP,93,0.01230855814381421,99.66722129783693,1.0203053294939712,75.11111111111111,1.0330362802712152,74.77797513321492
12,Train_Extra,AWP,94,0.012500753889693633,99.55629506378258,1.008885740329408,75.33333333333333,1.0364208932879975,74.77797513321492
12,Train_Extra,AWP,95,0.01161746415942744,99.61175818080976,1.012019027310113,74.88888888888889,1.013242200678661,75.48845470692717
12,Train_Extra,AWP,96,0.012202675939382365,99.61175818080976,1.002802205029875,75.11111111111111,0.9971866690244386,75.31083481349911
12,Train_Extra,AWP,97,0.01210140596295037,99.55629506378258,1.0094943372594813,75.11111111111111,1.0257027123791709,75.8436944937833
12,Train_Extra,AWP,98,0.012119073879275993,99.55629506378258,1.0097170490605964,76.0,1.0495078864360152,74.77797513321492
12,Train_Extra,AWP,99,0.01208041890334387,99.55629506378258,1.0349391406898698,75.11111111111111,1.0435417930779194,75.48845470692717
12,Train_Extra,AWP,100,0.011790237233263293,99.66722129783693,1.002868061154667,76.0,1.0206580748566514,75.31083481349911
12,Train_Extra,AWP,101,0.014345798219693008,99.66722129783693,0.9838468808473813,76.88888888888889,1.0244007455730946,74.24511545293073
12,Train_Extra,AWP,102,0.012290772475432931,99.55629506378258,0.9619619188209375,76.22222222222223,0.9997231178978196,75.66607460035524
12,Train_Extra,AWP,103,0.011368959084185854,99.55629506378258,1.0023239673053226,75.33333333333333,1.0019677864721783,75.31083481349911
12,Train_Extra,AWP,104,0.011522479655564223,99.55629506378258,0.9885090488091939,76.0,1.0388772568101359,74.24511545293073
12,Train_Extra,AWP,105,0.011060762617393936,99.66722129783693,0.9465466916602518,76.66666666666667,1.0163252383311732,75.31083481349911
12,Train_Extra,AWP,106,0.013133750045917145,99.61175818080976,0.9944148613781565,75.11111111111111,1.0048165806233353,76.55417406749557
12,Train_Extra,AWP,107,0.011417978309429856,99.66722129783693,0.9877147658624583,75.55555555555556,1.0132919111641432,75.48845470692717
12,Train_Extra,AWP,108,0.011228901966221696,99.61175818080976,0.9932711398270395,75.55555555555556,1.0161301454472922,75.66607460035524
12,Train_Extra,AWP,109,0.011547401560707377,99.55629506378258,0.99430359208232,75.33333333333333,1.0143462286114058,76.02131438721136
12,Train_Extra,AWP,110,0.01119786014539402,99.66722129783693,0.9863568108653029,76.22222222222223,1.0318323577064392,75.48845470692717
12,Train_Extra,AWP,111,0.010842642585518198,99.55629506378258,0.9850702341294123,76.22222222222223,1.0362593909563433,75.48845470692717
12,Train_Extra,AWP,112,0.011233994900657419,99.55629506378258,0.9913713500255512,75.55555555555556,1.0357420131114194,74.95559502664298
12,Train_Extra,AWP,113,0.01144699133389319,99.55629506378258,1.003073284752253,75.11111111111111,1.0225993532482303,76.55417406749557
12,Train_Extra,AWP,114,0.011069166947875107,99.55629506378258,1.008667354039434,75.55555555555556,0.9996970614573883,75.31083481349911
12,Train_Extra,AWP,115,0.011184016874738103,99.61175818080976,1.0520310110681588,75.55555555555556,1.0289985612696484,76.90941385435168
12,Train_Extra,AWP,116,0.010732262984547242,99.61175818080976,1.0242888977088862,75.77777777777777,1.020665962785006,76.3765541740675
12,Train_Extra,AWP,117,0.011007173079793063,99.50083194675541,1.0260254383211334,77.11111111111111,1.0117856862278223,76.55417406749557
12,Train_Extra,AWP,118,0.010837924029482039,99.55629506378258,1.0066178605446798,76.0,1.015824193852833,76.02131438721136
12,Train_Extra,AWP,119,0.01084433727195127,99.66722129783693,1.0194711903565459,75.55555555555556,1.013790238602335,75.8436944937833
12,Train_Extra,AWP,120,0.010959003286093082,99.61175818080976,1.0092898150264389,76.22222222222223,1.001755134673991,77.08703374777976
12,Train_Extra,AWP,121,0.01102752559062649,99.61175818080976,1.0023005690384241,76.88888888888889,1.0100609864477155,76.55417406749557
12,Train_Extra,AWP,122,0.011084901581502013,99.61175818080976,1.0102194801345468,76.0,1.007467250417435,76.55417406749557
12,Train_Extra,AWP,123,0.010586412258960894,99.61175818080976,1.0198712338134646,75.77777777777777,1.0142365077884328,76.02131438721136
12,Train_Extra,AWP,124,0.010325236528348014,99.61175818080976,1.0122611926930647,75.33333333333333,1.0248584245492045,76.3765541740675
12,Train_Extra,AWP,125,0.010657549161247485,99.61175818080976,1.0024905058886442,77.33333333333333,0.9971465181499772,75.8436944937833
12,Train_Extra,AWP,126,0.011028346350302169,99.61175818080976,0.9906643995301178,76.66666666666667,1.0209095302314148,76.19893428063943
12,Train_Extra,AWP,127,0.011000676907746023,99.55629506378258,1.0371019540209736,75.77777777777777,1.0240057833876535,75.8436944937833
12,Train_Extra,AWP,128,0.010898055495457365,99.61175818080976,1.0115411128289997,76.22222222222223,1.0279832570209808,75.13321492007105
12,Train_Extra,AWP,129,0.010190700299286266,99.66722129783693,1.0632616625560654,75.55555555555556,1.0352125877173712,75.8436944937833
12,Train_Extra,AWP,130,0.01031019610941018,99.61175818080976,1.0607109658896094,75.77777777777777,1.0424563617943448,76.02131438721136
12,Train_Extra,AWP,131,0.010001066011139764,99.61175818080976,1.0318961334187124,76.0,1.039003362028891,76.3765541740675
12,Train_Extra,AWP,132,0.010092296745329932,99.66722129783693,1.0324714216796889,75.77777777777777,1.0246848045826806,76.19893428063943
12,Train_Extra,AWP,133,0.010401997378243035,99.66722129783693,1.0323442592575318,76.22222222222223,1.0342387397166468,75.66607460035524
12,Train_Extra,AWP,134,0.010027615268706557,99.66722129783693,1.0247819586532811,76.22222222222223,1.034428064818916,75.66607460035524
12,Train_Extra,AWP,135,0.010298239984733396,99.61175818080976,1.0362406127899886,76.66666666666667,1.0279417084546538,76.3765541740675
12,Train_Extra,AWP,136,0.010205447295958405,99.72268441486412,0.9952858385609256,76.22222222222223,1.0099460878550053,76.3765541740675
12,Train_Extra,AWP,137,0.010503557137940732,99.72268441486412,1.0161371483736568,76.44444444444444,1.0411603137400816,75.31083481349911
12,Train_Extra,AWP,138,0.010491894555008529,99.61175818080976,1.0214186677109036,75.77777777777777,1.0167897760762203,76.90941385435168
12,Train_Extra,AWP,139,0.011557643284424813,99.72268441486412,1.0022083050488597,76.44444444444444,1.0235314765154362,75.8436944937833
12,Train_Extra,AWP,140,0.010069481129839755,99.72268441486412,1.0296205169252224,75.77777777777777,1.0330514799849813,76.90941385435168
12,Train_Extra,AWP,141,0.010522359116166308,99.72268441486412,1.018752836725778,76.22222222222223,1.028132211039799,76.19893428063943
12,Train_Extra,AWP,142,0.01026176327835409,99.55629506378258,1.001407343695561,76.22222222222223,1.0129302236157243,75.48845470692717
12,Train_Extra,AWP,143,0.010084116676201424,99.72268441486412,1.0225121544177334,75.11111111111111,1.0334459862954664,75.48845470692717
12,Train_Extra,AWP,144,0.010174241370374435,99.66722129783693,1.0419888937162856,75.55555555555556,1.042768035646442,75.48845470692717
12,Train_Extra,AWP,145,0.010646109164921208,99.72268441486412,1.0071766523561543,76.44444444444444,1.0338436563103914,76.55417406749557
12,Train_Extra,AWP,146,0.00973874961818454,99.77814753189129,1.0315664237903224,76.0,1.030792344526965,75.48845470692717
12,Train_Extra,AWP,147,0.010283081897477243,99.72268441486412,0.9935734213040107,76.22222222222223,1.0288988826118184,75.31083481349911
12,Train_Extra,AWP,148,0.010452405314712802,99.77814753189129,1.029062240835693,76.22222222222223,1.042692987575836,76.3765541740675
12,Train_Extra,AWP,149,0.009900723664670071,99.72268441486412,1.0201356708258391,76.0,1.0381547494214127,75.66607460035524
12,Train_Extra,AWP,150,0.00978243469746718,99.72268441486412,1.0019185407852962,75.77777777777777,1.0223199493296404,74.95559502664298
12,Train_Extra,AWP,151,0.009498466989290983,99.72268441486412,1.010337075634549,76.22222222222223,1.0138160106767347,76.3765541740675
12,Train_Extra,AWP,152,0.010227408167689614,99.66722129783693,1.026146815399536,75.55555555555556,1.0323042236467026,74.95559502664298
12,Train_Extra,AWP,153,0.009435730735085121,99.72268441486412,1.003970933755239,76.44444444444444,1.0317368960507598,75.8436944937833
12,Train_Extra,AWP,154,0.009693267174154977,99.66722129783693,1.015972166524993,76.22222222222223,1.064639076458201,74.24511545293073
12,Train_Extra,AWP,155,0.009381164738953342,99.77814753189129,1.026039935114483,75.11111111111111,1.0431333123896516,75.31083481349911
12,Train_Extra,AWP,156,0.009673491400143687,99.72268441486412,1.0505347995708385,75.77777777777777,1.051478186784375,75.31083481349911
12,Train_Extra,AWP,157,0.009864248121933391,99.66722129783693,1.0027287101786997,75.77777777777777,1.036530026534099,75.48845470692717
12,Train_Extra,AWP,158,0.009660882424979814,99.77814753189129,1.006659733723435,75.77777777777777,1.027262363933543,74.95559502664298
12,Train_Extra,AWP,159,0.009539207580433995,99.77814753189129,1.001565998774022,75.55555555555556,1.0429080534150714,75.8436944937833
12,Train_Extra,AWP,160,0.010440108127352831,99.61175818080976,1.021474502303948,76.22222222222223,1.0237221586556036,76.3765541740675
12,Train_Extra,AWP,161,0.009659861379891242,99.66722129783693,1.013647500100649,75.77777777777777,1.0229798625248152,75.66607460035524
12,Train_Extra,AWP,162,0.009739872919836719,99.66722129783693,1.017588325995538,75.55555555555556,1.0299006552298158,74.77797513321492
12,Train_Extra,AWP,163,0.00978173304802591,99.72268441486412,1.0008208716226121,76.22222222222223,1.0309568652039522,75.48845470692717
12,Train_Extra,AWP,164,0.009667094417014405,99.77814753189129,0.9919162825288044,75.55555555555556,1.0269786418013631,75.66607460035524
12,Train_Extra,AWP,165,0.010077268379462654,99.72268441486412,1.022175324505402,76.0,1.0439143170260197,75.66607460035524
12,Train_Extra,AWP,166,0.010017765355051347,99.66722129783693,1.0260321558577319,76.0,1.0243532301901077,76.73179396092362
12,Train_Extra,AWP,167,0.009672232112120184,99.72268441486412,1.01646681305228,75.77777777777777,1.0270922812856536,76.90941385435168
12,Train_Extra,AWP,168,0.009418799237576886,99.72268441486412,0.9990855201002624,75.55555555555556,1.0206226176097593,75.48845470692717
12,Train_Extra,AWP,169,0.009462706201399365,99.72268441486412,1.069201014323367,75.55555555555556,1.0518408433582178,76.19893428063943
12,Train_Extra,AWP,170,0.009770438372741634,99.72268441486412,1.0160550327971578,76.22222222222223,1.0223129930547032,76.73179396092362
12,Train_Extra,AWP,171,0.009610176408099696,99.77814753189129,0.9947691155494087,76.22222222222223,1.0358917702578312,76.19893428063943
12,Train_Extra,AWP,172,0.009820568497831883,99.72268441486412,1.0124538105032923,76.66666666666667,1.040203250957848,75.48845470692717
12,Train_Extra,AWP,173,0.009363550415033834,99.77814753189129,1.0250455856913079,76.66666666666667,1.0391597701220063,76.02131438721136
12,Train_Extra,AWP,174,0.009799801542325631,99.66722129783693,1.010352796435149,76.44444444444444,1.0161888614217511,76.3765541740675
12,Train_Extra,AWP,175,0.009732525974405897,99.72268441486412,1.0072931100531584,76.66666666666667,1.03649264902247,76.19893428063943
12,Train_Extra,AWP,176,0.00958457788485184,99.72268441486412,1.0099364370169739,76.44444444444444,1.0356629426271835,74.24511545293073
12,Train_Extra,AWP,177,0.00967550046002623,99.66722129783693,1.0038890140565733,76.0,1.0349868133690598,75.13321492007105
12,Train_Extra,AWP,178,0.010484073745094958,99.77814753189129,1.0439264702383015,76.22222222222223,1.0324654750671522,76.02131438721136
12,Train_Extra,AWP,179,0.009598978399401204,99.77814753189129,1.002058808448621,76.0,1.0251790907624347,75.31083481349911
12,Train_Extra,AWP,180,0.01070043919996048,99.72268441486412,1.0526362708335122,74.66666666666667,1.0854039776600488,75.31083481349911
12,Train_Extra,AWP,181,0.010438787720774775,99.72268441486412,1.0096077799134784,76.0,1.0316605169862032,76.55417406749557
12,Train_Extra,AWP,182,0.01014814899903477,99.66722129783693,0.9875472959337963,76.0,1.019101965279181,75.31083481349911
12,Train_Extra,AWP,183,0.009439128601163822,99.66722129783693,1.0224550050186614,75.77777777777777,1.0486041745749926,75.66607460035524
12,Train_Extra,AWP,184,0.009841554189558354,99.72268441486412,1.0182759351655841,76.22222222222223,1.0445050695649685,75.13321492007105
12,Train_Extra,AWP,185,0.0094113403608565,99.66722129783693,1.0065993262930877,75.77777777777777,1.0149229970325586,75.66607460035524
12,Train_Extra,AWP,186,0.00892824727302548,99.72268441486412,1.0057090693815716,76.66666666666667,1.019589655987958,76.55417406749557
12,Train_Extra,AWP,187,0.009281289198521623,99.77814753189129,0.999955555430303,76.44444444444444,1.0364631939527196,75.66607460035524
12,Train_Extra,AWP,188,0.009125172954028178,99.77814753189129,1.0036459853686392,75.55555555555556,1.034550755527896,76.3765541740675
12,Train_Extra,AWP,189,0.009724900646241414,99.72268441486412,1.0305353813121716,75.55555555555556,1.0592917947108538,75.48845470692717
12,Train_Extra,AWP,190,0.009596873177909864,99.77814753189129,1.013365562479529,76.0,1.0349880505624502,76.19893428063943
12,Train_Extra,AWP,191,0.009251391256775446,99.72268441486412,1.060043896517406,75.55555555555556,1.0725169306749984,75.31083481349911
12,Train_Extra,AWP,192,0.009560631619758186,99.66722129783693,1.0217511177518301,75.11111111111111,1.0409563371173864,76.02131438721136
12,Train_Extra,AWP,193,0.009501195873191025,99.66722129783693,0.9828606870356533,76.44444444444444,1.022814259647688,76.73179396092362
12,Train_Extra,AWP,194,0.009331882746457205,99.72268441486412,1.012326626767301,76.22222222222223,1.0254756540430587,75.8436944937833
12,Train_Extra,AWP,195,0.009427450506400578,99.72268441486412,1.0221896682451996,75.77777777777777,1.0250677715186327,76.02131438721136
12,Train_Extra,AWP,196,0.0095396516548486,99.77814753189129,1.0096627864738306,76.0,1.0274593053024996,75.66607460035524
12,Train_Extra,AWP,197,0.009266356959542782,99.77814753189129,1.0139901378088527,77.33333333333333,1.0329000951977014,76.19893428063943
12,Train_Extra,AWP,198,0.009496529225623562,99.72268441486412,1.0336927687500914,76.0,1.0132769015923697,76.55417406749557
12,Train_Extra,AWP,199,0.009803619216351459,99.66722129783693,1.0347986641132998,76.22222222222223,1.0494683352075715,75.31083481349911
12,Train_Extra,AWP,200,0.009196291896698409,99.72268441486412,1.0019361858111289,75.11111111111111,1.0480481705911207,75.66607460035524
13,Train,AWP,1,2.9347197382073653,25.346644481419855,2.7023273277282716,32.44444444444444,2.700403434133445,33.214920071047956
13,Train,AWP,2,2.5346065822400545,36.38380476982807,2.441596818500095,39.55555555555556,2.4323765600553413,36.767317939609235
13,Train,AWP,3,2.2229976612224913,41.43094841930117,2.2060821999443903,46.888888888888886,2.173433933969501,46.35879218472469
13,Train,AWP,4,1.9794492763385438,45.31336661120355,1.9781428888108996,47.55555555555556,1.9825810886403383,41.91829484902309
13,Train,AWP,5,1.7764700902135748,54.29839156960621,1.7493210707770455,55.333333333333336,1.7683058725157175,52.39786856127886
13,Train,AWP,6,1.6075140530602974,58.901830282861894,1.6410754945543078,58.0,1.6516384023967898,56.83836589698046
13,Train,AWP,7,1.4346973415006672,63.33887964503605,1.5141357962290447,60.0,1.5279750413200148,60.39076376554174
13,Train,AWP,8,1.293437657649057,67.49861342207431,1.404093901316325,63.77777777777778,1.4181010090013169,63.765541740674955
13,Train,AWP,9,1.1596746402874327,71.60288408208541,1.3071822669770983,66.22222222222223,1.3055767087699253,67.31793960923623
13,Train,AWP,10,1.0515259985338177,73.37770382695507,1.2621009985605876,66.44444444444444,1.2867570999037097,65.0088809946714
13,Train,AWP,11,0.9649010750285366,76.48363838047699,1.2017740768856473,66.88888888888889,1.2390139403605758,65.89698046181172
13,Train,AWP,12,0.8845345451120745,77.42651136993899,1.1949262693193223,66.88888888888889,1.1847136941726848,67.85079928952042
13,Train,AWP,13,0.8100699024242267,80.80976150859678,1.1529634067747327,69.77777777777777,1.1626560300535673,69.27175843694494
13,Train,AWP,14,0.7500636044301485,82.19633943427621,1.104453789393107,68.44444444444444,1.0967433941724245,71.22557726465364
13,Train,AWP,15,0.6910095748148466,83.25013865779256,1.0649317338731554,69.55555555555556,1.083649259900962,69.80461811722913
13,Train,AWP,16,0.6470071427654802,84.636716583472,1.029369428422716,73.11111111111111,1.0428008857459412,73.17939609236234
13,Train,AWP,17,0.5980064523847479,86.7997781475319,1.0178859859042697,73.11111111111111,1.0227897666910826,70.87033747779752
13,Train,AWP,18,0.5530932446320852,87.18801996672212,1.0115054670969645,72.22222222222223,1.024004463192413,71.40319715808171
13,Train,AWP,19,0.4941066950559616,89.57293399889073,1.0034131966696844,72.44444444444444,1.0131073914878534,72.82415630550622
13,Train,AWP,20,0.46505850239803914,88.85191347753744,0.9720961703194513,71.77777777777777,0.9647157054599607,74.06749555950266
13,Train,AWP,21,0.4238184499636031,90.6267332224071,0.9826580015818278,72.0,0.9634729956225434,74.24511545293073
13,Train,AWP,22,0.3972423531507191,91.45867997781475,0.9604857783847385,72.88888888888889,0.9283790469804835,75.31083481349911
13,Train,AWP,23,0.364676933800965,92.45701608430394,0.9590165620379978,71.33333333333333,0.9269742834419806,74.60035523978685
13,Train,AWP,24,0.3243990769250351,93.17803660565724,0.962336360613505,73.11111111111111,0.9475946098195511,73.35701598579041
13,Train,AWP,25,0.30517918211326267,93.95452024403771,0.9492112122641669,72.88888888888889,0.9264175964926318,75.13321492007105
13,Train,AWP,26,0.2895860045886876,93.5108153078203,0.9210253424114652,73.11111111111111,0.9176899746298578,75.31083481349911
13,Train,AWP,27,0.2589892790767184,94.39822518025512,0.8893693076239692,74.0,0.879675635330207,76.19893428063943
13,Train,AWP,28,0.2277232987577455,95.39656128674432,0.8926544104682075,74.44444444444444,0.9062520117361634,75.13321492007105
13,Train,AWP,29,0.21362905531075962,96.00665557404326,0.8815273337894016,74.88888888888889,0.8757436977398332,75.8436944937833
13,Train,AWP,30,0.20259508111497812,95.8957293399889,0.889682395723131,73.55555555555556,0.8899393127189013,76.90941385435168
13,Train,AWP,31,0.1842379254991548,96.33943427620632,0.878121534983317,74.0,0.8997255066148341,76.02131438721136
13,Train,AWP,32,0.1716878220700381,96.83860232945092,0.8841147046618991,74.44444444444444,0.8624982197585368,77.44227353463587
13,Train,AWP,33,0.15835139652093252,96.67221297836939,0.8647715870539348,76.66666666666667,0.8662018878633557,76.55417406749557
13,Train,AWP,34,0.15226943836661808,97.39323349972268,0.8808658175998264,74.44444444444444,0.862694387537548,77.44227353463587
13,Train,AWP,35,0.13423014556368193,97.61508596783139,0.8877586184607612,76.22222222222223,0.8539726750041833,77.97513321492008
13,Train,AWP,36,0.12995702426945954,97.17138103161398,0.9239847575293647,73.33333333333333,0.8894792336765445,76.73179396092362
13,Train,AWP,37,0.1171587921286884,97.8369384359401,0.8779490031136407,74.66666666666667,0.8850448249076653,77.08703374777976
13,Train,AWP,38,0.10861926512760028,97.78147531891292,0.901081600189209,74.22222222222223,0.8841764935379977,76.3765541740675
13,Train,AWP,39,0.10462709833263305,98.0587909040488,0.8694530094994439,74.22222222222223,0.8553212362326695,75.8436944937833
13,Train,AWP,40,0.09450721051217172,98.22518025513034,0.8803891928990683,75.11111111111111,0.8488479056536199,77.97513321492008
13,Train,AWP,41,0.09132969209499527,97.89240155296727,0.8770355033874512,74.22222222222223,0.8624404430601144,77.08703374777976
13,Train,AWP,42,0.08602196746097322,98.61342207432058,0.8841644848717584,74.88888888888889,0.8698820754435728,77.97513321492008
13,Train,AWP,43,0.07880484562759336,98.16971713810317,0.8599178616205851,74.0,0.8551011424293314,76.19893428063943
13,Train,AWP,44,0.0766485377067798,98.5579589572934,0.8823096572028266,76.0,0.8821436397559266,76.90941385435168
13,Train,AWP,45,0.07256217341739357,98.66888519134775,0.8654900609122382,74.88888888888889,0.8468059485589632,77.26465364120781
13,Train,AWP,46,0.06645309755153823,98.89073765945646,0.8711587225066291,75.11111111111111,0.8625203434569798,76.55417406749557
13,Train,AWP,47,0.0640380870175074,98.7798114254021,0.8869902854495578,75.77777777777777,0.9039974515433845,76.55417406749557
13,Train,AWP,48,0.061279680906680595,99.057127010538,0.8945559819539388,75.77777777777777,0.8740968660817053,76.90941385435168
13,Train,AWP,49,0.05696977924947676,99.22351636161952,0.8629270813200209,76.44444444444444,0.863833161272757,76.55417406749557
13,Train,AWP,50,0.05283066177773371,99.16805324459234,0.8966977130042182,74.66666666666667,0.8636968477792892,77.26465364120781
13,Train,AWP,51,0.0504665049446518,99.16805324459234,0.8705477211210463,75.55555555555556,0.8446405597732504,77.797513321492
13,Train,AWP,52,0.046737000027573423,99.2789794786467,0.8620249928368462,75.77777777777777,0.8320534480189768,77.797513321492
13,Train,AWP,53,0.048103436745964644,99.11259012756517,0.890268398920695,74.22222222222223,0.875747431235034,76.02131438721136
13,Train,AWP,54,0.04536452868610228,99.057127010538,0.8531175353791979,74.44444444444444,0.8491031744552124,77.26465364120781
13,Train,AWP,55,0.04074550884890191,99.22351636161952,0.8436390018463135,75.55555555555556,0.8516332964490616,77.61989342806395
13,Train,AWP,56,0.04101290552582788,99.16805324459234,0.8320199553171793,76.22222222222223,0.83358538997745,78.50799289520427
13,Train,AWP,57,0.03742406853850473,99.55629506378258,0.834136315451728,76.22222222222223,0.8521553539467536,77.797513321492
13,Train,AWP,58,0.03759687098167967,99.38990571270105,0.862289703157213,77.11111111111111,0.8547011502682633,77.797513321492
13,Train,AWP,59,0.035761814605313955,99.2789794786467,0.8873640706804063,75.55555555555556,0.8723454357887458,79.04085257548846
13,Train,AWP,60,0.032468873533632675,99.55629506378258,0.8659647597206963,75.55555555555556,0.839121121390463,79.04085257548846
13,Train,AWP,61,0.031252673038755334,99.38990571270105,0.8671608617570665,74.66666666666667,0.8586263554981293,77.97513321492008
13,Train,AWP,62,0.03058304622556949,99.44536882972822,0.8611137273576525,76.22222222222223,0.8884099746258601,78.3303730017762
13,Train,AWP,63,0.03081547454195587,99.33444259567388,0.8483666949801975,77.33333333333333,0.8468708222331628,77.797513321492
13,Train,AWP,64,0.02993107835043287,99.50083194675541,0.8737466568417019,75.55555555555556,0.8598504558761421,77.61989342806395
13,Train,AWP,65,0.02767520008216563,99.33444259567388,0.8890838193893432,75.33333333333333,0.855272415476201,76.90941385435168
13,Train,AWP,66,0.028309416732538426,99.38990571270105,0.8548330741458469,76.66666666666667,0.8331451141813085,78.3303730017762
13,Train,AWP,67,0.02542722083448449,99.61175818080976,0.8705758349100748,75.33333333333333,0.8322942200816545,78.3303730017762
13,Train,AWP,68,0.027535200421289915,99.55629506378258,0.8466333696577284,76.0,0.8338824141089065,77.26465364120781
13,Train,AWP,69,0.025770064079807253,99.50083194675541,0.8887131113476223,75.55555555555556,0.8613212883578313,76.73179396092362
13,Train,AWP,70,0.02592917302982849,99.44536882972822,0.864296383327908,75.11111111111111,0.8365549053434369,77.797513321492
13,Train,AWP,71,0.02289787213840898,99.55629506378258,0.8363643328348795,77.33333333333333,0.8317458261181575,77.797513321492
13,Train,AWP,72,0.022797007109610398,99.50083194675541,0.8643973424699571,75.33333333333333,0.8623661711203269,77.97513321492008
13,Train,AWP,73,0.021759222764031666,99.61175818080976,0.8550128353966607,76.0,0.8284545560924875,78.3303730017762
13,Train,AWP,74,0.022876784270792677,99.44536882972822,0.9006266350216335,74.88888888888889,0.8850507852662732,76.55417406749557
13,Train,AWP,75,0.021468240771802108,99.50083194675541,0.8648872205946181,77.11111111111111,0.8691316955254725,77.44227353463587
13,Train,AWP,76,0.021333608866195407,99.38990571270105,0.8703379265467326,76.44444444444444,0.8496555945377791,77.08703374777976
13,Train,AWP,77,0.01937963143236151,99.50083194675541,0.8503529575135973,76.0,0.820186856479035,79.21847246891652
13,Train,AWP,78,0.019153821929521336,99.55629506378258,0.8603534788555569,75.55555555555556,0.8844826687292773,76.73179396092362
13,Train,AWP,79,0.018115442005198514,99.50083194675541,0.9089086786905924,75.55555555555556,0.8876576091214141,76.55417406749557
13,Train,AWP,80,0.02166050440517434,99.44536882972822,0.8496940602196588,77.33333333333333,0.8970451214173759,77.26465364120781
13,Train,AWP,81,0.01900657377075077,99.55629506378258,0.8474547968970405,76.88888888888889,0.8914428062167938,76.73179396092362
13,Train,AWP,82,0.018777871434985285,99.38990571270105,0.9007308355967204,76.0,0.8834017978891809,77.61989342806395
13,Train,AWP,83,0.017096905103116705,99.66722129783693,0.8896192794375949,74.44444444444444,0.870541265125173,77.797513321492
13,Train,AWP,84,0.017422963814041986,99.66722129783693,0.8348783715565999,75.77777777777777,0.8063459829369405,78.86323268206039
13,Train,AWP,85,0.018270955882607062,99.66722129783693,0.8827437252468533,75.77777777777777,0.8723822444624418,78.68561278863233
13,Train,AWP,86,0.017232293238569247,99.61175818080976,0.871348754035102,75.77777777777777,0.8501311763988718,78.15275310834814
13,Train,AWP,87,0.01763267885166498,99.50083194675541,0.8542676660749647,76.0,0.8450346951162836,77.797513321492
13,Train,AWP,88,0.0171411118118844,99.50083194675541,0.8429623508453369,76.0,0.8571837349640963,78.50799289520427
13,Train,AWP,89,0.02126763567426487,99.50083194675541,0.8364204094145034,76.66666666666667,0.8613481356449703,78.50799289520427
13,Train,AWP,90,0.015722909253989264,99.61175818080976,0.8656790537304349,75.55555555555556,0.8708882378430816,78.50799289520427
13,Train,AWP,91,0.015141123791404983,99.66722129783693,0.8366648774676853,76.44444444444444,0.8539156535802472,77.61989342806395
13,Train,AWP,92,0.015224444046779945,99.72268441486412,0.8593636014726427,76.44444444444444,0.8552699760264232,78.50799289520427
13,Train,AWP,93,0.01421966171709069,99.61175818080976,0.8493433878156874,77.77777777777777,0.8588586902745452,78.15275310834814
13,Train,AWP,94,0.01389960759204992,99.66722129783693,0.8407424047258165,77.11111111111111,0.8460076314729653,78.15275310834814
13,Train,AWP,95,0.013589260546212787,99.55629506378258,0.8799744627210829,76.44444444444444,0.8687049571828351,78.68561278863233
13,Train,AWP,96,0.01334335803658816,99.77814753189129,0.8894953208499484,76.22222222222223,0.8576821262417212,78.86323268206039
13,Train,AWP,97,0.013161341059266737,99.77814753189129,0.868792781829834,75.33333333333333,0.8695405995866968,78.86323268206039
13,Train,AWP,98,0.012338325207677196,99.66722129783693,0.830788926018609,77.55555555555556,0.8528143658731165,78.68561278863233
13,Train,AWP,99,0.012166204634571872,99.66722129783693,0.8503306685553657,76.88888888888889,0.8519265863442294,77.97513321492008
13,Train,AWP,100,0.01253314878640435,99.61175818080976,0.8799879932403565,75.77777777777777,0.8578539465291039,78.68561278863233
13,Train,AWP,101,0.012038088624218577,99.66722129783693,0.8421269639333089,76.88888888888889,0.8694966023599275,77.61989342806395
13,Train,AWP,102,0.011867069931325028,99.66722129783693,0.831188916100396,76.88888888888889,0.8651630954674675,79.57371225577265
13,Train,AWP,103,0.012185033674253836,99.66722129783693,0.8325768364800348,76.66666666666667,0.8329829341776629,79.39609236234459
13,Train,AWP,104,0.012097885221520667,99.66722129783693,0.8264823007583618,77.33333333333333,0.8356381252434495,78.86323268206039
13,Train,AWP,105,0.012826728785671947,99.72268441486412,0.878145596716139,75.55555555555556,0.8897408955262355,79.21847246891652
13,Train,AWP,106,0.012087738272129443,99.61175818080976,0.8837314838833279,75.11111111111111,0.8765434319977227,78.86323268206039
13,Train,AWP,107,0.011798714883952286,99.77814753189129,0.8840670892927381,75.77777777777777,0.8768775345588874,78.15275310834814
13,Train,AWP,108,0.012101007543765661,99.66722129783693,0.8755012056562635,76.66666666666667,0.8604787839030711,78.86323268206039
13,Train,AWP,109,0.0119548937185308,99.77814753189129,0.8736602539486356,76.44444444444444,0.8683428560014728,78.50799289520427
13,Train,AWP,110,0.01155839361487316,99.72268441486412,0.9121464104122585,75.11111111111111,0.870726924700593,79.04085257548846
13,Train,AWP,111,0.011091439510908043,99.77814753189129,0.869932788213094,76.44444444444444,0.8718850128815822,78.15275310834814
13,Train,AWP,112,0.011781141957423339,99.72268441486412,0.8884073670705159,77.33333333333333,0.8552336398492274,79.21847246891652
13,Train,AWP,113,0.01104179287039299,99.72268441486412,0.9063197559780545,76.0,0.8411609310239924,79.04085257548846
13,Train,AWP,114,0.01077791431453079,99.72268441486412,0.8890998204549153,76.22222222222223,0.8465895100131128,77.26465364120781
13,Train,AWP,115,0.010597297839060622,99.77814753189129,0.916713252597385,76.22222222222223,0.851030042497557,77.61989342806395
13,Train,AWP,116,0.011108772639234207,99.72268441486412,0.9100774129231771,74.88888888888889,0.8631413708148163,77.44227353463587
13,Train,AWP,117,0.010309201971578755,99.72268441486412,0.8594167243109809,76.44444444444444,0.865548859586936,77.44227353463587
13,Train,AWP,118,0.010723439495593897,99.61175818080976,0.8917266813913981,75.55555555555556,0.865140069018037,77.61989342806395
13,Train,AWP,119,0.010760195755497798,99.66722129783693,0.9184269301096598,76.22222222222223,0.8780006318490416,77.44227353463587
13,Train,AWP,120,0.011482082898606007,99.72268441486412,0.8889498498704699,76.66666666666667,0.8648124705622929,78.50799289520427
13,Train,AWP,121,0.009768714429810643,99.77814753189129,0.8919312572479248,75.11111111111111,0.8669783503717047,78.68561278863233
13,Train,AWP,122,0.010078971769472813,99.66722129783693,0.8719314336776733,77.11111111111111,0.868772272318337,77.61989342806395
13,Train,AWP,123,0.010239282833297917,99.66722129783693,0.8466169548034668,77.55555555555556,0.8673167806747328,78.15275310834814
13,Train,AWP,124,0.009108268611925539,99.66722129783693,0.8386333433787028,77.77777777777777,0.8729680234543172,78.50799289520427
13,Train,AWP,125,0.009573352555826045,99.77814753189129,0.8682957172393799,76.88888888888889,0.8592970298196241,78.68561278863233
13,Train,AWP,126,0.010190246315272688,99.66722129783693,0.8420105192396375,76.88888888888889,0.8686681471328329,78.15275310834814
13,Train,AWP,127,0.008717858490918093,99.77814753189129,0.8531357643339369,76.22222222222223,0.8610259273335946,77.797513321492
13,Train,AWP,128,0.010281280166134565,99.66722129783693,0.8768324195014106,76.44444444444444,0.8883986661531573,77.97513321492008
13,Train,AWP,129,0.009172400243155528,99.77814753189129,0.8258519977993435,77.11111111111111,0.8213478816974227,78.86323268206039
13,Train,AWP,130,0.008913740221607057,99.77814753189129,0.8692218176523845,76.22222222222223,0.8427598167270369,77.797513321492
13,Train,AWP,131,0.00909570460779625,99.77814753189129,0.8976919084125095,76.66666666666667,0.8851270345345695,77.61989342806395
13,Train,AWP,132,0.008944107119500506,99.77814753189129,0.8519416999816894,76.88888888888889,0.8402822047313195,79.21847246891652
13,Train,AWP,133,0.00985147709766272,99.66722129783693,0.8757396115197076,75.77777777777777,0.8924460624928584,78.3303730017762
13,Train,AWP,134,0.00916466055429753,99.83361064891847,0.8620717091030544,75.33333333333333,0.8454855814920226,79.57371225577265
13,Train,AWP,135,0.00898366525213708,99.77814753189129,0.8566345495647855,76.22222222222223,0.8337831371207433,79.21847246891652
13,Train,AWP,136,0.008298444652545936,99.72268441486412,0.8827197096082899,74.66666666666667,0.852514674036795,79.21847246891652
13,Train,AWP,137,0.008342426961590127,99.66722129783693,0.8858674526214599,75.55555555555556,0.8431790141822179,78.86323268206039
13,Train,AWP,138,0.00808385603758915,99.72268441486412,0.8861491229799059,76.22222222222223,0.8730444062243135,78.50799289520427
13,Train,AWP,139,0.008433265998559236,99.77814753189129,0.9103169038560656,76.88888888888889,0.8877609465304319,78.3303730017762
13,Train,AWP,140,0.008467934617217173,99.72268441486412,0.9109960820939805,75.55555555555556,0.8824287069627278,78.3303730017762
13,Train,AWP,141,0.007588045545976217,99.72268441486412,0.8646629693773058,75.77777777777777,0.8463598622098486,79.04085257548846
13,Train,AWP,142,0.007969685418637502,99.77814753189129,0.888849335776435,76.44444444444444,0.8878680393496796,78.15275310834814
13,Train,AWP,143,0.007418639621934281,99.72268441486412,0.8664591534932454,77.33333333333333,0.8743142599957875,79.39609236234459
13,Train,AWP,144,0.00741202398938568,99.72268441486412,0.858700975841946,76.66666666666667,0.8386243560597909,77.61989342806395
13,Train,AWP,145,0.007546790648790959,99.77814753189129,0.8768157778845893,77.11111111111111,0.8651025527112226,77.61989342806395
13,Train,AWP,146,0.007151393374027848,99.83361064891847,0.8418438879648844,77.55555555555556,0.8846570433350693,77.26465364120781
13,Train,AWP,147,0.006670054289299929,99.77814753189129,0.8567837545606825,76.44444444444444,0.8876384596206367,77.44227353463587
13,Train,AWP,148,0.007376774111068235,99.72268441486412,0.8562365500132243,75.77777777777777,0.8883070350751996,77.61989342806395
13,Train,AWP,149,0.007422266594387526,99.72268441486412,0.862373440000746,76.66666666666667,0.8983710809456942,78.68561278863233
13,Train,AWP,150,0.007492818193624548,99.77814753189129,0.8598539755079482,76.88888888888889,0.8889931616097106,78.50799289520427
13,Train,AWP,151,0.009138252388016042,99.77814753189129,0.8487763775719537,78.0,0.886220358404766,78.68561278863233
13,Train,AWP,152,0.006971345320874988,99.83361064891847,0.858785769674513,76.88888888888889,0.855932667666176,78.50799289520427
13,Train,AWP,153,0.006631203192866228,99.83361064891847,0.8446050389607748,77.33333333333333,0.840481963293167,79.04085257548846
13,Train,AWP,154,0.006917517494385768,99.72268441486412,0.8926603571573893,76.22222222222223,0.8674852562204771,79.39609236234459
13,Train,AWP,155,0.006234816166270001,99.77814753189129,0.850484471850925,76.22222222222223,0.8574899928396167,78.86323268206039
13,Train,AWP,156,0.00644592693475843,99.83361064891847,0.8551167180803088,76.88888888888889,0.8437984758329645,78.15275310834814
13,Train,AWP,157,0.006511716096531273,99.83361064891847,0.8794793913099501,76.66666666666667,0.8651165013626668,78.3303730017762
13,Train,AWP,158,0.006096646970897717,99.83361064891847,0.8634987216525608,76.44444444444444,0.8750474389450588,77.797513321492
13,Train,AWP,159,0.006343737588746049,99.83361064891847,0.8414945284525553,75.77777777777777,0.8781968134969843,78.86323268206039
13,Train,AWP,160,0.006143080408627723,99.88907376594564,0.8556288708580865,76.66666666666667,0.8494560686775465,78.3303730017762
13,Train,AWP,161,0.005866991471409341,99.88907376594564,0.8780096064673529,76.22222222222223,0.8658442082244169,78.50799289520427
13,Train,AWP,162,0.005651479345958745,99.83361064891847,0.8658313401540121,76.22222222222223,0.8719503032589467,78.86323268206039
13,Train,AWP,163,0.006253973532901064,99.88907376594564,0.8734945329030355,76.0,0.8803317138187415,79.21847246891652
13,Train,AWP,164,0.005974742443006682,99.88907376594564,0.8303647507561578,76.66666666666667,0.8506153940519262,78.15275310834814
13,Train,AWP,165,0.0056172362048783455,99.88907376594564,0.8873253377278646,76.44444444444444,0.8794253552150557,77.44227353463587
13,Train,AWP,166,0.006099644573527928,99.88907376594564,0.8520849884880913,76.66666666666667,0.8757531657735578,77.97513321492008
13,Train,AWP,167,0.0060770667664575995,99.77814753189129,0.8612775283389621,77.11111111111111,0.899009481204763,77.797513321492
13,Train,AWP,168,0.005707834948368959,99.88907376594564,0.8503516462114122,76.44444444444444,0.8553013564426565,78.86323268206039
13,Train,AWP,169,0.004892984104420369,99.83361064891847,0.8349046304490831,76.66666666666667,0.8396627095198759,79.21847246891652
13,Train,AWP,170,0.005863368328407472,99.88907376594564,0.8695648394690619,76.0,0.8859975568778138,78.3303730017762
13,Train,AWP,171,0.006142744471792851,99.88907376594564,0.8747805902693007,76.44444444444444,0.8855274041211415,77.61989342806395
13,Train,AWP,172,0.006073828415920664,99.83361064891847,0.8539002704620361,77.33333333333333,0.85678302066576,77.61989342806395
13,Train,AWP,173,0.005282264140540767,99.88907376594564,0.8447110652923584,76.66666666666667,0.8808435989315514,78.3303730017762
13,Train,AWP,174,0.005684282847173643,99.88907376594564,0.8613310204611884,76.0,0.8781925526647754,78.50799289520427
13,Train,AWP,175,0.005580786340910811,99.83361064891847,0.8637818548414442,75.77777777777777,0.8656508738363615,77.797513321492
13,Train,AWP,176,0.005461238043815747,99.88907376594564,0.8409858777787951,75.55555555555556,0.8537963211642278,78.86323268206039
13,Train,AWP,177,0.005309170195751153,99.88907376594564,0.8210518190595839,77.77777777777777,0.8523401640236483,77.97513321492008
13,Train,AWP,178,0.005453231219578077,99.88907376594564,0.8403623077604506,76.88888888888889,0.8623389232222183,77.44227353463587
13,Train,AWP,179,0.005382474989777333,99.88907376594564,0.8306604295306735,76.0,0.8457050060929456,78.15275310834814
13,Train,AWP,180,0.005437788123616197,99.88907376594564,0.8310858514573839,77.11111111111111,0.8403715087931279,79.39609236234459
13,Train,AWP,181,0.005563867961571209,99.88907376594564,0.8583651950624254,76.44444444444444,0.8553987565726624,78.50799289520427
13,Train,AWP,182,0.005392987194283163,99.88907376594564,0.8442571761873033,77.11111111111111,0.8823441114561172,79.39609236234459
13,Train,AWP,183,0.005421999303252322,99.88907376594564,0.8696702448527018,76.44444444444444,0.8930095169514577,77.26465364120781
13,Train,AWP,184,0.005139482903024672,99.88907376594564,0.9137233723534478,76.22222222222223,0.9058433402706844,77.61989342806395
13,Train,AWP,185,0.004910551335278637,99.88907376594564,0.850731012556288,76.0,0.8724097062173576,79.04085257548846
13,Train,AWP,186,0.0048142635690358775,99.88907376594564,0.8515639135572646,76.88888888888889,0.8737493092806259,77.797513321492
13,Train,AWP,187,0.004835362202005885,99.88907376594564,0.8657072210311889,76.88888888888889,0.8868574374098973,78.50799289520427
13,Train,AWP,188,0.005076356042225502,99.88907376594564,0.843343341615465,76.88888888888889,0.8795901306145568,78.86323268206039
13,Train,AWP,189,0.005018144925615113,99.88907376594564,0.8876415819591946,75.77777777777777,0.8952513228089517,78.15275310834814
13,Train,AWP,190,0.004586563502814164,99.88907376594564,0.8622250186072455,77.11111111111111,0.8746182300269498,78.86323268206039
13,Train,AWP,191,0.005054814462231374,99.88907376594564,0.8542075771755643,76.0,0.8547680723095449,79.39609236234459
13,Train,AWP,192,0.004736447247284416,99.88907376594564,0.8734895324707032,77.11111111111111,0.8941672964163826,78.50799289520427
13,Train,AWP,193,0.0048546772582962975,99.88907376594564,0.8673534117804633,77.11111111111111,0.8850025853297638,78.15275310834814
13,Train,AWP,194,0.0048954223983169514,99.88907376594564,0.8557913282182481,75.55555555555556,0.8687093863478774,79.04085257548846
13,Train,AWP,195,0.004912766683111458,99.88907376594564,0.834291680124071,76.66666666666667,0.8727250613708902,79.57371225577265
13,Train,AWP,196,0.004711053060498415,99.88907376594564,0.8711366144816081,76.44444444444444,0.8982073047444833,77.61989342806395
13,Train,AWP,197,0.00500060973398943,99.88907376594564,0.8791691324445936,76.44444444444444,0.8849705277708877,77.44227353463587
13,Train,AWP,198,0.004002497111765766,99.88907376594564,0.8467307270897759,77.55555555555556,0.8888487887848334,77.797513321492
13,Train,AWP,199,0.004950815735164245,99.83361064891847,0.8543217139773899,76.66666666666667,0.8704369775355392,77.97513321492008
13,Train,AWP,200,0.00548044730206592,99.88907376594564,0.8583537472618951,76.66666666666667,0.882825525573473,77.97513321492008
13,Train,AWP,201,0.0055651893500205975,99.88907376594564,0.8359735817379421,78.66666666666667,0.8903169936862763,77.797513321492
13,Train,AWP,202,0.004904062601557949,99.83361064891847,0.8643327967325847,76.0,0.8833039037711243,77.08703374777976
13,Train,AWP,203,0.005187288289195286,99.88907376594564,0.8367838191986084,77.77777777777777,0.8798434967257837,77.97513321492008
13,Train,AWP,204,0.005097772122417952,99.88907376594564,0.8267043055428399,78.22222222222223,0.8737579571417339,77.08703374777976
13,Train,AWP,205,0.005184833124778315,99.88907376594564,0.8631396357218425,77.11111111111111,0.89935206054159,78.15275310834814
13,Train,AWP,206,0.004752151050253592,99.88907376594564,0.8504432678222656,78.0,0.9062176318194048,78.50799289520427
13,Train,AWP,207,0.004350654121177892,99.88907376594564,0.824697159131368,76.66666666666667,0.8971280386773985,79.04085257548846
13,Train,AWP,208,0.005583728541080889,99.88907376594564,0.8460540750291612,76.44444444444444,0.8805018377558165,77.61989342806395
13,Train,AWP,209,0.0047907915197133106,99.88907376594564,0.8616797902848985,76.0,0.8811866902542792,77.797513321492
13,Train,AWP,210,0.004871515415224917,99.88907376594564,0.8408572048611112,76.0,0.8615901921189276,78.3303730017762
13,Train,AWP,211,0.004631883063427124,99.88907376594564,0.8481711885664198,77.77777777777777,0.8760854382709754,78.68561278863233
13,Train,AWP,212,0.004764940149534755,99.88907376594564,0.8771853298611111,75.77777777777777,0.8785598695172298,78.68561278863233
13,Train,AWP,213,0.004678504624743047,99.88907376594564,0.8745819240146213,76.88888888888889,0.8878805480672454,78.68561278863233
13,Train,AWP,214,0.004413113445288649,99.88907376594564,0.8709653006659613,76.44444444444444,0.8764332088229922,78.15275310834814
13,Train,AWP,215,0.004296743662276289,99.88907376594564,0.8864007017347548,76.0,0.8963822486345552,78.3303730017762
13,Train,AWP,216,0.004087302294608794,99.88907376594564,0.8854275110032823,76.0,0.9291729166918495,77.97513321492008
13,Train,AWP,217,0.004998977839325865,99.88907376594564,0.8722601159413655,77.11111111111111,0.8839522790739422,77.97513321492008
13,Train,AWP,218,0.0048858425242973395,99.88907376594564,0.8593705855475532,78.0,0.9220039078016264,78.3303730017762
13,Train,AWP,219,0.004939337364161028,99.88907376594564,0.8714396148257786,78.0,0.9149479874497408,78.50799289520427
13,Train,AWP,220,0.004693282146227399,99.88907376594564,0.8680345259772406,77.11111111111111,0.9020041549184606,78.86323268206039
13,Train,AWP,221,0.004806113393625996,99.88907376594564,0.8445949829949273,78.0,0.8977869808356249,78.15275310834814
13,Train,AWP,222,0.00481060954329574,99.88907376594564,0.8381930171118842,78.66666666666667,0.9034615799546454,76.55417406749557
13,Train,AWP,223,0.004662497571604163,99.88907376594564,0.8526769585079617,77.55555555555556,0.9120686706387129,77.797513321492
13,Train,AWP,224,0.004726074128452558,99.88907376594564,0.8471565193600125,78.0,0.9020471134575392,77.26465364120781
13,Train,AWP,225,0.004661434057389239,99.88907376594564,0.8362110752529568,77.33333333333333,0.9053208349441338,77.26465364120781
13,Train,AWP,226,0.004900117427735638,99.88907376594564,0.8646799076928032,77.33333333333333,0.8862537281127848,77.08703374777976
13,Train,AWP,227,0.004700967703492528,99.88907376594564,0.8801694922977024,77.11111111111111,0.897036666133264,77.44227353463587
13,Train,AWP,228,0.006776602840737293,99.88907376594564,0.8516248575846355,77.77777777777777,0.8678398134441613,78.68561278863233
13,Train,AWP,229,0.004670616629402758,99.88907376594564,0.8233245415157742,79.33333333333333,0.8859020111615874,77.08703374777976
13,Train,AWP,230,0.00469742727102385,99.88907376594564,0.8672445297241211,77.55555555555556,0.8933377998548545,77.61989342806395
13,Train,AWP,231,0.004614719646174069,99.88907376594564,0.8866945600509644,76.44444444444444,0.8869423156944939,78.50799289520427
13,Train,AWP,232,0.004733876541681718,99.88907376594564,0.866606190999349,77.55555555555556,0.8848973872606538,77.97513321492008
13,Train,AWP,233,0.004583095380088739,99.88907376594564,0.8805279615190295,77.77777777777777,0.8900564335167513,78.50799289520427
13,Train,AWP,234,0.0044793597705409,99.88907376594564,0.8440531306796604,77.11111111111111,0.8724145603434019,78.86323268206039
13,Train,AWP,235,0.004627154250588399,99.88907376594564,0.8953405422634548,76.0,0.8558415263414807,77.97513321492008
13,Train,AWP,236,0.004451188271080977,99.88907376594564,0.8714615641699897,77.77777777777777,0.8734309143960793,79.39609236234459
13,Train,AWP,237,0.0047446800091532635,99.88907376594564,0.8644152026706272,76.22222222222223,0.84373824676866,77.44227353463587
13,Train,AWP,238,0.004419389428987511,99.88907376594564,0.8714351389143202,78.0,0.8722323490501932,77.26465364120781
13,Train,AWP,239,0.005691920088506059,99.83361064891847,0.871615038977729,77.77777777777777,0.8880806252969095,77.44227353463587
13,Train,AWP,240,0.004542193379612607,99.88907376594564,0.8870557181040446,76.22222222222223,0.911605444089981,76.73179396092362
13,Train,AWP,241,0.004506543272567031,99.88907376594564,0.8745894347296821,78.0,0.8884186683285512,77.797513321492
13,Train,AWP,242,0.005030645080025128,99.88907376594564,0.9145920594533284,75.55555555555556,0.9156172317891096,78.15275310834814
13,Train,AWP,243,0.005367963574826717,99.88907376594564,0.8815392218695747,77.55555555555556,0.8943203067271367,78.68561278863233
13,Train,AWP,244,0.004578876264164583,99.88907376594564,0.8926760503980848,77.77777777777777,0.9064386496535415,78.15275310834814
13,Train,AWP,245,0.00447725618090644,99.88907376594564,0.8862273661295573,78.22222222222223,0.9026008488653396,77.26465364120781
13,Train,AWP,246,0.0046848047406232935,99.88907376594564,0.887091327243381,77.33333333333333,0.9065373860709832,77.08703374777976
13,Train,AWP,247,0.004608650994078632,99.88907376594564,0.8684785440233018,76.66666666666667,0.8748212298957323,77.797513321492
13,Train,AWP,248,0.004633556659284391,99.88907376594564,0.8847170077429878,77.55555555555556,0.8929610430241478,78.50799289520427
13,Train,AWP,249,0.004465803768477615,99.88907376594564,0.8762596215142144,75.77777777777777,0.8760587944654122,77.797513321492
13,Train,AWP,250,0.004698279471005918,99.88907376594564,0.908566763136122,76.88888888888889,0.9107272732956583,79.04085257548846
13,Train,AWP,251,0.008636601067050114,99.77814753189129,0.8876374657948812,77.77777777777777,0.8916613386537,78.3303730017762
13,Train,AWP,252,0.0053256330725720575,99.83361064891847,0.874365668826633,76.88888888888889,0.8995400368637979,77.61989342806395
13,Train,AWP,253,0.00489967174852561,99.88907376594564,0.8988833565182156,78.88888888888889,0.9039986211919022,77.61989342806395
13,Train,AWP,254,0.0048251533268117595,99.88907376594564,0.9094159973992242,76.88888888888889,0.905286761414306,78.68561278863233
13,Train,AWP,255,0.004975308492583663,99.88907376594564,0.8583069165547689,78.66666666666667,0.8716276229804193,78.50799289520427
13,Train,AWP,256,0.0049617437108648585,99.88907376594564,0.8970401488410102,76.66666666666667,0.9082045438658068,78.3303730017762
13,Train,AWP,257,0.004062507864243041,99.88907376594564,0.8607887691921658,78.0,0.8800148212253306,78.3303730017762
13,Train,AWP,258,0.0037478244120026367,99.88907376594564,0.8807112100389268,78.0,0.8848639597477752,78.3303730017762
13,Train,AWP,259,0.006454290494857879,99.88907376594564,0.9133114984300401,77.11111111111111,0.8741231117113022,78.3303730017762
13,Train,AWP,260,0.0038608477487669965,99.88907376594564,0.883990445666843,77.55555555555556,0.9164085009170044,77.44227353463587
13,Train,AWP,261,0.003914914216454092,99.88907376594564,0.8807442495557997,77.33333333333333,0.8933140445983643,78.3303730017762
13,Train,AWP,262,0.0034631463809330996,99.88907376594564,0.8403735913170709,78.88888888888889,0.8912254796358451,78.15275310834814
13,Train,AWP,263,0.0034374980993258455,99.88907376594564,0.8885099453396267,77.11111111111111,0.9175372754701713,77.44227353463587
13,Train,AWP,264,0.003717585802772654,99.88907376594564,0.8910739782121446,77.77777777777777,0.911807549148004,78.50799289520427
13,Train,AWP,265,0.00373857565073035,99.88907376594564,0.8609157880147298,76.66666666666667,0.8756529833876642,78.68561278863233
13,Train,AWP,266,0.003796210301133167,99.88907376594564,0.8713201067182753,77.33333333333333,0.9013214831242129,79.04085257548846
13,Train,AWP,267,0.0038208875921554863,99.88907376594564,0.879032448662652,76.88888888888889,0.8780490123992704,78.50799289520427
13,Train,AWP,268,0.003740419256868527,99.88907376594564,0.9060938284132216,76.0,0.9129834204753381,78.3303730017762
13,Train,AWP,269,0.0038856481336743422,99.88907376594564,0.8750018215179444,76.22222222222223,0.8955513963055654,78.50799289520427
13,Train,AWP,270,0.0038914872183292907,99.88907376594564,0.9024194473690457,75.77777777777777,0.8944974587188097,78.68561278863233
13,Train,AWP,271,0.003751073909817231,99.88907376594564,0.8562781959109836,75.55555555555556,0.8799017335339507,77.797513321492
13,Train,AWP,272,0.0036165886216494663,99.88907376594564,0.8589493772718642,77.11111111111111,0.89071217502201,77.26465364120781
13,Train,AWP,273,0.0035182887437067143,99.88907376594564,0.8710508833991156,75.55555555555556,0.8927309851875102,76.90941385435168
13,Train,AWP,274,0.0035950427792206603,99.88907376594564,0.8797626092698839,75.77777777777777,0.8986950757024978,77.61989342806395
13,Train,AWP,275,0.0037197745588951206,99.88907376594564,0.8758389155069987,76.44444444444444,0.8952113112590241,78.50799289520427
13,Train,AWP,276,0.003976140682904148,99.88907376594564,0.8560324488745795,76.0,0.9128673140151463,78.15275310834814
13,Train,AWP,277,0.0039037322102670083,99.88907376594564,0.8604251914554172,76.88888888888889,0.9087210326169355,77.61989342806395
13,Train_Extra,AWP,1,0.00531956324713272,99.88907376594564,0.8225427012973362,76.88888888888889,0.8632329353007288,77.61989342806395
13,Train_Extra,AWP,2,0.004907393758593683,99.88907376594564,0.8348458708657158,76.88888888888889,0.8657074666997255,78.86323268206039
13,Train_Extra,AWP,3,0.005711170425025844,99.88907376594564,0.8264060539669461,76.22222222222223,0.8680335787219222,77.97513321492008
13,Train_Extra,AWP,4,0.005299844281756107,99.83361064891847,0.8180078363418579,77.33333333333333,0.8597831994983274,78.3303730017762
13,Train_Extra,AWP,5,0.004191879451115567,99.88907376594564,0.8328535323672824,77.77777777777777,0.8730698925563751,79.21847246891652
13,Train_Extra,AWP,6,0.006092243566455548,99.88907376594564,0.8315070136388143,78.44444444444444,0.8756322005290544,77.797513321492
13,Train_Extra,AWP,7,0.005804374440279054,99.77814753189129,0.8503068870968289,77.55555555555556,0.8859555234282309,76.90941385435168
13,Train_Extra,AWP,8,0.005298626736794974,99.83361064891847,0.8333947568469577,78.22222222222223,0.8947125912559604,77.797513321492
13,Train_Extra,AWP,9,0.004906190957530941,99.88907376594564,0.8565579870012071,76.66666666666667,0.8855805521959945,78.3303730017762
13,Train_Extra,AWP,10,0.005170791097426493,99.83361064891847,0.8476723644468519,76.22222222222223,0.8973734770532611,77.44227353463587
13,Train_Extra,AWP,11,0.005124880968013027,99.83361064891847,0.893976075384352,76.44444444444444,0.8981807850182162,77.44227353463587
13,Train_Extra,AWP,12,0.004898979714581449,99.88907376594564,0.8773077064090304,76.22222222222223,0.9234440002729372,77.61989342806395
13,Train_Extra,AWP,13,0.0048046671722100625,99.88907376594564,0.8681785482830472,76.88888888888889,0.8785124108804055,77.26465364120781
13,Train_Extra,AWP,14,0.004618780454620719,99.88907376594564,0.8414783684412638,78.0,0.9002801514434137,78.68561278863233
13,Train_Extra,AWP,15,0.004366499906928654,99.88907376594564,0.8337638950347901,77.33333333333333,0.875301999054836,78.3303730017762
13,Train_Extra,AWP,16,0.0047334306924440486,99.88907376594564,0.8441391531626383,76.44444444444444,0.8653426293157981,78.3303730017762
13,Train_Extra,AWP,17,0.004704184558553,99.88907376594564,0.8671966544787089,76.88888888888889,0.9038304624083199,77.97513321492008
13,Train_Extra,AWP,18,0.004599852227042184,99.88907376594564,0.8269702524609036,77.33333333333333,0.8598403676576767,79.04085257548846
13,Train_Extra,AWP,19,0.004217884704478804,99.88907376594564,0.8132273398505316,78.22222222222223,0.8597938855630255,78.68561278863233
13,Train_Extra,AWP,20,0.004150114801361046,99.83361064891847,0.8758065372043186,76.66666666666667,0.9211007098321593,78.50799289520427
13,Train_Extra,AWP,21,0.004620163730067904,99.88907376594564,0.8468644968668619,77.55555555555556,0.89945633150968,78.68561278863233
13,Train_Extra,AWP,22,0.0048593800359716015,99.88907376594564,0.8447029813130696,77.11111111111111,0.9020286978455674,78.3303730017762
13,Train_Extra,AWP,23,0.004844658971322994,99.88907376594564,0.8514330429501004,78.0,0.8843582680127973,77.97513321492008
13,Train_Extra,AWP,24,0.005685456438202476,99.83361064891847,0.8767736630969577,77.11111111111111,0.8869686533248657,79.92895204262878
13,Train_Extra,AWP,25,0.005060720041990607,99.88907376594564,0.8591110992431641,78.0,0.8953883065635315,77.97513321492008
13,Train_Extra,AWP,26,0.005596805361851135,99.88907376594564,0.8822460630204942,78.44444444444444,0.852157656083522,78.86323268206039
13,Train_Extra,AWP,27,0.005347207322381763,99.88907376594564,0.8956977462768555,77.11111111111111,0.8830907010269843,78.86323268206039
13,Train_Extra,AWP,28,0.0050732147156898125,99.88907376594564,0.8796564547220865,77.77777777777777,0.8933896031726952,78.3303730017762
13,Train_Extra,AWP,29,0.004918707193594361,99.88907376594564,0.8879144117567275,77.55555555555556,0.869692458352653,79.39609236234459
13,Train_Extra,AWP,30,0.00496943856348496,99.88907376594564,0.8689715809292263,77.33333333333333,0.8721683506008575,79.04085257548846
13,Train_Extra,AWP,31,0.004670402493630128,99.83361064891847,0.8767139095730252,78.0,0.8690984357102091,78.15275310834814
13,Train_Extra,AWP,32,0.00494845366726319,99.88907376594564,0.867105475531684,78.66666666666667,0.84776549567973,78.86323268206039
13,Train_Extra,AWP,33,0.005110139868696008,99.83361064891847,0.8530447716183133,78.0,0.8320526589720542,78.68561278863233
13,Train_Extra,AWP,34,0.005194221139199247,99.83361064891847,0.857081782023112,77.77777777777777,0.8331506620715398,79.21847246891652
13,Train_Extra,AWP,35,0.004756252086321055,99.88907376594564,0.8488240793016222,78.22222222222223,0.8790004285148363,78.3303730017762
13,Train_Extra,AWP,36,0.004726901752547475,99.88907376594564,0.888557636472914,76.88888888888889,0.8874574687934049,78.86323268206039
13,Train_Extra,AWP,37,0.004694976084130375,99.88907376594564,0.880775719748603,76.44444444444444,0.8784318859581414,78.86323268206039
13,Train_Extra,AWP,38,0.004698322709086106,99.88907376594564,0.8559772809346516,76.66666666666667,0.881084805695244,78.3303730017762
13,Train_Extra,AWP,39,0.0046109872412655436,99.88907376594564,0.8812244118584527,77.11111111111111,0.8783011787949828,78.3303730017762
13,Train_Extra,AWP,40,0.004258378238821598,99.88907376594564,0.9027192232343886,77.55555555555556,0.9027677340363525,78.86323268206039
13,Train_Extra,AWP,41,0.004845701287737475,99.88907376594564,0.9102900653415256,77.11111111111111,0.9176971702762015,78.15275310834814
13,Train_Extra,AWP,42,0.004614514639813518,99.88907376594564,0.8990499994489882,77.77777777777777,0.9212511388277288,77.61989342806395
13,Train_Extra,AWP,43,0.004552642925103244,99.88907376594564,0.8907917065090604,77.11111111111111,0.8567711506601337,78.3303730017762
13,Train_Extra,AWP,44,0.004112347335505642,99.88907376594564,0.8715912628173829,78.44444444444444,0.8809805828978706,78.86323268206039
13,Train_Extra,AWP,45,0.004176229464192467,99.88907376594564,0.8800244670444065,77.77777777777777,0.8578110535233736,77.797513321492
13,Train_Extra,AWP,46,0.004617625480852695,99.88907376594564,0.8747115304734971,78.44444444444444,0.8590523720211076,78.68561278863233
13,Train_Extra,AWP,47,0.004848132585992285,99.88907376594564,0.9109948550330268,77.11111111111111,0.886174225044928,77.61989342806395
13,Train_Extra,AWP,48,0.00414349497377611,99.88907376594564,0.9032154888576931,76.66666666666667,0.9013036868500244,77.797513321492
13,Train_Extra,AWP,49,0.004537677385215239,99.88907376594564,0.8625623257954915,77.77777777777777,0.8885106408363126,78.68561278863233
13,Train_Extra,AWP,50,0.00417030698991495,99.88907376594564,0.8866052500406901,78.0,0.8855567806355695,77.797513321492
13,Train_Extra,AWP,51,0.004068866435422055,99.83361064891847,0.8331392966376411,77.55555555555556,0.8761973611838441,78.15275310834814
13,Train_Extra,AWP,52,0.004163654960728691,99.88907376594564,0.9011023086971707,77.55555555555556,0.8908404086453453,78.86323268206039
13,Train_Extra,AWP,53,0.004126093406516144,99.88907376594564,0.8944309785630968,76.88888888888889,0.9100798268936455,77.44227353463587
13,Train_Extra,AWP,54,0.0037239920133479722,99.88907376594564,0.89485212220086,77.33333333333333,0.8866795570346433,79.39609236234459
13,Train_Extra,AWP,55,0.003970967175279695,99.88907376594564,0.8908125962151422,76.88888888888889,0.8887136753244891,79.04085257548846
13,Train_Extra,AWP,56,0.004099244586796614,99.88907376594564,0.887998227013482,77.55555555555556,0.8932677575157125,79.04085257548846
13,Train_Extra,AWP,57,0.004527528197892631,99.88907376594564,0.9068013138241238,77.77777777777777,0.8943629701014734,77.97513321492008
13,Train_Extra,AWP,58,0.004467906104604991,99.88907376594564,0.9045204385121663,77.55555555555556,0.912747719995082,77.61989342806395
13,Train_Extra,AWP,59,0.003966207177941932,99.88907376594564,0.9285594209035237,76.66666666666667,0.9087364635501407,78.50799289520427
13,Train_Extra,AWP,60,0.003964410024580725,99.88907376594564,0.9011164357927111,77.11111111111111,0.9227576988416709,77.26465364120781
13,Train_Extra,AWP,61,0.004077377436037192,99.88907376594564,0.8988923094007704,77.77777777777777,0.9522795526850075,77.97513321492008
13,Train_Extra,AWP,62,0.0041234486949785305,99.88907376594564,0.8820640892452664,77.77777777777777,0.9048228037293808,77.44227353463587
13,Train_Extra,AWP,63,0.004182949207780327,99.88907376594564,0.881860514746772,77.77777777777777,0.9190704553631228,78.3303730017762
13,Train_Extra,AWP,64,0.004195738253959765,99.88907376594564,0.9094342136383057,76.88888888888889,0.918078728721578,78.3303730017762
13,Train_Extra,AWP,65,0.004036647674072077,99.88907376594564,0.8927659840053982,77.55555555555556,0.9117710512018966,78.15275310834814
13,Train_Extra,AWP,66,0.004241324251460467,99.88907376594564,0.8714373196495904,76.44444444444444,0.9204103635428854,77.797513321492
13,Train_Extra,AWP,67,0.003739486094625471,99.88907376594564,0.8856259663899739,77.33333333333333,0.9169547750513677,78.3303730017762
13,Train_Extra,AWP,68,0.004158832277824874,99.88907376594564,0.8679377577039931,78.22222222222223,0.9143282016259527,78.15275310834814
13,Train_Extra,AWP,69,0.0040192358775815945,99.88907376594564,0.8617578983306885,77.77777777777777,0.8827435021713826,78.15275310834814
13,Train_Extra,AWP,70,0.004056507011818324,99.88907376594564,0.8544287225935194,78.22222222222223,0.9068057050078208,77.97513321492008
13,Train_Extra,AWP,71,0.004246928188908976,99.88907376594564,0.8866340743170844,77.11111111111111,0.9060022212684049,76.90941385435168
13,Train_Extra,AWP,72,0.0038832353878349656,99.88907376594564,0.8825165727403429,77.11111111111111,0.9112910756421132,77.797513321492
13,Train_Extra,AWP,73,0.0040277686039508695,99.88907376594564,0.8998156378004286,76.22222222222223,0.9119122182920602,78.3303730017762
13,Train_Extra,AWP,74,0.0037922385381534696,99.88907376594564,0.8705466026730008,77.55555555555556,0.879118222961629,78.50799289520427
13,Train_Extra,AWP,75,0.005772412535040067,99.88907376594564,0.8942917283376058,76.66666666666667,0.9011644853368322,78.3303730017762
13,Train_Extra,AWP,76,0.004381002528437723,99.88907376594564,0.9076552761925591,76.88888888888889,0.9011077647946021,78.50799289520427
13,Train_Extra,AWP,77,0.0041543068879962034,99.88907376594564,0.9130465846591526,78.0,0.9197436837912877,77.797513321492
13,Train_Extra,AWP,78,0.003969337497102587,99.88907376594564,0.8708887725406222,77.11111111111111,0.8823895090214948,78.50799289520427
13,Train_Extra,AWP,79,0.003930425659442942,99.88907376594564,0.8807047028011746,76.22222222222223,0.935236687346843,77.97513321492008
13,Train_Extra,AWP,80,0.003933480216737575,99.88907376594564,0.8781272167629666,75.77777777777777,0.9158353987637887,77.08703374777976
13,Train_Extra,AWP,81,0.003970335503190495,99.88907376594564,0.922334410349528,76.22222222222223,0.9143182809992327,77.26465364120781
13,Train_Extra,AWP,82,0.003979777966793463,99.88907376594564,0.893410275777181,77.33333333333333,0.8987258962797229,78.3303730017762
13,Train_Extra,AWP,83,0.0038349433432398527,99.88907376594564,0.9305252239439222,76.22222222222223,0.9156361615043762,77.08703374777976
13,Train_Extra,AWP,84,0.003921536846176247,99.88907376594564,0.8900643825531006,76.44444444444444,0.9152959477202719,77.797513321492
13,Train_Extra,AWP,85,0.003914282209926138,99.88907376594564,0.9136246638827854,76.22222222222223,0.921682576726639,77.97513321492008
13,Train_Extra,AWP,86,0.003756306566637042,99.88907376594564,0.9122324922349718,76.22222222222223,0.9203866601625513,77.44227353463587
13,Train_Extra,AWP,87,0.0037178449289824223,99.88907376594564,0.8590819464789496,77.77777777777777,0.8783592288489875,78.50799289520427
13,Train_Extra,AWP,88,0.003835022963150486,99.88907376594564,0.8927836407555474,76.44444444444444,0.8949360239781029,78.15275310834814
13,Train_Extra,AWP,89,0.00380099093410791,99.88907376594564,0.8943018118540446,76.66666666666667,0.8963101528465853,78.15275310834814
13,Train_Extra,AWP,90,0.0039021887585700475,99.88907376594564,0.917337457868788,77.33333333333333,0.9136276291699859,77.44227353463587
13,Train_Extra,AWP,91,0.003986762315770121,99.88907376594564,0.8983879884084066,77.55555555555556,0.9249954344324278,77.61989342806395
13,Train_Extra,AWP,92,0.0036245431544733022,99.88907376594564,0.8953217506408692,77.11111111111111,0.8973055298756113,78.50799289520427
13,Train_Extra,AWP,93,0.003449620465082198,99.88907376594564,0.9144319057464599,76.88888888888889,0.8962097640147642,78.68561278863233
13,Train_Extra,AWP,94,0.003217532662490971,99.88907376594564,0.9011250834994846,77.77777777777777,0.8969000273021881,79.21847246891652
13,Train_Extra,AWP,95,0.0034737076207979074,99.88907376594564,0.8936436335245769,76.88888888888889,0.885395419534104,78.15275310834814
13,Train_Extra,AWP,96,0.003262661385713472,99.88907376594564,0.9186744213104248,78.22222222222223,0.9006240124389079,78.50799289520427
13,Train_Extra,AWP,97,0.003783309766859339,99.88907376594564,0.9001237625545926,76.88888888888889,0.8832647696693244,77.797513321492
13,Train_Extra,AWP,98,0.0035876144222065547,99.88907376594564,0.8908062966664633,78.0,0.9057763025138137,78.3303730017762
13,Train_Extra,AWP,99,0.00357908194858107,99.88907376594564,0.907922994825575,77.33333333333333,0.9185593583444084,78.3303730017762
13,Train_Extra,AWP,100,0.0036062542395053528,99.88907376594564,0.9029206890530056,77.11111111111111,0.9007750965562215,77.61989342806395
13,Train_Extra,AWP,101,0.0035404906140460647,99.88907376594564,0.9022638151380751,76.22222222222223,0.9082687540545556,77.797513321492
13,Train_Extra,AWP,102,0.0035537619438847493,99.88907376594564,0.905924858517117,76.22222222222223,0.905078253779911,77.97513321492008
13,Train_Extra,AWP,103,0.003495792052586024,99.88907376594564,0.8956552208794488,76.88888888888889,0.9076655245589532,78.15275310834814
13,Train_Extra,AWP,104,0.0032000553716594973,99.88907376594564,0.8945944616529676,77.33333333333333,0.8951756181344258,77.97513321492008
13,Train_Extra,AWP,105,0.00342698612050235,99.88907376594564,0.897992189195421,76.22222222222223,0.901809451211621,77.08703374777976
13,Train_Extra,AWP,106,0.0036087846807245035,99.88907376594564,0.8970235135820177,77.55555555555556,0.9013564650161229,78.15275310834814
13,Train_Extra,AWP,107,0.003512288896640632,99.88907376594564,0.8930676640404596,77.33333333333333,0.8914926763537934,78.86323268206039
13,Train_Extra,AWP,108,0.0035273786307426923,99.88907376594564,0.8865752029418945,77.33333333333333,0.9058592999172042,78.50799289520427
13,Train_Extra,AWP,109,0.003521569555711099,99.88907376594564,0.9004763645595975,76.66666666666667,0.8959354102929151,77.61989342806395
13,Train_Extra,AWP,110,0.003343974824243209,99.88907376594564,0.8571375921037462,77.77777777777777,0.8822321705453985,79.21847246891652
13,Train_Extra,AWP,111,0.003057763926080314,99.88907376594564,0.9045227241516113,76.44444444444444,0.8843360368566022,79.04085257548846
13,Train_Extra,AWP,112,0.0033053774161983214,99.88907376594564,0.8878474299112956,77.55555555555556,0.8930508584366387,78.3303730017762
13,Train_Extra,AWP,113,0.0033189808217637044,99.88907376594564,0.9183428107367622,76.44444444444444,0.8977495440369601,77.97513321492008
13,Train_Extra,AWP,114,0.003301351416443491,99.88907376594564,0.8652551417880588,77.33333333333333,0.8833128813104986,78.3303730017762
13,Train_Extra,AWP,115,0.003199964806155645,99.88907376594564,0.8758905336591932,76.88888888888889,0.8866599891367857,79.04085257548846
13,Train_Extra,AWP,116,0.0032364120232063883,99.88907376594564,0.8946056217617459,76.88888888888889,0.8938036310101064,79.21847246891652
13,Train_Extra,AWP,117,0.003199253671418614,99.88907376594564,0.8720895110236274,77.77777777777777,0.8766038223015902,78.68561278863233
13,Train_Extra,AWP,118,0.003369545674854236,99.88907376594564,0.8976080894470215,77.55555555555556,0.9035807483784895,78.3303730017762
13,Train_Extra,AWP,119,0.0030689957370908048,99.88907376594564,0.8656639862060547,78.0,0.8652856769189107,77.44227353463587
13,Train_Extra,AWP,120,0.003290001905968478,99.88907376594564,0.9027759382459852,76.44444444444444,0.8914661115270313,78.15275310834814
13,Train_Extra,AWP,121,0.0031979410621141525,99.88907376594564,0.8843213420444065,77.11111111111111,0.8886573517936585,79.39609236234459
13,Train_Extra,AWP,122,0.0033742261574636295,99.88907376594564,0.8818630017174615,77.55555555555556,0.882721739806248,78.15275310834814
13,Train_Extra,AWP,123,0.0033870666638106564,99.88907376594564,0.9015297232733832,76.44444444444444,0.8835924620314982,79.04085257548846
13,Train_Extra,AWP,124,0.003331935404403658,99.88907376594564,0.8787864112854004,76.88888888888889,0.904011429308998,78.86323268206039
13,Train_Extra,AWP,125,0.003279676846751388,99.88907376594564,0.878800237443712,77.33333333333333,0.8990369997058414,79.04085257548846
13,Train_Extra,AWP,126,0.0032251433105812523,99.88907376594564,0.8699599923027886,77.33333333333333,0.8766913721023614,78.68561278863233
13,Train_Extra,AWP,127,0.00311043292994758,99.88907376594564,0.8779030153486463,77.11111111111111,0.8875904534256903,78.3303730017762
13,Train_Extra,AWP,128,0.00300691273367735,99.88907376594564,0.8895276631249321,77.33333333333333,0.8896049290736657,79.04085257548846
13,Train_Extra,AWP,129,0.00309351522305964,99.88907376594564,0.8559048122829861,78.0,0.8874434643486253,79.21847246891652
13,Train_Extra,AWP,130,0.0029899073369482436,99.88907376594564,0.8888613637288412,76.88888888888889,0.8874162350835851,78.68561278863233
13,Train_Extra,AWP,131,0.0030775534677351907,99.88907376594564,0.8628029653761122,78.0,0.8628778586802643,78.50799289520427
13,Train_Extra,AWP,132,0.003100259505261324,99.88907376594564,0.8682289547390408,77.77777777777777,0.8579787676541886,79.57371225577265
13,Train_Extra,AWP,133,0.00294792793258175,99.88907376594564,0.8660424984825982,77.11111111111111,0.8817563442311532,79.04085257548846
13,Train_Extra,AWP,134,0.002906546950454644,99.88907376594564,0.8640160910288492,77.77777777777777,0.8652091553537291,79.21847246891652
13,Train_Extra,AWP,135,0.0030684796557149015,99.88907376594564,0.8677757687038845,78.0,0.8757107876122103,78.15275310834814
13,Train_Extra,AWP,136,0.0028632194913817536,99.88907376594564,0.8560947132110596,78.22222222222223,0.879793259009163,79.7513321492007
13,Train_Extra,AWP,137,0.002928136263794282,99.88907376594564,0.8777998224894206,77.55555555555556,0.8797181857415669,79.57371225577265
13,Train_Extra,AWP,138,0.00277153971878681,99.88907376594564,0.8564631493886312,78.0,0.8811359805705069,78.68561278863233
13,Train_Extra,AWP,139,0.0028910614680825618,99.88907376594564,0.8690412447187635,78.88888888888889,0.8699667436826716,79.21847246891652
13,Train_Extra,AWP,140,0.0029876606458218015,99.88907376594564,0.8609830432467991,77.77777777777777,0.8670104047544896,78.15275310834814
13,Train_Extra,AWP,141,0.002868648046594963,99.88907376594564,0.8699425760904947,77.55555555555556,0.87115102974602,78.68561278863233
13,Train_Extra,AWP,142,0.0028491624439004482,99.88907376594564,0.861573862499661,78.44444444444444,0.8659507809057964,78.86323268206039
13,Train_Extra,AWP,143,0.0029399013856483067,99.88907376594564,0.8583672131432427,78.44444444444444,0.8565694832674775,79.21847246891652
13,Train_Extra,AWP,144,0.002846805079586869,99.88907376594564,0.8781488111284044,76.66666666666667,0.8704687941349633,78.86323268206039
13,Train_Extra,AWP,145,0.002902302442204305,99.88907376594564,0.8637772676679824,78.0,0.8727819889942664,77.97513321492008
13,Train_Extra,AWP,146,0.0028678732015306884,99.88907376594564,0.8521348158518474,78.44444444444444,0.8672630729726111,78.86323268206039
13,Train_Extra,AWP,147,0.0026396472173489697,99.88907376594564,0.8589370409647624,77.55555555555556,0.8692424329093675,79.04085257548846
13,Train_Extra,AWP,148,0.0029099437779861325,99.88907376594564,0.8649286111195882,77.55555555555556,0.8809198086045775,78.86323268206039
13,Train_Extra,AWP,149,0.00283601317705848,99.88907376594564,0.8638582833607992,78.44444444444444,0.8659910177464595,78.50799289520427
13,Train_Extra,AWP,150,0.0029423135289873338,99.88907376594564,0.8712386894226074,78.0,0.8641465584719371,78.15275310834814
13,Train_Extra,AWP,151,0.002813266760775852,99.88907376594564,0.8546730624304877,78.66666666666667,0.8869229436555933,79.39609236234459
13,Train_Extra,AWP,152,0.0028597691914336266,99.88907376594564,0.8682301298777262,77.11111111111111,0.8789039689313032,79.21847246891652
13,Train_Extra,AWP,153,0.0027532633077434936,99.88907376594564,0.8704231484731039,78.44444444444444,0.8673498713102052,78.86323268206039
13,Train_Extra,AWP,154,0.0027461334620806667,99.88907376594564,0.8307546435462104,78.88888888888889,0.8479303136388532,78.3303730017762
13,Train_Extra,AWP,155,0.0029594428385934677,99.88907376594564,0.8614191934797499,78.44444444444444,0.8744642520670781,78.50799289520427
13,Train_Extra,AWP,156,0.0029366896911565085,99.88907376594564,0.8712490325503879,77.55555555555556,0.8798955314748029,79.21847246891652
13,Train_Extra,AWP,157,0.0029213542625177325,99.88907376594564,0.8710578388637966,78.0,0.8873676552865687,77.97513321492008
13,Train_Extra,AWP,158,0.002967640094810345,99.88907376594564,0.8502363586425781,78.22222222222223,0.8637636647978219,78.15275310834814
13,Train_Extra,AWP,159,0.003040579695503734,99.88907376594564,0.8630037890540229,77.33333333333333,0.8961502332670439,78.86323268206039
13,Train_Extra,AWP,160,0.002986960984631687,99.88907376594564,0.8751558282640245,77.55555555555556,0.8648441943139844,79.21847246891652
13,Train_Extra,AWP,161,0.0028315489742038935,99.88907376594564,0.8688797018263075,78.22222222222223,0.8722010736567088,78.86323268206039
13,Train_Extra,AWP,162,0.0029725091528809188,99.88907376594564,0.879101259443495,78.44444444444444,0.8961039612178904,79.21847246891652
13,Train_Extra,AWP,163,0.0030311925184561693,99.88907376594564,0.8708598041534423,78.22222222222223,0.8756582249968344,79.57371225577265
13,Train_Extra,AWP,164,0.0029525202336484206,99.88907376594564,0.8747159915500217,77.11111111111111,0.8784158494502147,78.86323268206039
13,Train_Extra,AWP,165,0.0027740980547509694,99.88907376594564,0.8763546805911594,77.33333333333333,0.9067057216569755,78.86323268206039
13,Train_Extra,AWP,166,0.002858790047691416,99.88907376594564,0.8667894511752658,78.44444444444444,0.8966493845832919,78.15275310834814
13,Train_Extra,AWP,167,0.0029619287923100942,99.88907376594564,0.8720385562049018,78.66666666666667,0.8791983377446502,79.04085257548846
13,Train_Extra,AWP,168,0.002827333675987463,99.88907376594564,0.8772158633338081,76.66666666666667,0.8834462491911216,77.797513321492
13,Train_Extra,AWP,169,0.00308918438467867,99.88907376594564,0.8755205811394585,78.0,0.8931918760387766,79.04085257548846
13,Train_Extra,AWP,170,0.002924822878476494,99.88907376594564,0.8854607868194581,77.77777777777777,0.8851215221106901,78.86323268206039
13,Train_Extra,AWP,171,0.002981350964993206,99.88907376594564,0.8737758286794026,78.22222222222223,0.8923502294462485,78.50799289520427
13,Train_Extra,AWP,172,0.002775672266643756,99.88907376594564,0.8552789560953776,77.55555555555556,0.8592220578693369,79.21847246891652
13,Train_Extra,AWP,173,0.0028776188039939784,99.88907376594564,0.8683550018734402,77.77777777777777,0.8843960751436956,79.21847246891652
13,Train_Extra,AWP,174,0.0028894265491735973,99.88907376594564,0.868885481092665,77.11111111111111,0.8630194255344398,78.86323268206039
13,Train_Extra,AWP,175,0.002817436654974396,99.88907376594564,0.8593989276885986,78.0,0.8734597234488805,79.04085257548846
13,Train_Extra,AWP,176,0.002948108772040557,99.88907376594564,0.8478492959340413,77.77777777777777,0.8679629598163584,79.39609236234459
13,Train_Extra,AWP,177,0.002894767947605272,99.88907376594564,0.8665948126051161,78.66666666666667,0.8803836071258329,79.39609236234459
13,Train_Extra,AWP,178,0.0029312132902672154,99.88907376594564,0.8457713731129964,77.11111111111111,0.8679567357363116,78.15275310834814
13,Train_Extra,AWP,179,0.0030005957008127056,99.88907376594564,0.8588936095767551,77.77777777777777,0.8617704530804026,78.3303730017762
13,Train_Extra,AWP,180,0.00448356643002562,99.88907376594564,0.8517972776624891,79.11111111111111,0.8823302564993633,78.86323268206039
13,Train_Extra,AWP,181,0.0029183808078973045,99.88907376594564,0.874878511428833,77.77777777777777,0.88109233599573,78.3303730017762
13,Train_Extra,AWP,182,0.002764430245805303,99.88907376594564,0.8423223251766628,78.0,0.8770105970054071,78.15275310834814
13,Train_Extra,AWP,183,0.0030605664564574368,99.88907376594564,0.8671852366129558,78.44444444444444,0.8734682165284775,78.3303730017762
13,Train_Extra,AWP,184,0.0029806666573501403,99.88907376594564,0.8879436556498209,77.55555555555556,0.9063201086135783,78.3303730017762
13,Train_Extra,AWP,185,0.00280127058922836,99.88907376594564,0.8632152578565809,76.88888888888889,0.8691026294210241,78.68561278863233
13,Train_Extra,AWP,186,0.0030286256647709627,99.88907376594564,0.8776495022243923,78.66666666666667,0.8724717926597934,78.86323268206039
13,Train_Extra,AWP,187,0.0027495274966656182,99.88907376594564,0.8665933926900228,78.0,0.8770319856504776,78.86323268206039
13,Train_Extra,AWP,188,0.0028694239950518272,99.88907376594564,0.8615264828999837,78.22222222222223,0.8804812448274603,78.50799289520427
13,Train_Extra,AWP,189,0.002877866440828432,99.88907376594564,0.858044089211358,77.33333333333333,0.868760472927805,78.86323268206039
13,Train_Extra,AWP,190,0.002844171272794994,99.88907376594564,0.8687702306111653,78.0,0.8788749079086006,77.797513321492
13,Train_Extra,AWP,191,0.0026920463112713932,99.88907376594564,0.8619240676032173,78.66666666666667,0.8698411415567618,78.68561278863233
13,Train_Extra,AWP,192,0.003186875617278642,99.88907376594564,0.8780977482265896,77.77777777777777,0.8847786052612386,78.86323268206039
13,Train_Extra,AWP,193,0.002881270873650353,99.88907376594564,0.8617991140153674,78.44444444444444,0.8844996036475335,78.68561278863233
13,Train_Extra,AWP,194,0.0029155028883874287,99.88907376594564,0.8808569431304931,77.55555555555556,0.8852114306885226,79.39609236234459
13,Train_Extra,AWP,195,0.0028040829398505913,99.88907376594564,0.8980901135338677,78.0,0.9137871644424926,78.86323268206039
13,Train_Extra,AWP,196,0.002776342369575184,99.88907376594564,0.8613621679941813,77.33333333333333,0.8793821639743622,78.15275310834814
13,Train_Extra,AWP,197,0.002930102641122383,99.88907376594564,0.8776280689239502,78.0,0.8743295347711756,79.57371225577265
13,Train_Extra,AWP,198,0.0029012173865595016,99.88907376594564,0.8659394900004069,77.55555555555556,0.868604675067678,78.50799289520427
13,Train_Extra,AWP,199,0.0028622157339684732,99.88907376594564,0.8534410466088189,77.33333333333333,0.868884213864274,78.68561278863233
13,Train_Extra,AWP,200,0.00265419869755166,99.88907376594564,0.8585660955641005,78.0,0.8959114138652334,78.86323268206039
